test (windows-latest, 3.12)	Run regression tests including historical migration	﻿2026-09-26T13:09:31.4495523Z ##[group]Run python -u -B -X utf8 -m unittest discover -s tests -v
test (windows-latest, 3.12)	Run regression tests including historical migration	2026-09-26T13:09:31.4496420Z ^[[36;1mpython -u -B -X utf8 -m unittest discover -s tests -v^[[0m
test (windows-latest, 3.12)	Run regression tests including historical migration	2026-09-26T13:09:31.4662170Z shell: C:\Program Files\PowerShell\7\pwsh.EXE -command ". '{0}'"
test (windows-latest, 3.12)	Run regression tests including historical migration	2026-09-26T13:09:31.4662778Z env:
test (windows-latest, 3.12)	Run regression tests including historical migration	2026-09-26T13:09:31.4663218Z   pythonLocation: C:\hostedtoolcache\windows\Python\3.12.10\x64
test (windows-latest, 3.12)	Run regression tests including historical migration	2026-09-26T13:09:31.4664028Z   PKG_CONFIG_PATH: C:\hostedtoolcache\windows\Python\3.12.10\x64/lib/pkgconfig
test (windows-latest, 3.12)	Run regression tests including historical migration	2026-09-26T13:09:31.4664853Z   Python_ROOT_DIR: C:\hostedtoolcache\windows\Python\3.12.10\x64
test (windows-latest, 3.12)	Run regression tests including historical migration	2026-09-26T13:09:31.4665549Z   Python2_ROOT_DIR: C:\hostedtoolcache\windows\Python\3.12.10\x64
test (windows-latest, 3.12)	Run regression tests including historical migration	2026-09-26T13:09:31.4666255Z   Python3_ROOT_DIR: C:\hostedtoolcache\windows\Python\3.12.10\x64
test (windows-latest, 3.12)	Run regression tests including historical migration	2026-09-26T13:09:31.4666791Z ##[endgroup]
test (windows-latest, 3.12)	Run regression tests including historical migration	2026-09-26T13:09:37.9663842Z test_backfilled_chapter_remains_editable_through_reviewed_history (test_adopt_backfill.AdoptBackfillTests.test_backfilled_chapter_remains_editable_through_reviewed_history) ... ok
test (windows-latest, 3.12)	Run regression tests including historical migration	2026-09-26T13:09:38.7633784Z test_cli_backfill_after_continuation_preserves_state_and_completes_assembly (test_adopt_backfill.AdoptBackfillTests.test_cli_backfill_after_continuation_preserves_state_and_completes_assembly) ... ok
test (windows-latest, 3.12)	Run regression tests including historical migration	2026-09-26T13:09:38.9967874Z test_database_failure_rolls_back_backfill_before_any_publication (test_adopt_backfill.AdoptBackfillTests.test_database_failure_rolls_back_backfill_before_any_publication) ... ok
test (windows-latest, 3.12)	Run regression tests including historical migration	2026-09-26T13:09:39.2181966Z test_existing_external_export_change_is_preserved_on_retry (test_adopt_backfill.AdoptBackfillTests.test_existing_external_export_change_is_preserved_on_retry) ... ok
test (windows-latest, 3.12)	Run regression tests including historical migration	2026-09-26T13:09:39.6372021Z test_export_failure_is_durable_and_recovers_after_reopening (test_adopt_backfill.AdoptBackfillTests.test_export_failure_is_durable_and_recovers_after_reopening) ... ok
test (windows-latest, 3.12)	Run regression tests including historical migration	2026-09-26T13:09:39.8106153Z test_fresh_and_native_books_cannot_backfill (test_adopt_backfill.AdoptBackfillTests.test_fresh_and_native_books_cannot_backfill) ... ok
test (windows-latest, 3.12)	Run regression tests including historical migration	2026-09-26T13:09:40.2677883Z test_history_state_replays_multiple_backfills_and_later_continuation (test_adopt_backfill.AdoptBackfillTests.test_history_state_replays_multiple_backfills_and_later_continuation) ... ok
test (windows-latest, 3.12)	Run regression tests including historical migration	2026-09-26T13:09:40.4352111Z test_long_adopted_book_cannot_backfill (test_adopt_backfill.AdoptBackfillTests.test_long_adopted_book_cannot_backfill) ... ok
test (windows-latest, 3.12)	Run regression tests including historical migration	2026-09-26T13:09:40.7294791Z test_only_missing_chapters_before_imported_boundary_are_accepted (test_adopt_backfill.AdoptBackfillTests.test_only_missing_chapters_before_imported_boundary_are_accepted) ... ok
test (windows-latest, 3.12)	Run regression tests including historical migration	2026-09-26T13:09:40.9475685Z test_retry_rejects_changed_input_without_overwriting_registered_chapter (test_adopt_backfill.AdoptBackfillTests.test_retry_rejects_changed_input_without_overwriting_registered_chapter) ... ok
test (windows-latest, 3.12)	Run regression tests including historical migration	2026-09-26T13:09:41.2748992Z test_same_input_retry_after_another_revision_restores_export_once (test_adopt_backfill.AdoptBackfillTests.test_same_input_retry_after_another_revision_restores_export_once) ... ok
test (windows-latest, 3.12)	Run regression tests including historical migration	2026-09-26T13:09:41.4396348Z test_stale_revision_cannot_add_a_chapter (test_adopt_backfill.AdoptBackfillTests.test_stale_revision_cannot_add_a_chapter) ... ok
test (windows-latest, 3.12)	Run regression tests including historical migration	2026-09-26T13:09:41.5845721Z test_unresolved_baseline_export_blocks_new_backfill_without_data_loss (test_adopt_backfill.AdoptBackfillTests.test_unresolved_baseline_export_blocks_new_backfill_without_data_loss) ... ok
test (windows-latest, 3.12)	Run regression tests including historical migration	2026-09-26T13:09:42.4298981Z test_cli_report_uses_captured_fingerprint_and_rejects_stale_input (test_analysis_baselines.AnalysisBaselineTests.test_cli_report_uses_captured_fingerprint_and_rejects_stale_input) ... ok
test (windows-latest, 3.12)	Run regression tests including historical migration	2026-09-26T13:09:42.6417324Z test_failed_export_resumes_without_regenerating_or_refinalizing_report (test_analysis_baselines.AnalysisBaselineTests.test_failed_export_resumes_without_regenerating_or_refinalizing_report) ... ok
test (windows-latest, 3.12)	Run regression tests including historical migration	2026-09-26T13:09:42.7911828Z test_findings_keeps_page_and_fingerprint_in_one_concurrent_read_snapshot (test_analysis_baselines.AnalysisBaselineTests.test_findings_keeps_page_and_fingerprint_in_one_concurrent_read_snapshot) ... ok
test (windows-latest, 3.12)	Run regression tests including historical migration	2026-09-26T13:09:42.9069782Z test_findings_preserves_the_callers_transaction_and_rollback (test_analysis_baselines.AnalysisBaselineTests.test_findings_preserves_the_callers_transaction_and_rollback) ... ok
test (windows-latest, 3.12)	Run regression tests including historical migration	2026-09-26T13:09:43.0241084Z test_missing_record_baseline_is_rejected_but_exact_retry_keeps_working (test_analysis_baselines.AnalysisBaselineTests.test_missing_record_baseline_is_rejected_but_exact_retry_keeps_working) ... ok
test (windows-latest, 3.12)	Run regression tests including historical migration	2026-09-26T13:09:43.1437544Z test_new_report_requires_the_baseline_used_for_aggregation (test_analysis_baselines.AnalysisBaselineTests.test_new_report_requires_the_baseline_used_for_aggregation) ... ok
test (windows-latest, 3.12)	Run regression tests including historical migration	2026-09-26T13:09:43.2604850Z test_pending_snapshot_cannot_finalize_after_new_records_complete (test_analysis_baselines.AnalysisBaselineTests.test_pending_snapshot_cannot_finalize_after_new_records_complete) ... ok
test (windows-latest, 3.12)	Run regression tests including historical migration	2026-09-26T13:09:43.3769165Z test_record_fingerprint_cannot_be_borrowed_from_another_chunk (test_analysis_baselines.AnalysisBaselineTests.test_record_fingerprint_cannot_be_borrowed_from_another_chunk) ... ok
test (windows-latest, 3.12)	Run regression tests including historical migration	2026-09-26T13:09:43.7128179Z test_retry_uses_old_baseline_only_while_same_content_is_still_current (test_analysis_baselines.AnalysisBaselineTests.test_retry_uses_old_baseline_only_while_same_content_is_still_current) ... ok
test (windows-latest, 3.12)	Run regression tests including historical migration	2026-09-26T13:09:43.8453994Z test_snapshot_covers_pending_completion_and_records_outside_requested_page (test_analysis_baselines.AnalysisBaselineTests.test_snapshot_covers_pending_completion_and_records_outside_requested_page) ... ok
test (windows-latest, 3.12)	Run regression tests including historical migration	2026-09-26T13:09:44.0055314Z test_stale_record_cannot_overwrite_another_connections_correction (test_analysis_baselines.AnalysisBaselineTests.test_stale_record_cannot_overwrite_another_connections_correction) ... ok
test (windows-latest, 3.12)	Run regression tests including historical migration	2026-09-26T13:09:44.2492179Z test_stale_report_is_not_finalized_and_records_remain_editable (test_analysis_baselines.AnalysisBaselineTests.test_stale_report_is_not_finalized_and_records_remain_editable) ... ok
test (windows-latest, 3.12)	Run regression tests including historical migration	2026-09-26T13:09:44.3897436Z test_unrelated_source_does_not_invalidate_the_analysis_snapshot (test_analysis_baselines.AnalysisBaselineTests.test_unrelated_source_does_not_invalidate_the_analysis_snapshot) ... ok
test (windows-latest, 3.12)	Run regression tests including historical migration	2026-09-26T13:09:44.6138882Z test_cli_rebuild_of_acknowledged_report_still_reports_postpublication_failure (test_analysis_export_ack.AnalysisExportAcknowledgementTests.test_cli_rebuild_of_acknowledged_report_still_reports_postpublication_failure) ... ok
test (windows-latest, 3.12)	Run regression tests including historical migration	2026-09-26T13:09:44.7993714Z test_failed_report_export_does_not_finalize_audit_after_publication_error (test_analysis_export_ack.AnalysisExportAcknowledgementTests.test_failed_report_export_does_not_finalize_audit_after_publication_error) ... ok
test (windows-latest, 3.12)	Run regression tests including historical migration	2026-09-26T13:09:44.8961788Z test_existing_source_keeps_saved_chunk_identity_after_splitter_change (test_analysis_headings.AnalysisHeadingTests.test_existing_source_keeps_saved_chunk_identity_after_splitter_change) ... ok
test (windows-latest, 3.12)	Run regression tests including historical migration	2026-09-26T13:09:44.8963761Z test_heading_indent_does_not_consume_leading_blank_lines (test_analysis_headings.AnalysisHeadingTests.test_heading_indent_does_not_consume_leading_blank_lines) ... ok
test (windows-latest, 3.12)	Run regression tests including historical migration	2026-09-26T13:09:44.8968495Z test_indented_chapter_titles_preserve_boundaries_and_source_bytes (test_analysis_headings.AnalysisHeadingTests.test_indented_chapter_titles_preserve_boundaries_and_source_bytes) ... ok
test (windows-latest, 3.12)	Run regression tests including historical migration	2026-09-26T13:09:44.8971193Z test_mixed_volume_chapter_and_bonus_headings_keep_exact_ranges (test_analysis_headings.AnalysisHeadingTests.test_mixed_volume_chapter_and_bonus_headings_keep_exact_ranges) ... ok
test (windows-latest, 3.12)	Run regression tests including historical migration	2026-09-26T13:09:44.8972598Z test_prose_mentions_do_not_create_heading_boundaries (test_analysis_headings.AnalysisHeadingTests.test_prose_mentions_do_not_create_heading_boundaries) ... ok
test (windows-latest, 3.12)	Run regression tests including historical migration	2026-09-26T13:09:45.7746594Z test_cli_record_uses_actual_chunk_number_across_finding_pages (test_analysis_identity.AnalysisIdentityTests.test_cli_record_uses_actual_chunk_number_across_finding_pages) ... ok
test (windows-latest, 3.12)	Run regression tests including historical migration	2026-09-26T13:09:45.9489409Z test_completed_source_resumes_with_paginated_unicode_ranges_without_original_file (test_analysis_identity.AnalysisIdentityTests.test_completed_source_resumes_with_paginated_unicode_ranges_without_original_file) ... ok
test (windows-latest, 3.12)	Run regression tests including historical migration	2026-09-26T13:09:46.0422134Z test_conflicting_chunk_rejects_both_new_records_and_replacements_without_changes (test_analysis_identity.AnalysisIdentityTests.test_conflicting_chunk_rejects_both_new_records_and_replacements_without_changes) ... ok
test (windows-latest, 3.12)	Run regression tests including historical migration	2026-09-26T13:09:46.1601611Z test_copied_findings_can_be_revised_and_retried_idempotently (test_analysis_identity.AnalysisIdentityTests.test_copied_findings_can_be_revised_and_retried_idempotently) ... ok
test (windows-latest, 3.12)	Run regression tests including historical migration	2026-09-26T13:09:46.2534934Z test_correctly_read_legacy_record_can_be_retried_without_a_new_revision (test_analysis_identity.AnalysisIdentityTests.test_correctly_read_legacy_record_can_be_retried_without_a_new_revision) ... ok
test (windows-latest, 3.12)	Run regression tests including historical migration	2026-09-26T13:09:46.3216026Z test_embedded_chunk_requires_a_positive_integer_without_mutating_state (test_analysis_identity.AnalysisIdentityTests.test_embedded_chunk_requires_a_positive_integer_without_mutating_state) ... ok
test (windows-latest, 3.12)	Run regression tests including historical migration	2026-09-26T13:09:46.4579365Z test_findings_ranges_respect_byte_budget_and_resume_without_skipping (test_analysis_identity.AnalysisIdentityTests.test_findings_ranges_respect_byte_budget_and_resume_without_skipping) ... ok
test (windows-latest, 3.12)	Run regression tests including historical migration	2026-09-26T13:09:46.5460502Z test_legacy_ranges_cannot_override_saved_source_or_create_a_new_revision (test_analysis_identity.AnalysisIdentityTests.test_legacy_ranges_cannot_override_saved_source_or_create_a_new_revision) ... ok
test (windows-latest, 3.12)	Run regression tests including historical migration	2026-09-26T13:09:46.6292282Z test_legacy_wrong_chunk_is_displayed_with_database_identity_without_rewriting (test_analysis_identity.AnalysisIdentityTests.test_legacy_wrong_chunk_is_displayed_with_database_identity_without_rewriting) ... ok
test (windows-latest, 3.12)	Run regression tests including historical migration	2026-09-26T13:09:46.7135022Z test_readonly_ranges_are_not_saved_as_analysis_content (test_analysis_identity.AnalysisIdentityTests.test_readonly_ranges_are_not_saved_as_analysis_content) ... ok
test (windows-latest, 3.12)	Run regression tests including historical migration	2026-09-26T13:09:46.8581202Z test_record_receipt_reports_its_committed_snapshot_when_another_writer_follows (test_analysis_identity.AnalysisIdentityTests.test_record_receipt_reports_its_committed_snapshot_when_another_writer_follows) ... ok
test (windows-latest, 3.12)	Run regression tests including historical migration	2026-09-26T13:09:46.8603269Z test_all_line_ending_combinations_keep_indented_chapter_boundaries (test_analysis_line_endings.AnalysisLineEndingTests.test_all_line_ending_combinations_keep_indented_chapter_boundaries) ... ok
test (windows-latest, 3.12)	Run regression tests including historical migration	2026-09-26T13:09:47.6626395Z test_ingest_and_source_read_preserve_original_unicode_ranges (test_analysis_line_endings.AnalysisLineEndingTests.test_ingest_and_source_read_preserve_original_unicode_ranges) ... ok
test (windows-latest, 3.12)	Run regression tests including historical migration	2026-09-26T13:09:47.6629111Z test_mixed_lines_preserve_blank_prefix_and_heading_types (test_analysis_line_endings.AnalysisLineEndingTests.test_mixed_lines_preserve_blank_prefix_and_heading_types) ... ok
test (windows-latest, 3.12)	Run regression tests including historical migration	2026-09-26T13:09:47.7541560Z test_reingest_keeps_old_ranges_saved_analysis_and_pending_position (test_analysis_line_endings.AnalysisLineEndingTests.test_reingest_keeps_old_ranges_saved_analysis_and_pending_position) ... ok
test (windows-latest, 3.12)	Run regression tests including historical migration	2026-09-26T13:09:47.8327159Z test_composite_reads_preserve_the_callers_transaction_and_rollback (test_analysis_read_snapshots.AnalysisReadSnapshotTests.test_composite_reads_preserve_the_callers_transaction_and_rollback) ... ok
test (windows-latest, 3.12)	Run regression tests including historical migration	2026-09-26T13:09:47.9626135Z test_coverage_does_not_mix_pending_chunks_with_a_later_final_report (test_analysis_read_snapshots.AnalysisReadSnapshotTests.test_coverage_does_not_mix_pending_chunks_with_a_later_final_report) ... ok
test (windows-latest, 3.12)	Run regression tests including historical migration	2026-09-26T13:09:48.0385017Z test_failed_reads_release_their_own_snapshot (test_analysis_read_snapshots.AnalysisReadSnapshotTests.test_failed_reads_release_their_own_snapshot) ... ok
test (windows-latest, 3.12)	Run regression tests including historical migration	2026-09-26T13:09:48.1275829Z test_source_list_count_and_rows_use_the_same_snapshot (test_analysis_read_snapshots.AnalysisReadSnapshotTests.test_source_list_count_and_rows_use_the_same_snapshot) ... ok
test (windows-latest, 3.12)	Run regression tests including historical migration	2026-09-26T13:09:48.3136495Z test_leading_blank_lines_complete_without_losing_source (test_analysis_recovery.AnalysisRecoveryTests.test_leading_blank_lines_complete_without_losing_source) ... ok
test (windows-latest, 3.12)	Run regression tests including historical migration	2026-09-26T13:09:48.5098813Z test_legacy_pending_blanks_resume_without_rebuilding_or_losing_analysis (test_analysis_recovery.AnalysisRecoveryTests.test_legacy_pending_blanks_resume_without_rebuilding_or_losing_analysis) ... ok
test (windows-latest, 3.12)	Run regression tests including historical migration	2026-09-26T13:09:48.7024298Z test_middle_whitespace_chunks_preserve_later_chapter (test_analysis_recovery.AnalysisRecoveryTests.test_middle_whitespace_chunks_preserve_later_chapter) ... ok
test (windows-latest, 3.12)	Run regression tests including historical migration	2026-09-26T13:09:48.7730312Z test_nonempty_text_is_not_automatically_completed (test_analysis_recovery.AnalysisRecoveryTests.test_nonempty_text_is_not_automatically_completed) ... ok
test (windows-latest, 3.12)	Run regression tests including historical migration	2026-09-26T13:09:48.8451095Z test_repeated_ingest_and_next_leave_noncontent_evidence_unchanged (test_analysis_recovery.AnalysisRecoveryTests.test_repeated_ingest_and_next_leave_noncontent_evidence_unchanged) ... ok
test (windows-latest, 3.12)	Run regression tests including historical migration	2026-09-26T13:09:49.0179119Z test_trailing_whitespace_chunks_complete_without_losing_source (test_analysis_recovery.AnalysisRecoveryTests.test_trailing_whitespace_chunks_complete_without_losing_source) ... ok
test (windows-latest, 3.12)	Run regression tests including historical migration	2026-09-26T13:09:49.2141261Z test_unheaded_source_with_blank_chunks_completes (test_analysis_recovery.AnalysisRecoveryTests.test_unheaded_source_with_blank_chunks_completes) ... ok
test (windows-latest, 3.12)	Run regression tests including historical migration	2026-09-26T13:09:49.4186175Z test_whitespace_longer_than_maximum_chunk_size_completes (test_analysis_recovery.AnalysisRecoveryTests.test_whitespace_longer_than_maximum_chunk_size_completes) ... ok
test (windows-latest, 3.12)	Run regression tests including historical migration	2026-09-26T13:09:49.4498698Z test_whitespace_only_source_still_rejects_empty_input (test_analysis_recovery.AnalysisRecoveryTests.test_whitespace_only_source_still_rejects_empty_input) ... ok
test (windows-latest, 3.12)	Run regression tests including historical migration	2026-09-26T13:09:49.4589415Z test_initial_metadata_failure_rolls_back_schema_and_partial_identity (test_book_initialization.BookInitializationTests.test_initial_metadata_failure_rolls_back_schema_and_partial_identity) ... ok
test (windows-latest, 3.12)	Run regression tests including historical migration	2026-09-26T13:09:49.4673126Z test_late_schema_failure_rolls_back_preceding_tables_and_views (test_book_initialization.BookInitializationTests.test_late_schema_failure_rolls_back_preceding_tables_and_views) ... ok
test (windows-latest, 3.12)	Run regression tests including historical migration	2026-09-26T13:09:49.5074666Z test_new_schema_is_invisible_until_complete_identity_is_committed (test_book_initialization.BookInitializationTests.test_new_schema_is_invisible_until_complete_identity_is_committed) ... ok
test (windows-latest, 3.12)	Run regression tests including historical migration	2026-09-26T13:09:49.5442194Z test_bare_volume_number_title_and_identifier_are_rejected (test_chapter_layout.ChapterLayoutTests.test_bare_volume_number_title_and_identifier_are_rejected) ... ok
test (windows-latest, 3.12)	Run regression tests including historical migration	2026-09-26T13:09:49.7032449Z test_case_insensitive_title_alias_is_rejected_before_chapter_commit (test_chapter_layout.ChapterLayoutTests.test_case_insensitive_title_alias_is_rejected_before_chapter_commit) ... ok
test (windows-latest, 3.12)	Run regression tests including historical migration	2026-09-26T13:09:49.9791783Z test_chapters_use_volume_directories_and_exact_number_title_names (test_chapter_layout.ChapterLayoutTests.test_chapters_use_volume_directories_and_exact_number_title_names) ... ok
test (windows-latest, 3.12)	Run regression tests including historical migration	2026-09-26T13:09:50.1273756Z test_chinese_heading_prefix_is_removed_and_path_survives_retry_and_reopen (test_chapter_layout.ChapterLayoutTests.test_chinese_heading_prefix_is_removed_and_path_survives_retry_and_reopen) ... ok
test (windows-latest, 3.12)	Run regression tests including historical migration	2026-09-26T13:09:50.4312658Z test_failed_move_keeps_old_export_until_new_export_succeeds (test_chapter_layout.ChapterLayoutTests.test_failed_move_keeps_old_export_until_new_export_succeeds) ... ok
test (windows-latest, 3.12)	Run regression tests including historical migration	2026-09-26T13:09:51.1557094Z test_historical_revision_recovers_edited_retired_path_of_older_chapter (test_chapter_layout.ChapterLayoutTests.test_historical_revision_recovers_edited_retired_path_of_older_chapter) ... ok
test (windows-latest, 3.12)	Run regression tests including historical migration	2026-09-26T13:09:51.5189587Z test_legacy_flat_export_path_remains_resolvable_after_reopen (test_chapter_layout.ChapterLayoutTests.test_legacy_flat_export_path_remains_resolvable_after_reopen) ... ok
test (windows-latest, 3.12)	Run regression tests including historical migration	2026-09-26T13:09:51.6727949Z test_missing_nested_export_is_recovered_at_persisted_path (test_chapter_layout.ChapterLayoutTests.test_missing_nested_export_is_recovered_at_persisted_path) ... ok
test (windows-latest, 3.12)	Run regression tests including historical migration	2026-09-26T13:09:51.8354556Z test_native_title_is_required_but_explicit_plan_title_allows_plain_body (test_chapter_layout.ChapterLayoutTests.test_native_title_is_required_but_explicit_plan_title_allows_plain_body) ... ok
test (windows-latest, 3.12)	Run regression tests including historical migration	2026-09-26T13:09:51.8937505Z test_new_commit_and_adopt_require_named_volume_without_changing_state (test_chapter_layout.ChapterLayoutTests.test_new_commit_and_adopt_require_named_volume_without_changing_state) ... ok
test (windows-latest, 3.12)	Run regression tests including historical migration	2026-09-26T13:09:52.0644778Z test_new_title_collision_preserves_both_files_and_original_chapter_state (test_chapter_layout.ChapterLayoutTests.test_new_title_collision_preserves_both_files_and_original_chapter_state) ... ok
test (windows-latest, 3.12)	Run regression tests including historical migration	2026-09-26T13:09:52.2061883Z test_plain_chapter_heading_exports_as_plain_text_and_is_excluded_from_body_count (test_chapter_layout.ChapterLayoutTests.test_plain_chapter_heading_exports_as_plain_text_and_is_excluded_from_body_count) ... ok
test (windows-latest, 3.12)	Run regression tests including historical migration	2026-09-26T13:09:52.6558763Z test_reconcile_recovers_edited_retired_path_and_retargets_further_rename (test_chapter_layout.ChapterLayoutTests.test_reconcile_recovers_edited_retired_path_and_retargets_further_rename) ... ok
test (windows-latest, 3.12)	Run regression tests including historical migration	2026-09-26T13:09:52.9599063Z test_reconcile_uses_current_nested_path_and_can_publish_new_title (test_chapter_layout.ChapterLayoutTests.test_reconcile_uses_current_nested_path_and_can_publish_new_title) ... ok
test (windows-latest, 3.12)	Run regression tests including historical migration	2026-09-26T13:09:53.2591546Z test_replacing_title_and_volume_moves_export_and_preserves_backup (test_chapter_layout.ChapterLayoutTests.test_replacing_title_and_volume_moves_export_and_preserves_backup) ... ok
test (windows-latest, 3.12)	Run regression tests including historical migration	2026-09-26T13:09:53.7214439Z test_titleless_import_keeps_body_filename_during_history_publication (test_chapter_layout.ChapterLayoutTests.test_titleless_import_keeps_body_filename_during_history_publication) ... ok
test (windows-latest, 3.12)	Run regression tests including historical migration	2026-09-26T13:09:53.8014614Z test_unregistered_volume_identifier_cannot_supply_a_directory_name (test_chapter_layout.ChapterLayoutTests.test_unregistered_volume_identifier_cannot_supply_a_directory_name) ... ok
test (windows-latest, 3.12)	Run regression tests including historical migration	2026-09-26T13:09:54.0362378Z test_unreviewed_edit_to_retired_path_is_preserved_during_recovery (test_chapter_layout.ChapterLayoutTests.test_unreviewed_edit_to_retired_path_is_preserved_during_recovery) ... ok
test (windows-latest, 3.12)	Run regression tests including historical migration	2026-09-26T13:09:54.0747632Z test_unsafe_volume_and_title_components_are_rejected_without_state_changes (test_chapter_layout.ChapterLayoutTests.test_unsafe_volume_and_title_components_are_rejected_without_state_changes) ... ok
test (windows-latest, 3.12)	Run regression tests including historical migration	2026-09-26T13:09:54.2093712Z test_untitled_import_uses_body_fallback_in_named_volume (test_chapter_layout.ChapterLayoutTests.test_untitled_import_uses_body_fallback_in_named_volume) ... ok
test (windows-latest, 3.12)	Run regression tests including historical migration	2026-09-26T13:09:54.7372820Z test_volume_without_directory_uses_named_world_title_and_persisted_mapping (test_chapter_layout.ChapterLayoutTests.test_volume_without_directory_uses_named_world_title_and_persisted_mapping) ... ok
test (windows-latest, 3.12)	Run regression tests including historical migration	2026-09-26T13:09:54.8795961Z test_world_volume_requires_both_number_and_name_for_directory_fallback (test_chapter_layout.ChapterLayoutTests.test_world_volume_requires_both_number_and_name_for_directory_fallback) ... ok
test (windows-latest, 3.12)	Run regression tests including historical migration	2026-09-26T13:09:54.8798229Z test_ambiguous_or_invalid_count_configuration_is_rejected (test_chinese_workflow.ChineseCountTests.test_ambiguous_or_invalid_count_configuration_is_rejected) ... ok
test (windows-latest, 3.12)	Run regression tests including historical migration	2026-09-26T13:09:54.8962530Z test_counts_are_characters_with_explicit_scope (test_chinese_workflow.ChineseCountTests.test_counts_are_characters_with_explicit_scope) ... ok
test (windows-latest, 3.12)	Run regression tests including historical migration	2026-09-26T13:09:54.8964944Z test_selected_count_controls_gate_and_legacy_plan_is_compatible (test_chinese_workflow.ChineseCountTests.test_selected_count_controls_gate_and_legacy_plan_is_compatible) ... ok
test (windows-latest, 3.12)	Run regression tests including historical migration	2026-09-26T13:09:55.1229841Z test_maximum_valid_quote_commits_without_late_source_limit_failure (test_chinese_workflow.ChineseWorkflowTests.test_maximum_valid_quote_commits_without_late_source_limit_failure) ... ok
test (windows-latest, 3.12)	Run regression tests including historical migration	2026-09-26T13:09:55.2609575Z test_prepare_applies_budget_to_its_own_returned_packet (test_chinese_workflow.ChineseWorkflowTests.test_prepare_applies_budget_to_its_own_returned_packet) ... ok
test (windows-latest, 3.12)	Run regression tests including historical migration	2026-09-26T13:09:55.5116591Z test_prepare_cli_and_stale_draft_review (test_chinese_workflow.ChineseWorkflowTests.test_prepare_cli_and_stale_draft_review) ... ok
test (windows-latest, 3.12)	Run regression tests including historical migration	2026-09-26T13:09:55.6415760Z test_prepare_is_read_only_and_cannot_be_mistaken_for_completed_review (test_chinese_workflow.ChineseWorkflowTests.test_prepare_is_read_only_and_cannot_be_mistaken_for_completed_review) ... ok
test (windows-latest, 3.12)	Run regression tests including historical migration	2026-09-26T13:09:55.8202206Z test_prepare_reconciliation_binds_external_bytes (test_chinese_workflow.ChineseWorkflowTests.test_prepare_reconciliation_binds_external_bytes) ... ok
test (windows-latest, 3.12)	Run regression tests including historical migration	2026-09-26T13:09:56.0735414Z test_selected_record_hashes_can_be_saved_without_resolving_the_ambiguity (test_context_dependencies.ContextDependencyTests.test_selected_record_hashes_can_be_saved_without_resolving_the_ambiguity) ... ok
test (windows-latest, 3.12)	Run regression tests including historical migration	2026-09-26T13:09:56.2539128Z test_tied_line_candidates_and_selected_structures_are_available_for_review (test_context_dependencies.ContextDependencyTests.test_tied_line_candidates_and_selected_structures_are_available_for_review) ... ok
test (windows-latest, 3.12)	Run regression tests including historical migration	2026-09-26T13:09:56.4259374Z test_undated_line_candidates_are_available_without_claiming_current_scene (test_context_dependencies.ContextDependencyTests.test_undated_line_candidates_are_available_without_claiming_current_scene) ... ok
test (windows-latest, 3.12)	Run regression tests including historical migration	2026-09-26T13:09:56.5963438Z test_unknown_time_warning_is_not_lost_from_dependency_candidates (test_context_dependencies.ContextDependencyTests.test_unknown_time_warning_is_not_lost_from_dependency_candidates) ... ok
test (windows-latest, 3.12)	Run regression tests including historical migration	2026-09-26T13:09:56.6592879Z test_composite_readers_preserve_the_callers_transaction (test_core_audit_regressions.CoreAuditRegressions.test_composite_readers_preserve_the_callers_transaction) ... ok
test (windows-latest, 3.12)	Run regression tests including historical migration	2026-09-26T13:09:56.6943015Z test_nul_adoption_is_rejected_before_exporting_a_broken_baseline (test_core_audit_regressions.CoreAuditRegressions.test_nul_adoption_is_rejected_before_exporting_a_broken_baseline) ... ok
test (windows-latest, 3.12)	Run regression tests including historical migration	2026-09-26T13:09:56.7317323Z test_nul_source_is_rejected_before_creating_truncated_chunks (test_core_audit_regressions.CoreAuditRegressions.test_nul_source_is_rejected_before_creating_truncated_chunks) ... ok
test (windows-latest, 3.12)	Run regression tests including historical migration	2026-09-26T13:09:56.7989870Z test_recall_byte_omissions_are_incomplete_even_when_search_finished (test_core_audit_regressions.CoreAuditRegressions.test_recall_byte_omissions_are_incomplete_even_when_search_finished) ... ok
test (windows-latest, 3.12)	Run regression tests including historical migration	2026-09-26T13:09:56.8867666Z test_recall_card_and_match_share_a_snapshot_during_concurrent_update (test_core_audit_regressions.CoreAuditRegressions.test_recall_card_and_match_share_a_snapshot_during_concurrent_update) ... ok
test (windows-latest, 3.12)	Run regression tests including historical migration	2026-09-26T13:09:57.0788552Z test_sqlite_integer_overflow_is_a_structured_cli_error (test_core_audit_regressions.CoreAuditRegressions.test_sqlite_integer_overflow_is_a_structured_cli_error) ... ok
test (windows-latest, 3.12)	Run regression tests including historical migration	2026-09-26T13:09:57.1569222Z test_world_read_payload_and_digest_share_a_snapshot_during_update (test_core_audit_regressions.CoreAuditRegressions.test_world_read_payload_and_digest_share_a_snapshot_during_update) ... ok
test (windows-latest, 3.12)	Run regression tests including historical migration	2026-09-26T13:09:57.3492976Z test_known_linked_export_is_pending_until_safely_detached (test_export_alias_recovery.ExportAliasRecoveryTests.test_known_linked_export_is_pending_until_safely_detached) ... ok
test (windows-latest, 3.12)	Run regression tests including historical migration	2026-09-26T13:09:57.5554194Z test_link_recreated_after_publication_is_reported_and_can_be_recovered (test_export_alias_recovery.ExportAliasRecoveryTests.test_link_recreated_after_publication_is_reported_and_can_be_recovered) ... ok
test (windows-latest, 3.12)	Run regression tests including historical migration	2026-09-26T13:09:57.8415024Z test_same_body_rename_detaches_hard_link_inserted_before_export (test_export_alias_recovery.ExportAliasRecoveryTests.test_same_body_rename_detaches_hard_link_inserted_before_export) ... ok
test (windows-latest, 3.12)	Run regression tests including historical migration	2026-09-26T13:09:58.4050731Z test_cli_safe_export_then_reconcile_resolves_missing_and_external_edit (test_export_recovery.ExportRecoveryTests.test_cli_safe_export_then_reconcile_resolves_missing_and_external_edit) ... ok
test (windows-latest, 3.12)	Run regression tests including historical migration	2026-09-26T13:09:58.6680374Z test_file_recreated_during_safe_publication_is_not_overwritten (test_export_recovery.ExportRecoveryTests.test_file_recreated_during_safe_publication_is_not_overwritten) ... ok
test (windows-latest, 3.12)	Run regression tests including historical migration	2026-09-26T13:09:58.9935741Z test_io_failure_preserves_partial_progress_and_reports_remaining_pending (test_export_recovery.ExportRecoveryTests.test_io_failure_preserves_partial_progress_and_reports_remaining_pending) ... ok
test (windows-latest, 3.12)	Run regression tests including historical migration	2026-09-26T13:09:59.2768819Z test_linked_path_is_skipped_without_touching_its_external_target (test_export_recovery.ExportRecoveryTests.test_linked_path_is_skipped_without_touching_its_external_target) ... ok
test (windows-latest, 3.12)	Run regression tests including historical migration	2026-09-26T13:09:59.5400325Z test_path_conflict_does_not_block_an_independent_missing_export (test_export_recovery.ExportRecoveryTests.test_path_conflict_does_not_block_an_independent_missing_export) ... ok
test (windows-latest, 3.12)	Run regression tests including historical migration	2026-09-26T13:09:59.8641021Z test_publication_conflict_retains_backup_details_after_global_health_check (test_export_recovery.ExportRecoveryTests.test_publication_conflict_retains_backup_details_after_global_health_check) ... ok
test (windows-latest, 3.12)	Run regression tests including historical migration	2026-09-26T13:10:00.3704168Z test_safe_export_recovers_known_pending_version_beside_outside_edit (test_export_recovery.ExportRecoveryTests.test_safe_export_recovers_known_pending_version_beside_outside_edit) ... ok
test (windows-latest, 3.12)	Run regression tests including historical migration	2026-09-26T13:10:00.8798632Z test_cli_read_and_original_write_form_round_trip (test_history_dependency_read.HistoryDependencyReadTests.test_cli_read_and_original_write_form_round_trip) ... ok
test (windows-latest, 3.12)	Run regression tests including historical migration	2026-09-26T13:10:02.3539379Z test_cli_rejects_mixed_missing_or_invalid_mode_arguments (test_history_dependency_read.HistoryDependencyReadTests.test_cli_rejects_mixed_missing_or_invalid_mode_arguments) ... ok
test (windows-latest, 3.12)	Run regression tests including historical migration	2026-09-26T13:10:02.8712833Z test_cli_stale_read_revision_cannot_overwrite_a_later_declaration (test_history_dependency_read.HistoryDependencyReadTests.test_cli_stale_read_revision_cannot_overwrite_a_later_declaration) ... ok
test (windows-latest, 3.12)	Run regression tests including historical migration	2026-09-26T13:10:03.1442872Z test_committed_declaration_is_returned_in_full_with_its_note (test_history_dependency_read.HistoryDependencyReadTests.test_committed_declaration_is_returned_in_full_with_its_note) ... ok
test (windows-latest, 3.12)	Run regression tests including historical migration	2026-09-26T13:10:03.2789083Z test_imported_baseline_reads_without_plan_or_branch (test_history_dependency_read.HistoryDependencyReadTests.test_imported_baseline_reads_without_plan_or_branch) ... ok
test (windows-latest, 3.12)	Run regression tests including historical migration	2026-09-26T13:10:03.4552573Z test_invalid_budget_and_chapter_are_rejected_without_changes (test_history_dependency_read.HistoryDependencyReadTests.test_invalid_budget_and_chapter_are_rejected_without_changes) ... ok
test (windows-latest, 3.12)	Run regression tests including historical migration	2026-09-26T13:10:03.6434168Z test_missing_chapter_or_history_does_not_create_state (test_history_dependency_read.HistoryDependencyReadTests.test_missing_chapter_or_history_does_not_create_state) ... ok
test (windows-latest, 3.12)	Run regression tests including historical migration	2026-09-26T13:10:03.8193198Z test_read_is_one_snapshot_during_a_concurrent_declaration_update (test_history_dependency_read.HistoryDependencyReadTests.test_read_is_one_snapshot_during_a_concurrent_declaration_update) ... ok
test (windows-latest, 3.12)	Run regression tests including historical migration	2026-09-26T13:10:04.2122365Z test_read_keeps_recorded_hashes_when_current_records_and_candidates_differ (test_history_dependency_read.HistoryDependencyReadTests.test_read_keeps_recorded_hashes_when_current_records_and_candidates_differ) ... ok
test (windows-latest, 3.12)	Run regression tests including historical migration	2026-09-26T13:10:04.3702396Z test_read_preserves_the_callers_transaction (test_history_dependency_read.HistoryDependencyReadTests.test_read_preserves_the_callers_transaction) ... ok
test (windows-latest, 3.12)	Run regression tests including historical migration	2026-09-26T13:10:04.5953305Z test_replacement_note_is_read_from_the_matching_declaration_event (test_history_dependency_read.HistoryDependencyReadTests.test_replacement_note_is_read_from_the_matching_declaration_event) ... ok
test (windows-latest, 3.12)	Run regression tests including historical migration	2026-09-26T13:10:04.7628869Z test_small_budget_rejects_the_whole_declaration_without_mutation (test_history_dependency_read.HistoryDependencyReadTests.test_small_budget_rejects_the_whole_declaration_without_mutation) ... ok
test (windows-latest, 3.12)	Run regression tests including historical migration	2026-09-26T13:10:05.1029063Z test_budget_failure_does_not_truncate_saved_decisions_or_change_state (test_history_saved_read.HistorySavedReadTests.test_budget_failure_does_not_truncate_saved_decisions_or_change_state) ... ok
test (windows-latest, 3.12)	Run regression tests including historical migration	2026-09-26T13:10:05.9824306Z test_cli_reads_without_expect_or_input_and_rejects_mutation_flags (test_history_saved_read.HistorySavedReadTests.test_cli_reads_without_expect_or_input_and_rejects_mutation_flags) ... ok
test (windows-latest, 3.12)	Run regression tests including historical migration	2026-09-26T13:10:06.2523667Z test_empty_and_invalidated_reviews_are_distinct_from_saved_review_text (test_history_saved_read.HistorySavedReadTests.test_empty_and_invalidated_reviews_are_distinct_from_saved_review_text) ... ok
test (windows-latest, 3.12)	Run regression tests including historical migration	2026-09-26T13:10:06.6207833Z test_explicit_deletion_survives_readback_as_null (test_history_saved_read.HistorySavedReadTests.test_explicit_deletion_survives_readback_as_null) ... ok
test (windows-latest, 3.12)	Run regression tests including historical migration	2026-09-26T13:10:06.9476333Z test_missing_branch_and_invalid_budget_never_create_or_modify_data (test_history_saved_read.HistorySavedReadTests.test_missing_branch_and_invalid_budget_never_create_or_modify_data) ... ok
test (windows-latest, 3.12)	Run regression tests including historical migration	2026-09-26T13:10:07.2850108Z test_partial_edit_retains_other_recovered_decisions_and_requires_new_review (test_history_saved_read.HistorySavedReadTests.test_partial_edit_retains_other_recovered_decisions_and_requires_new_review) ... ok
test (windows-latest, 3.12)	Run regression tests including historical migration	2026-09-26T13:10:07.7153740Z test_published_branch_remains_readable_after_later_canonical_changes (test_history_saved_read.HistorySavedReadTests.test_published_branch_remains_readable_after_later_canonical_changes) ... ok
test (windows-latest, 3.12)	Run regression tests including historical migration	2026-09-26T13:10:08.0558299Z test_read_is_one_snapshot_during_concurrent_candidate_update (test_history_saved_read.HistorySavedReadTests.test_read_is_one_snapshot_during_concurrent_candidate_update) ... ok
test (windows-latest, 3.12)	Run regression tests including historical migration	2026-09-26T13:10:08.3957561Z test_reopened_branch_recovers_exact_decisions_and_review_without_input_files (test_history_saved_read.HistorySavedReadTests.test_reopened_branch_recovers_exact_decisions_and_review_without_input_files) ... ok
test (windows-latest, 3.12)	Run regression tests including historical migration	2026-09-26T13:10:08.7426587Z test_stale_branch_still_returns_saved_values_without_refreshing_hashes (test_history_saved_read.HistorySavedReadTests.test_stale_branch_still_returns_saved_values_without_refreshing_hashes) ... ok
test (windows-latest, 3.12)	Run regression tests including historical migration	2026-09-26T13:10:09.4255309Z test_changed_card_expands_transitive_scope_and_resets_all_reviews (test_history_state_scope.HistoryStateScopeTests.test_changed_card_expands_transitive_scope_and_resets_all_reviews) ... ok
test (windows-latest, 3.12)	Run regression tests including historical migration	2026-09-26T13:10:09.8367037Z test_deleting_a_card_also_requires_its_consumers (test_history_state_scope.HistoryStateScopeTests.test_deleting_a_card_also_requires_its_consumers) ... ok
test (windows-latest, 3.12)	Run regression tests including historical migration	2026-09-26T13:10:10.2042239Z test_failed_expansion_budget_does_not_partially_change_the_branch (test_history_state_scope.HistoryStateScopeTests.test_failed_expansion_budget_does_not_partially_change_the_branch) ... ok
test (windows-latest, 3.12)	Run regression tests including historical migration	2026-09-26T13:10:10.5883482Z test_keep_decision_does_not_expand_unrelated_consumers (test_history_state_scope.HistoryStateScopeTests.test_keep_decision_does_not_expand_unrelated_consumers) ... ok
test (windows-latest, 3.12)	Run regression tests including historical migration	2026-09-26T13:10:11.0467584Z test_legacy_candidate_cannot_publish_without_expanding_its_saved_changes (test_history_state_scope.HistoryStateScopeTests.test_legacy_candidate_cannot_publish_without_expanding_its_saved_changes) ... ok
test (windows-latest, 3.12)	Run regression tests including historical migration	2026-09-26T13:10:11.6922936Z test_legacy_expansion_missing_plan_can_refresh_then_resume (test_history_state_scope.HistoryStateScopeTests.test_legacy_expansion_missing_plan_can_refresh_then_resume) ... ok
test (windows-latest, 3.12)	Run regression tests including historical migration	2026-09-26T13:10:12.3403765Z test_missing_plan_recovers_by_plan_refresh_and_resubmission (test_history_state_scope.HistoryStateScopeTests.test_missing_plan_recovers_by_plan_refresh_and_resubmission) ... ok
test (windows-latest, 3.12)	Run regression tests including historical migration	2026-09-26T13:10:12.9257710Z test_refresh_keeps_saved_extra_card_scope_and_publication_requires_new_reviews (test_history_state_scope.HistoryStateScopeTests.test_refresh_keeps_saved_extra_card_scope_and_publication_requires_new_reviews) ... ok
test (windows-latest, 3.12)	Run regression tests including historical migration	2026-09-26T13:10:13.3710117Z test_restoring_a_candidate_card_keeps_its_already_expanded_scope (test_history_state_scope.HistoryStateScopeTests.test_restoring_a_candidate_card_keeps_its_already_expanded_scope) ... ok
test (windows-latest, 3.12)	Run regression tests including historical migration	2026-09-26T13:10:13.6569831Z test_cache_read_has_one_snapshot_when_dependency_review_changes (test_history_world_audit.HistoryWorldAuditTests.test_cache_read_has_one_snapshot_when_dependency_review_changes) ... ok
test (windows-latest, 3.12)	Run regression tests including historical migration	2026-09-26T13:10:13.9071513Z test_complete_history_candidate_cannot_omit_current_required_card (test_history_world_audit.HistoryWorldAuditTests.test_complete_history_candidate_cannot_omit_current_required_card) ... ok
test (windows-latest, 3.12)	Run regression tests including historical migration	2026-09-26T13:10:14.1341442Z test_complete_history_dependencies_cannot_omit_required_card (test_history_world_audit.HistoryWorldAuditTests.test_complete_history_dependencies_cannot_omit_required_card) ... ok
test (windows-latest, 3.12)	Run regression tests including historical migration	2026-09-26T13:10:14.3671039Z test_explicit_action_time_checks_overdraft_without_plan_time (test_history_world_audit.HistoryWorldAuditTests.test_explicit_action_time_checks_overdraft_without_plan_time) ... ok
test (windows-latest, 3.12)	Run regression tests including historical migration	2026-09-26T13:10:14.8016264Z test_hook_payoff_cannot_hide_a_stale_seed_after_body_replacement (test_history_world_audit.HistoryWorldAuditTests.test_hook_payoff_cannot_hide_a_stale_seed_after_body_replacement) ... ok
test (windows-latest, 3.12)	Run regression tests including historical migration	2026-09-26T13:10:15.0388270Z test_later_plan_start_cannot_lend_future_income_to_earlier_action (test_history_world_audit.HistoryWorldAuditTests.test_later_plan_start_cannot_lend_future_income_to_earlier_action) ... ok
test (windows-latest, 3.12)	Run regression tests including historical migration	2026-09-26T13:10:15.2757234Z test_observed_income_inside_scene_is_available_to_later_planned_action (test_history_world_audit.HistoryWorldAuditTests.test_observed_income_inside_scene_is_available_to_later_planned_action) ... ok
test (windows-latest, 3.12)	Run regression tests including historical migration	2026-09-26T13:10:15.5301533Z test_successive_actions_share_balance_and_cannot_reset_to_observed_baseline (test_history_world_audit.HistoryWorldAuditTests.test_successive_actions_share_balance_and_cannot_reset_to_observed_baseline) ... ok
test (windows-latest, 3.12)	Run regression tests including historical migration	2026-09-26T13:10:16.6418213Z test_author_plan_rule_aliases_and_transitive_consumers_expand (test_history_world_scope.HistoryWorldScopeTests.test_author_plan_rule_aliases_and_transitive_consumers_expand) ... ok
test (windows-latest, 3.12)	Run regression tests including historical migration	2026-09-26T13:10:17.0669690Z test_budget_failure_rolls_back_world_scope_and_saved_patch (test_history_world_scope.HistoryWorldScopeTests.test_budget_failure_rolls_back_world_scope_and_saved_patch) ... ok
test (windows-latest, 3.12)	Run regression tests including historical migration	2026-09-26T13:10:17.6645070Z test_changed_indirect_plan_fence_blocks_refresh (test_history_world_scope.HistoryWorldScopeTests.test_changed_indirect_plan_fence_blocks_refresh) ... ok
test (windows-latest, 3.12)	Run regression tests including historical migration	2026-09-26T13:10:18.4631182Z test_changed_planned_fact_reaches_observed_knowledge_and_its_consumer (test_history_world_scope.HistoryWorldScopeTests.test_changed_planned_fact_reaches_observed_knowledge_and_its_consumer) ... ok
test (windows-latest, 3.12)	Run regression tests including historical migration	2026-09-26T13:10:19.2540459Z test_changed_planned_fact_reaches_observed_rule_and_its_consumer (test_history_world_scope.HistoryWorldScopeTests.test_changed_planned_fact_reaches_observed_rule_and_its_consumer) ... ok
test (windows-latest, 3.12)	Run regression tests including historical migration	2026-09-26T13:10:19.9856996Z test_changed_planned_fact_reaches_planned_knowledge_consumer (test_history_world_scope.HistoryWorldScopeTests.test_changed_planned_fact_reaches_planned_knowledge_consumer) ... ok
test (windows-latest, 3.12)	Run regression tests including historical migration	2026-09-26T13:10:20.7150029Z test_changed_planned_fact_reaches_planned_rule_consumer (test_history_world_scope.HistoryWorldScopeTests.test_changed_planned_fact_reaches_planned_rule_consumer) ... ok
test (windows-latest, 3.12)	Run regression tests including historical migration	2026-09-26T13:10:21.7888045Z test_entity_aliases_and_transitive_consumers_expand (test_history_world_scope.HistoryWorldScopeTests.test_entity_aliases_and_transitive_consumers_expand) ... ok
test (windows-latest, 3.12)	Run regression tests including historical migration	2026-09-26T13:10:22.4220505Z test_legacy_world_patch_cannot_publish_without_expanding_consumers (test_history_world_scope.HistoryWorldScopeTests.test_legacy_world_patch_cannot_publish_without_expanding_consumers) ... ok
test (windows-latest, 3.12)	Run regression tests including historical migration	2026-09-26T13:10:23.1727032Z test_missing_plan_and_legacy_world_patch_recover_without_restarting (test_history_world_scope.HistoryWorldScopeTests.test_missing_plan_and_legacy_world_patch_recover_without_restarting) ... ok
test (windows-latest, 3.12)	Run regression tests including historical migration	2026-09-26T13:10:23.8100523Z test_normalized_unchanged_record_does_not_expand (test_history_world_scope.HistoryWorldScopeTests.test_normalized_unchanged_record_does_not_expand) ... ok
test (windows-latest, 3.12)	Run regression tests including historical migration	2026-09-26T13:10:24.4861221Z test_pending_chapter_evidence_and_same_batch_new_entity_remain_stageable (test_history_world_scope.HistoryWorldScopeTests.test_pending_chapter_evidence_and_same_batch_new_entity_remain_stageable) ... ok
test (windows-latest, 3.12)	Run regression tests including historical migration	2026-09-26T13:10:25.0683627Z test_refresh_preserves_world_scope_and_rejects_changed_record_fence (test_history_world_scope.HistoryWorldScopeTests.test_refresh_preserves_world_scope_and_rejects_changed_record_fence) ... ok
test (windows-latest, 3.12)	Run regression tests including historical migration	2026-09-26T13:10:25.5806256Z test_restoring_world_record_does_not_shrink_expanded_scope (test_history_world_scope.HistoryWorldScopeTests.test_restoring_world_record_does_not_shrink_expanded_scope) ... ok
test (windows-latest, 3.12)	Run regression tests including historical migration	2026-09-26T13:10:26.3445563Z test_retired_fact_consumer_does_not_expand_scope (test_history_world_scope.HistoryWorldScopeTests.test_retired_fact_consumer_does_not_expand_scope) ... ok
test (windows-latest, 3.12)	Run regression tests including historical migration	2026-09-26T13:10:26.9627022Z test_source_body_reaches_planned_knowledge_consumer (test_history_world_scope.HistoryWorldScopeTests.test_source_body_reaches_planned_knowledge_consumer) ... ok
test (windows-latest, 3.12)	Run regression tests including historical migration	2026-09-26T13:10:27.5808783Z test_source_body_reaches_planned_rule_consumer (test_history_world_scope.HistoryWorldScopeTests.test_source_body_reaches_planned_rule_consumer) ... ok
test (windows-latest, 3.12)	Run regression tests including historical migration	2026-09-26T13:10:28.4990542Z test_failed_swap_restores_previous_installation (test_install.InstallTests.test_failed_swap_restores_previous_installation) ... ok
test (windows-latest, 3.12)	Run regression tests including historical migration	2026-09-26T13:10:29.2515961Z test_local_modifications_are_preserved (test_install.InstallTests.test_local_modifications_are_preserved) ... ok
test (windows-latest, 3.12)	Run regression tests including historical migration	2026-09-26T13:10:29.9978343Z test_malicious_manifest_path_is_rejected (test_install.InstallTests.test_malicious_manifest_path_is_rejected) ... ok
test (windows-latest, 3.12)	Run regression tests including historical migration	2026-09-26T13:10:30.7927212Z test_only_adds_suite_and_repeat_is_noop (test_install.InstallTests.test_only_adds_suite_and_repeat_is_noop) ... ok
test (windows-latest, 3.12)	Run regression tests including historical migration	2026-09-26T13:10:30.8620047Z test_unmanaged_existing_skill_not_overwritten (test_install.InstallTests.test_unmanaged_existing_skill_not_overwritten) ... ok
test (windows-latest, 3.12)	Run regression tests including historical migration	2026-09-26T13:10:31.8662547Z test_update_preserves_backup (test_install.InstallTests.test_update_preserves_backup) ... ok
test (windows-latest, 3.12)	Run regression tests including historical migration	2026-09-26T13:10:32.8528986Z test_concurrent_installer_is_rejected_and_first_completes (test_install_races.InstallationRaceTests.test_concurrent_installer_is_rejected_and_first_completes) ... ok
test (windows-latest, 3.12)	Run regression tests including historical migration	2026-09-26T13:10:33.6925567Z test_edit_to_moved_backup_is_verified_and_restored (test_install_races.InstallationRaceTests.test_edit_to_moved_backup_is_verified_and_restored) ... ok
test (windows-latest, 3.12)	Run regression tests including historical migration	2026-09-26T13:10:34.5760560Z test_new_target_before_publication_is_preserved_with_old_backup (test_install_races.InstallationRaceTests.test_new_target_before_publication_is_preserved_with_old_backup) ... ok
test (windows-latest, 3.12)	Run regression tests including historical migration	2026-09-26T13:10:35.8740413Z test_process_exit_releases_lock_without_deleting_lock_file (test_install_races.InstallationRaceTests.test_process_exit_releases_lock_without_deleting_lock_file) ... ok
test (windows-latest, 3.12)	Run regression tests including historical migration	2026-09-26T13:10:36.6702067Z test_source_new_file_after_copy_is_detected_before_publication (test_install_races.InstallationRaceTests.test_source_new_file_after_copy_is_detected_before_publication) ... ok
test (windows-latest, 3.12)	Run regression tests including historical migration	2026-09-26T13:10:37.6593660Z test_source_save_during_copy_is_rejected_without_bad_manifest (test_install_races.InstallationRaceTests.test_source_save_during_copy_is_rejected_without_bad_manifest) ... ok
test (windows-latest, 3.12)	Run regression tests including historical migration	2026-09-26T13:10:38.5716974Z test_stage_edit_inside_publication_is_detected_and_both_versions_survive (test_install_races.InstallationRaceTests.test_stage_edit_inside_publication_is_detected_and_both_versions_survive) ... ok
test (windows-latest, 3.12)	Run regression tests including historical migration	2026-09-26T13:10:39.4543947Z test_staged_bytes_changed_after_initial_validation_restore_original (test_install_races.InstallationRaceTests.test_staged_bytes_changed_after_initial_validation_restore_original) ... ok
test (windows-latest, 3.12)	Run regression tests including historical migration	2026-09-26T13:10:40.3109662Z test_target_edit_at_backup_move_is_verified_and_restored (test_install_races.InstallationRaceTests.test_target_edit_at_backup_move_is_verified_and_restored) ... ok
test (windows-latest, 3.12)	Run regression tests including historical migration	2026-09-26T13:10:41.2247070Z test_target_recreated_during_recovery_is_not_replaced (test_install_races.InstallationRaceTests.test_target_recreated_during_recovery_is_not_replaced) ... ok
test (windows-latest, 3.12)	Run regression tests including historical migration	2026-09-26T13:10:42.0309721Z test_target_save_during_staging_remains_active (test_install_races.InstallationRaceTests.test_target_save_during_staging_remains_active) ... ok
test (windows-latest, 3.12)	Run regression tests including historical migration	2026-09-26T13:10:42.9275915Z test_windows_publication_refuses_an_empty_target_created_inside_rename (test_install_races.InstallationRaceTests.test_windows_publication_refuses_an_empty_target_created_inside_rename) ... ok
test (windows-latest, 3.12)	Run regression tests including historical migration	2026-09-26T13:10:43.6613023Z test_core_path_redirects_to_complete_suite (test_install_suite.SuiteInstallTests.test_core_path_redirects_to_complete_suite) ... ok
test (windows-latest, 3.12)	Run regression tests including historical migration	2026-09-26T13:10:44.4841176Z test_install_all_dependencies_preserves_book_and_other_skills (test_install_suite.SuiteInstallTests.test_install_all_dependencies_preserves_book_and_other_skills) ... ok
test (windows-latest, 3.12)	Run regression tests including historical migration	2026-09-26T13:10:44.5422735Z test_install_and_archive_share_current_manifest (test_install_suite.SuiteInstallTests.test_install_and_archive_share_current_manifest) ... ok
test (windows-latest, 3.12)	Run regression tests including historical migration	2026-09-26T13:10:44.6360375Z test_missing_dependency_or_reference_stops_before_install (test_install_suite.SuiteInstallTests.test_missing_dependency_or_reference_stops_before_install) ... ok
test (windows-latest, 3.12)	Run regression tests including historical migration	2026-09-26T13:10:45.5076201Z test_modified_or_unmanaged_member_prevents_all_changes (test_install_suite.SuiteInstallTests.test_modified_or_unmanaged_member_prevents_all_changes) ... ok
test (windows-latest, 3.12)	Run regression tests including historical migration	2026-09-26T13:10:45.5633790Z test_old_version_and_single_skill_source_are_rejected (test_install_suite.SuiteInstallTests.test_old_version_and_single_skill_source_are_rejected) ... ok
test (windows-latest, 3.12)	Run regression tests including historical migration	2026-09-26T13:10:46.0230645Z test_partial_first_install_keeps_other_content (test_install_suite.SuiteInstallTests.test_partial_first_install_keeps_other_content) ... ok
test (windows-latest, 3.12)	Run regression tests including historical migration	2026-09-26T13:10:47.3526103Z test_partial_publication_rolls_back_whole_suite (test_install_suite.SuiteInstallTests.test_partial_publication_rolls_back_whole_suite) ... ok
test (windows-latest, 3.12)	Run regression tests including historical migration	2026-09-26T13:10:48.0711927Z test_planning_reference_and_publication_runtime_are_installed (test_install_suite.SuiteInstallTests.test_planning_reference_and_publication_runtime_are_installed) ... ok
test (windows-latest, 3.12)	Run regression tests including historical migration	2026-09-26T13:10:48.1264762Z test_private_draft_cannot_be_installed (test_install_suite.SuiteInstallTests.test_private_draft_cannot_be_installed) ... ok
test (windows-latest, 3.12)	Run regression tests including historical migration	2026-09-26T13:10:49.2664772Z test_published_edit_is_preserved_with_prior_backup (test_install_suite.SuiteInstallTests.test_published_edit_is_preserved_with_prior_backup) ... ok
test (windows-latest, 3.12)	Run regression tests including historical migration	2026-09-26T13:10:49.9899467Z test_published_v060_installs_legacy_layout_without_workbench (test_install_suite.SuiteInstallTests.test_published_v060_installs_legacy_layout_without_workbench) ... ok
test (windows-latest, 3.12)	Run regression tests including historical migration	2026-09-26T13:10:50.1610665Z test_source_save_during_staging_prevents_publication (test_install_suite.SuiteInstallTests.test_source_save_during_staging_prevents_publication) ... ok
test (windows-latest, 3.12)	Run regression tests including historical migration	2026-09-26T13:10:50.2177854Z test_unknown_suite_version_is_rejected_before_writing_targets (test_install_suite.SuiteInstallTests.test_unknown_suite_version_is_rejected_before_writing_targets) ... ok
test (windows-latest, 3.12)	Run regression tests including historical migration	2026-09-26T13:10:52.0148542Z test_update_keeps_exact_backup_and_all_eight_skills (test_install_suite.SuiteInstallTests.test_update_keeps_exact_backup_and_all_eight_skills) ... ok
test (windows-latest, 3.12)	Run regression tests including historical migration	2026-09-26T13:10:52.1966594Z test_case_alias_rename_is_rejected_before_review (test_layout_preflight.LayoutPreflightTests.test_case_alias_rename_is_rejected_before_review) ... ok
test (windows-latest, 3.12)	Run regression tests including historical migration	2026-09-26T13:10:52.2657852Z test_hard_link_destination_is_rejected_before_review (test_layout_preflight.LayoutPreflightTests.test_hard_link_destination_is_rejected_before_review) ... ok
test (windows-latest, 3.12)	Run regression tests including historical migration	2026-09-26T13:10:52.4768580Z test_lint_and_prepare_reject_conflicting_directory_for_established_volume (test_layout_preflight.LayoutPreflightTests.test_lint_and_prepare_reject_conflicting_directory_for_established_volume) ... ok
test (windows-latest, 3.12)	Run regression tests including historical migration	2026-09-26T13:10:52.5392007Z test_lint_and_prepare_reject_missing_chapter_title_before_review_scaffold (test_layout_preflight.LayoutPreflightTests.test_lint_and_prepare_reject_missing_chapter_title_before_review_scaffold) ... ok
test (windows-latest, 3.12)	Run regression tests including historical migration	2026-09-26T13:10:52.5983608Z test_lint_and_prepare_reject_missing_volume_before_review_scaffold (test_layout_preflight.LayoutPreflightTests.test_lint_and_prepare_reject_missing_volume_before_review_scaffold) ... ok
test (windows-latest, 3.12)	Run regression tests including historical migration	2026-09-26T13:10:52.6651434Z test_occupied_destination_is_rejected_before_review (test_layout_preflight.LayoutPreflightTests.test_occupied_destination_is_rejected_before_review) ... ok
test (windows-latest, 3.12)	Run regression tests including historical migration	2026-09-26T13:10:52.9184776Z test_reconcile_preparation_accepts_further_revised_current_export (test_layout_preflight.LayoutPreflightTests.test_reconcile_preparation_accepts_further_revised_current_export) ... ok
test (windows-latest, 3.12)	Run regression tests including historical migration	2026-09-26T13:10:53.2953041Z test_reconcile_preparation_accepts_further_revised_retired_name (test_layout_preflight.LayoutPreflightTests.test_reconcile_preparation_accepts_further_revised_retired_name) ... ok
test (windows-latest, 3.12)	Run regression tests including historical migration	2026-09-26T13:10:53.3673056Z test_symbolic_link_destination_is_rejected_before_review (test_layout_preflight.LayoutPreflightTests.test_symbolic_link_destination_is_rejected_before_review) ... ok
test (windows-latest, 3.12)	Run regression tests including historical migration	2026-09-26T13:10:53.5377738Z test_world_volume_path_preview_is_pure_and_matches_later_commit (test_layout_preflight.LayoutPreflightTests.test_world_volume_path_preview_is_pure_and_matches_later_commit) ... ok
test (windows-latest, 3.12)	Run regression tests including historical migration	2026-09-26T13:10:54.3140914Z test_export_clears_legacy_self_retirement_without_moving_current_body (test_layout_recovery_edges.LayoutRecoveryEdgeTests.test_export_clears_legacy_self_retirement_without_moving_current_body) ... ok
test (windows-latest, 3.12)	Run regression tests including historical migration	2026-09-26T13:10:55.0705149Z test_reusing_retired_name_accepts_reviewed_old_path_hash_for_revised_body (test_layout_recovery_edges.LayoutRecoveryEdgeTests.test_reusing_retired_name_accepts_reviewed_old_path_hash_for_revised_body) ... ok
test (windows-latest, 3.12)	Run regression tests including historical migration	2026-09-26T13:10:55.7438878Z test_reusing_retired_name_keeps_current_export_present_after_reconcile (test_layout_recovery_edges.LayoutRecoveryEdgeTests.test_reusing_retired_name_keeps_current_export_present_after_reconcile) ... ok
test (windows-latest, 3.12)	Run regression tests including historical migration	2026-09-26T13:10:56.0285913Z test_200kb_imported_chapter_comparison_requires_a_larger_explicit_budget (test_long_history.LongHistoryTests.test_200kb_imported_chapter_comparison_requires_a_larger_explicit_budget) ... ok
test (windows-latest, 3.12)	Run regression tests including historical migration	2026-09-26T13:11:39.5275326Z test_4000_chapter_inspection_pages_all_scopes_without_hashing_omitted_exports (test_long_history.LongHistoryTests.test_4000_chapter_inspection_pages_all_scopes_without_hashing_omitted_exports) ... ok
test (windows-latest, 3.12)	Run regression tests including historical migration	2026-09-26T13:11:41.3670175Z test_actual_world_patch_is_checked_even_without_time_or_entities_in_plan (test_long_history.LongHistoryTests.test_actual_world_patch_is_checked_even_without_time_or_entities_in_plan) ... ok
test (windows-latest, 3.12)	Run regression tests including historical migration	2026-09-26T13:11:42.2136209Z test_advice_and_legacy_minor_survive_historical_publication (test_long_history.LongHistoryTests.test_advice_and_legacy_minor_survive_historical_publication) ... ok
test (windows-latest, 3.12)	Run regression tests including historical migration	2026-09-26T13:11:42.9981661Z test_bound_outside_edit_does_not_accept_later_save_or_other_drift (test_long_history.LongHistoryTests.test_bound_outside_edit_does_not_accept_later_save_or_other_drift) ... ok
test (windows-latest, 3.12)	Run regression tests including historical migration	2026-09-26T13:11:43.6192136Z test_cache_requires_complete_evidence_and_misses_after_dependency_change (test_long_history.LongHistoryTests.test_cache_requires_complete_evidence_and_misses_after_dependency_change) ... ok
test (windows-latest, 3.12)	Run regression tests including historical migration	2026-09-26T13:11:44.2547252Z test_changed_evidence_and_plan_prevent_refresh_of_old_reviews (test_long_history.LongHistoryTests.test_changed_evidence_and_plan_prevent_refresh_of_old_reviews) ... ok
test (windows-latest, 3.12)	Run regression tests including historical migration	2026-09-26T13:11:44.7439807Z test_changed_summary_cannot_reuse_body_only_review (test_long_history.LongHistoryTests.test_changed_summary_cannot_reuse_body_only_review) ... ok
test (windows-latest, 3.12)	Run regression tests including historical migration	2026-09-26T13:11:45.4612519Z test_cli_state_review_template_supplies_exact_preimage_but_requires_explicit_decision (test_long_history.LongHistoryTests.test_cli_state_review_template_supplies_exact_preimage_but_requires_explicit_decision) ... ok
test (windows-latest, 3.12)	Run regression tests including historical migration	2026-09-26T13:11:46.3247457Z test_commit_dependency_declaration_is_preserved_without_extra_history_command (test_long_history.LongHistoryTests.test_commit_dependency_declaration_is_preserved_without_extra_history_command) ... ok
test (windows-latest, 3.12)	Run regression tests including historical migration	2026-09-26T13:11:46.6654121Z test_commit_dependency_validation_rejects_missing_fields_self_and_stale_sha (test_long_history.LongHistoryTests.test_commit_dependency_validation_rejects_missing_fields_self_and_stale_sha) ... ok
test (windows-latest, 3.12)	Run regression tests including historical migration	2026-09-26T13:11:47.2086712Z test_draft_stays_candidate_and_unreviewed_publish_cannot_change_canonical (test_long_history.LongHistoryTests.test_draft_stays_candidate_and_unreviewed_publish_cannot_change_canonical) ... ok
test (windows-latest, 3.12)	Run regression tests including historical migration	2026-09-26T13:11:47.7331119Z test_external_edit_blocks_publication_and_preserves_user_bytes (test_long_history.LongHistoryTests.test_external_edit_blocks_publication_and_preserves_user_bytes) ... ok
test (windows-latest, 3.12)	Run regression tests including historical migration	2026-09-26T13:11:57.6273917Z test_far_dependency_transitive_closure_excludes_reviewed_side_story (test_long_history.LongHistoryTests.test_far_dependency_transitive_closure_excludes_reviewed_side_story) ... ok
test (windows-latest, 3.12)	Run regression tests including historical migration	2026-09-26T13:11:57.9395864Z test_historical_state_rejects_unknown_events_instead_of_guessing (test_long_history.LongHistoryTests.test_historical_state_rejects_unknown_events_instead_of_guessing) ... ok
test (windows-latest, 3.12)	Run regression tests including historical migration	2026-09-26T13:11:58.3077081Z test_historical_state_replays_notes_and_published_card_changes_after_snapshot (test_long_history.LongHistoryTests.test_historical_state_replays_notes_and_published_card_changes_after_snapshot) ... ok
test (windows-latest, 3.12)	Run regression tests including historical migration	2026-09-26T13:11:58.7407739Z test_historical_state_replays_replacement_rollback_and_history_final_state (test_long_history.LongHistoryTests.test_historical_state_replays_replacement_rollback_and_history_final_state) ... ok
test (windows-latest, 3.12)	Run regression tests including historical migration	2026-09-26T13:11:59.1731171Z test_history_cannot_bypass_known_world_rule_conflicts (test_long_history.LongHistoryTests.test_history_cannot_bypass_known_world_rule_conflicts) ... ok
test (windows-latest, 3.12)	Run regression tests including historical migration	2026-09-26T13:11:59.7596890Z test_history_dependencies_use_branch_candidates_and_current_records (test_long_history.LongHistoryTests.test_history_dependencies_use_branch_candidates_and_current_records) ... ok
test (windows-latest, 3.12)	Run regression tests including historical migration	2026-09-26T13:12:00.1180862Z test_imported_baseline_can_only_publish_after_plan_and_full_reviews (test_long_history.LongHistoryTests.test_imported_baseline_can_only_publish_after_plan_and_full_reviews) ... ok
test (windows-latest, 3.12)	Run regression tests including historical migration	2026-09-26T13:12:00.5734655Z test_incomplete_dependencies_require_semantic_scope_including_later_chapters (test_long_history.LongHistoryTests.test_incomplete_dependencies_require_semantic_scope_including_later_chapters) ... ok
test (windows-latest, 3.12)	Run regression tests including historical migration	2026-09-26T13:12:00.8233543Z test_inspection_budget_failure_rolls_back_start_update_and_refresh (test_long_history.LongHistoryTests.test_inspection_budget_failure_rolls_back_start_update_and_refresh) ... ok
test (windows-latest, 3.12)	Run regression tests including historical migration	2026-09-26T13:12:01.0452996Z test_inspection_provides_exact_candidate_review_scaffold_without_passing_it (test_long_history.LongHistoryTests.test_inspection_provides_exact_candidate_review_scaffold_without_passing_it) ... ok
test (windows-latest, 3.12)	Run regression tests including historical migration	2026-09-26T13:12:01.2782487Z test_large_cache_can_be_saved_but_read_requires_an_explicit_sufficient_budget (test_long_history.LongHistoryTests.test_large_cache_can_be_saved_but_read_requires_an_explicit_sufficient_budget) ... ok
test (windows-latest, 3.12)	Run regression tests including historical migration	2026-09-26T13:12:01.7539643Z test_later_world_baseline_blocks_replace_until_history_rebinds_evidence (test_long_history.LongHistoryTests.test_later_world_baseline_blocks_replace_until_history_rebinds_evidence) ... ok
test (windows-latest, 3.12)	Run regression tests including historical migration	2026-09-26T13:12:02.1715706Z test_legacy_seed_does_not_guess_required_card_history_from_current_state (test_long_history.LongHistoryTests.test_legacy_seed_does_not_guess_required_card_history_from_current_state) ... ok
test (windows-latest, 3.12)	Run regression tests including historical migration	2026-09-26T13:12:02.5010862Z test_major_and_blocker_still_block_history_and_unknown_severity_is_rejected (test_long_history.LongHistoryTests.test_major_and_blocker_still_block_history_and_unknown_severity_is_rejected) ... ok
test (windows-latest, 3.12)	Run regression tests including historical migration	2026-09-26T13:12:02.8794139Z test_new_dependent_chapter_cannot_hide_behind_refresh (test_long_history.LongHistoryTests.test_new_dependent_chapter_cannot_hide_behind_refresh) ... ok
test (windows-latest, 3.12)	Run regression tests including historical migration	2026-09-26T13:12:03.2921493Z test_outside_edit_can_be_explicitly_bound_and_export_retry_keeps_hash (test_long_history.LongHistoryTests.test_outside_edit_can_be_explicitly_bound_and_export_retry_keeps_hash) ... ok
test (windows-latest, 3.12)	Run regression tests including historical migration	2026-09-26T13:12:03.6251907Z test_publication_queue_failure_rolls_back_all_candidate_state (test_long_history.LongHistoryTests.test_publication_queue_failure_rolls_back_all_candidate_state) ... ok
test (windows-latest, 3.12)	Run regression tests including historical migration	2026-09-26T13:12:04.0689348Z test_published_retry_recovers_export_without_repeating_state_or_events (test_long_history.LongHistoryTests.test_published_retry_recovers_export_without_repeating_state_or_events) ... ok
test (windows-latest, 3.12)	Run regression tests including historical migration	2026-09-26T13:12:04.2523081Z test_replace_dependency_validation_uses_recorded_preimage_not_postchapter_card (test_long_history.LongHistoryTests.test_replace_dependency_validation_uses_recorded_preimage_not_postchapter_card) ... ok
test (windows-latest, 3.12)	Run regression tests including historical migration	2026-09-26T13:12:04.5322105Z test_saved_candidate_can_be_read_in_bounded_pieces_without_publishing (test_long_history.LongHistoryTests.test_saved_candidate_can_be_read_in_bounded_pieces_without_publishing) ... ok
test (windows-latest, 3.12)	Run regression tests including historical migration	2026-09-26T13:12:04.9611701Z test_second_branch_cannot_publish_after_first_changes_same_history (test_long_history.LongHistoryTests.test_second_branch_cannot_publish_after_first_changes_same_history) ... ok
test (windows-latest, 3.12)	Run regression tests including historical migration	2026-09-26T13:12:05.2328762Z test_single_chapter_inspection_has_budget_and_never_truncates_review_evidence (test_long_history.LongHistoryTests.test_single_chapter_inspection_has_budget_and_never_truncates_review_evidence) ... ok
test (windows-latest, 3.12)	Run regression tests including historical migration	2026-09-26T13:12:05.5725129Z test_snapshot_uses_body_and_card_pointers_and_nearest_predecessor (test_long_history.LongHistoryTests.test_snapshot_uses_body_and_card_pointers_and_nearest_predecessor) ... ok
test (windows-latest, 3.12)	Run regression tests including historical migration	2026-09-26T13:12:05.9805101Z test_state_requires_explicit_keep_or_update_and_is_atomic_with_text (test_long_history.LongHistoryTests.test_state_requires_explicit_keep_or_update_and_is_atomic_with_text) ... ok
test (windows-latest, 3.12)	Run regression tests including historical migration	2026-09-26T13:12:06.5483616Z test_typed_cognition_reference_expands_history_scope_before_retirement (test_long_history.LongHistoryTests.test_typed_cognition_reference_expands_history_scope_before_retirement) ... ok
test (windows-latest, 3.12)	Run regression tests including historical migration	2026-09-26T13:12:06.9324932Z test_unrelated_revision_needs_explicit_refresh_and_keeps_review (test_long_history.LongHistoryTests.test_unrelated_revision_needs_explicit_refresh_and_keeps_review) ... ok
test (windows-latest, 3.12)	Run regression tests including historical migration	2026-09-26T13:12:07.4497171Z test_world_evidence_creates_far_dependency_without_duplicate_chapter_edge (test_long_history.LongHistoryTests.test_world_evidence_creates_far_dependency_without_duplicate_chapter_edge) ... ok
test (windows-latest, 3.12)	Run regression tests including historical migration	2026-09-26T13:12:07.9119793Z test_world_evidence_requires_atomic_rebind_and_keeps_old_state_on_failure (test_long_history.LongHistoryTests.test_world_evidence_requires_atomic_rebind_and_keeps_old_state_on_failure) ... ok
test (windows-latest, 3.12)	Run regression tests including historical migration	2026-09-26T13:12:08.4917052Z test_world_record_can_be_retired_with_evidence_and_remains_retired_on_next_revision (test_long_history.LongHistoryTests.test_world_record_can_be_retired_with_evidence_and_remains_retired_on_next_revision) ... ok
test (windows-latest, 3.12)	Run regression tests including historical migration	2026-09-26T13:12:08.8288961Z test_abandoned_author_plan_does_not_double_count_observed_action (test_long_integration_review.LongIntegrationReviewTests.test_abandoned_author_plan_does_not_double_count_observed_action) ... ok
test (windows-latest, 3.12)	Run regression tests including historical migration	2026-09-26T13:12:09.0467149Z test_future_same_chapter_rule_does_not_legalize_earlier_use (test_long_integration_review.LongIntegrationReviewTests.test_future_same_chapter_rule_does_not_legalize_earlier_use) ... ok
test (windows-latest, 3.12)	Run regression tests including historical migration	2026-09-26T13:12:09.2933481Z test_new_chapter_opening_and_payment_are_applied_once (test_long_integration_review.LongIntegrationReviewTests.test_new_chapter_opening_and_payment_are_applied_once) ... ok
test (windows-latest, 3.12)	Run regression tests including historical migration	2026-09-26T13:12:09.5140719Z test_observed_cooldown_is_rejected_even_without_prior_planned_use (test_long_integration_review.LongIntegrationReviewTests.test_observed_cooldown_is_rejected_even_without_prior_planned_use) ... ok
test (windows-latest, 3.12)	Run regression tests including historical migration	2026-09-26T13:12:09.7395504Z test_observed_overdraft_is_rejected_even_without_prior_planned_transfer (test_long_integration_review.LongIntegrationReviewTests.test_observed_overdraft_is_rejected_even_without_prior_planned_transfer) ... ok
test (windows-latest, 3.12)	Run regression tests including historical migration	2026-09-26T13:12:09.7403964Z test_bigram_presence_is_not_an_exact_match (test_long_search.SearchTests.test_bigram_presence_is_not_an_exact_match) ... ok
test (windows-latest, 3.12)	Run regression tests including historical migration	2026-09-26T13:12:09.7416983Z test_candidate_cutoff_never_claims_no_match_and_kind_filter_uses_index (test_long_search.SearchTests.test_candidate_cutoff_never_claims_no_match_and_kind_filter_uses_index) ... ok
test (windows-latest, 3.12)	Run regression tests including historical migration	2026-09-26T13:12:09.7429124Z test_failed_update_restores_old_postings_source_and_metadata (test_long_search.SearchTests.test_failed_update_restores_old_postings_source_and_metadata) ... ok
test (windows-latest, 3.12)	Run regression tests including historical migration	2026-09-26T13:12:09.7478352Z test_identical_hash_keeps_distinct_sources_and_reads_object_once (test_long_search.SearchTests.test_identical_hash_keeps_distinct_sources_and_reads_object_once) ... ok
test (windows-latest, 3.12)	Run regression tests including historical migration	2026-09-26T13:12:09.7486469Z test_injected_helpers_and_caller_transaction_rollback (test_long_search.SearchTests.test_injected_helpers_and_caller_transaction_rollback) ... ok
test (windows-latest, 3.12)	Run regression tests including historical migration	2026-09-26T13:12:09.7499901Z test_literal_punctuation_english_spaces_and_unicode_offsets (test_long_search.SearchTests.test_literal_punctuation_english_spaces_and_unicode_offsets) ... ok
test (windows-latest, 3.12)	Run regression tests including historical migration	2026-09-26T13:12:09.7511085Z test_removing_one_shared_source_preserves_other_identity_and_object (test_long_search.SearchTests.test_removing_one_shared_source_preserves_other_identity_and_object) ... ok
test (windows-latest, 3.12)	Run regression tests including historical migration	2026-09-26T13:12:09.7522568Z test_result_and_character_limits_are_explicit_and_results_stable (test_long_search.SearchTests.test_result_and_character_limits_are_explicit_and_results_stable) ... ok
test (windows-latest, 3.12)	Run regression tests including historical migration	2026-09-26T13:12:13.1941453Z test_twenty_thousand_unrelated_cards_do_not_scan_source_texts (test_long_search.SearchTests.test_twenty_thousand_unrelated_cards_do_not_scan_source_texts) ... ok
test (windows-latest, 3.12)	Run regression tests including historical migration	2026-09-26T13:12:13.1954444Z test_two_character_and_long_names_and_single_character_title (test_long_search.SearchTests.test_two_character_and_long_names_and_single_character_title) ... ok
test (windows-latest, 3.12)	Run regression tests including historical migration	2026-09-26T13:12:13.1968559Z test_update_remove_and_metadata_only_updates_preserve_identity (test_long_search.SearchTests.test_update_remove_and_metadata_only_updates_preserve_identity) ... ok
test (windows-latest, 3.12)	Run regression tests including historical migration	2026-09-26T13:12:13.3680318Z test_analyzed_source_daily_reads_do_not_load_whole_text_into_python (test_long_storage.LongStorageTests.test_analyzed_source_daily_reads_do_not_load_whole_text_into_python) ... ok
test (windows-latest, 3.12)	Run regression tests including historical migration	2026-09-26T13:12:13.6347682Z test_archived_prose_remains_readable_by_version_under_a_byte_budget (test_long_storage.LongStorageTests.test_archived_prose_remains_readable_by_version_under_a_byte_budget) ... ok
test (windows-latest, 3.12)	Run regression tests including historical migration	2026-09-26T13:12:13.9511885Z test_body_dedup_and_incremental_cards_and_no_write_transaction_during_io (test_long_storage.LongStorageTests.test_body_dedup_and_incremental_cards_and_no_write_transaction_during_io) ... ok
test (windows-latest, 3.12)	Run regression tests including historical migration	2026-09-26T13:12:14.1201020Z test_dependency_candidates_can_be_reviewed_in_the_same_chapter_commit (test_long_storage.LongStorageTests.test_dependency_candidates_can_be_reviewed_in_the_same_chapter_commit) ... ok
test (windows-latest, 3.12)	Run regression tests including historical migration	2026-09-26T13:12:14.3964211Z test_explicit_migration_preserves_export_identity_and_rollback_backup (test_long_storage.LongStorageTests.test_explicit_migration_preserves_export_identity_and_rollback_backup) ... ok
test (windows-latest, 3.12)	Run regression tests including historical migration	2026-09-26T13:12:14.6444440Z test_failed_migration_rolls_back_all_ddl (test_long_storage.LongStorageTests.test_failed_migration_rolls_back_all_ddl) ... ok
test (windows-latest, 3.12)	Run regression tests including historical migration	2026-09-26T13:12:14.9273109Z test_local_mode_does_not_claim_archival_integrity (test_long_storage.LongStorageTests.test_local_mode_does_not_claim_archival_integrity) ... ok
test (windows-latest, 3.12)	Run regression tests including historical migration	2026-09-26T13:12:15.0681937Z test_scoped_hard_constraints_dont_accumulate_across_volumes (test_long_storage.LongStorageTests.test_scoped_hard_constraints_dont_accumulate_across_volumes) ... ok
test (windows-latest, 3.12)	Run regression tests including historical migration	2026-09-26T13:12:15.2547543Z test_world_delta_is_atomic_and_latest_rewrite_requires_history (test_long_storage.LongStorageTests.test_world_delta_is_atomic_and_latest_rewrite_requires_history) ... ok
test (windows-latest, 3.12)	Run regression tests including historical migration	2026-09-26T13:12:15.2578570Z test_allowed_decimal_quantities_remain_exact_above_default_precision (test_long_world.LongWorldTests.test_allowed_decimal_quantities_remain_exact_above_default_precision) ... ok
test (windows-latest, 3.12)	Run regression tests including historical migration	2026-09-26T13:12:15.2619433Z test_author_plan_is_separate_and_can_promote_without_double_event (test_long_world.LongWorldTests.test_author_plan_is_separate_and_can_promote_without_double_event) ... ok
test (windows-latest, 3.12)	Run regression tests including historical migration	2026-09-26T13:12:15.2655118Z test_belief_does_not_overwrite_world_truth (test_long_world.LongWorldTests.test_belief_does_not_overwrite_world_truth) ... ok
test (windows-latest, 3.12)	Run regression tests including historical migration	2026-09-26T13:12:15.2676249Z test_chapter_and_world_changes_share_one_transaction (test_long_world.LongWorldTests.test_chapter_and_world_changes_share_one_transaction) ... ok
test (windows-latest, 3.12)	Run regression tests including historical migration	2026-09-26T13:12:15.2710567Z test_character_can_break_a_promise_with_explicit_consequences (test_long_world.LongWorldTests.test_character_can_break_a_promise_with_explicit_consequences) ... ok
test (windows-latest, 3.12)	Run regression tests including historical migration	2026-09-26T13:12:15.2731497Z test_chinese_names_and_scoped_aliases_never_guess (test_long_world.LongWorldTests.test_chinese_names_and_scoped_aliases_never_guess) ... ok
test (windows-latest, 3.12)	Run regression tests including historical migration	2026-09-26T13:12:15.2783063Z test_complete_template_is_valid_planned_data_only (test_long_world.LongWorldTests.test_complete_template_is_valid_planned_data_only) ... ok
test (windows-latest, 3.12)	Run regression tests including historical migration	2026-09-26T13:12:15.2811358Z test_each_story_line_resumes_its_own_checkpoint (test_long_world.LongWorldTests.test_each_story_line_resumes_its_own_checkpoint) ... ok
test (windows-latest, 3.12)	Run regression tests including historical migration	2026-09-26T13:12:15.2831244Z test_evidence_failure_rolls_back_whole_batch_and_revision (test_long_world.LongWorldTests.test_evidence_failure_rolls_back_whole_batch_and_revision) ... ok
test (windows-latest, 3.12)	Run regression tests including historical migration	2026-09-26T13:12:15.2873335Z test_exact_resource_flow_and_unknown_quantities (test_long_world.LongWorldTests.test_exact_resource_flow_and_unknown_quantities) ... ok
test (windows-latest, 3.12)	Run regression tests including historical migration	2026-09-26T13:12:15.2911764Z test_flashback_knowledge_excludes_future_acquisition (test_long_world.LongWorldTests.test_flashback_knowledge_excludes_future_acquisition) ... ok
test (windows-latest, 3.12)	Run regression tests including historical migration	2026-09-26T13:12:15.2945815Z test_future_observed_use_does_not_break_earlier_planned_scene (test_long_world.LongWorldTests.test_future_observed_use_does_not_break_earlier_planned_scene) ... ok
test (windows-latest, 3.12)	Run regression tests including historical migration	2026-09-26T13:12:15.2977612Z test_hard_promise_due_even_without_related_entity_and_payoff_has_evidence (test_long_world.LongWorldTests.test_hard_promise_due_even_without_related_entity_and_payoff_has_evidence) ... ok
test (windows-latest, 3.12)	Run regression tests including historical migration	2026-09-26T13:12:15.3343992Z test_historical_versions_are_filtered_before_text_materialization (test_long_world.LongWorldTests.test_historical_versions_are_filtered_before_text_materialization) ... ok
test (windows-latest, 3.12)	Run regression tests including historical migration	2026-09-26T13:12:15.3378458Z test_history_can_rebind_or_retire_without_leaving_stale_live_state (test_long_world.LongWorldTests.test_history_can_rebind_or_retire_without_leaving_stale_live_state) ... ok
test (windows-latest, 3.12)	Run regression tests including historical migration	2026-09-26T13:12:15.3400731Z test_history_invalidation_is_transactional_and_non_destructive (test_long_world.LongWorldTests.test_history_invalidation_is_transactional_and_non_destructive) ... ok
test (windows-latest, 3.12)	Run regression tests including historical migration	2026-09-26T13:12:15.3436016Z test_history_rebinds_seed_before_payoff_without_false_reopening (test_long_world.LongWorldTests.test_history_rebinds_seed_before_payoff_without_false_reopening) ... ok
test (windows-latest, 3.12)	Run regression tests including historical migration	2026-09-26T13:12:15.3471551Z test_later_published_flashback_does_not_inherit_future_payoff (test_long_world.LongWorldTests.test_later_published_flashback_does_not_inherit_future_payoff) ... ok
test (windows-latest, 3.12)	Run regression tests including historical migration	2026-09-26T13:12:15.3500789Z test_latest_text_edit_stales_bound_facts_and_dependency (test_long_world.LongWorldTests.test_latest_text_edit_stales_bound_facts_and_dependency) ... ok
test (windows-latest, 3.12)	Run regression tests including historical migration	2026-09-26T13:12:15.3527047Z test_normal_reinforcement_after_fulfillment_still_requires_reopening (test_long_world.LongWorldTests.test_normal_reinforcement_after_fulfillment_still_requires_reopening) ... ok
test (windows-latest, 3.12)	Run regression tests including historical migration	2026-09-26T13:12:15.3558860Z test_payoff_reached_through_seed_without_repeating_entity_tags (test_long_world.LongWorldTests.test_payoff_reached_through_seed_without_repeating_entity_tags) ... ok
test (windows-latest, 3.12)	Run regression tests including historical migration	2026-09-26T13:12:15.3583998Z test_planned_income_cannot_be_reported_as_actual_balance (test_long_world.LongWorldTests.test_planned_income_cannot_be_reported_as_actual_balance) ... ok
test (windows-latest, 3.12)	Run regression tests including historical migration	2026-09-26T13:12:15.3615443Z test_repeated_arc_pattern_is_advice_with_comparable_evidence (test_long_world.LongWorldTests.test_repeated_arc_pattern_is_advice_with_comparable_evidence) ... ok
test (windows-latest, 3.12)	Run regression tests including historical migration	2026-09-26T13:12:15.3640617Z test_retired_fact_requires_live_knowledge_dependency_to_be_repaired (test_long_world.LongWorldTests.test_retired_fact_requires_live_knowledge_dependency_to_be_repaired) ... ok
test (windows-latest, 3.12)	Run regression tests including historical migration	2026-09-26T13:12:15.3672765Z test_rolling_arc_replanning_does_not_change_published_facts (test_long_world.LongWorldTests.test_rolling_arc_replanning_does_not_change_published_facts) ... ok
test (windows-latest, 3.12)	Run regression tests including historical migration	2026-09-26T13:12:15.3719407Z test_rules_are_versioned_and_cooldown_is_per_actor_and_clock (test_long_world.LongWorldTests.test_rules_are_versioned_and_cooldown_is_per_actor_and_clock) ... ok
test (windows-latest, 3.12)	Run regression tests including historical migration	2026-09-26T13:12:15.3738766Z test_schema_and_boolean_input_validation (test_long_world.LongWorldTests.test_schema_and_boolean_input_validation) ... ok
test (windows-latest, 3.12)	Run regression tests including historical migration	2026-09-26T13:12:15.3768023Z test_selected_hard_state_is_never_silently_truncated (test_long_world.LongWorldTests.test_selected_hard_state_is_never_silently_truncated) ... ok
test (windows-latest, 3.12)	Run regression tests including historical migration	2026-09-26T13:12:15.3800511Z test_simulated_chapter_300_recalls_seed_and_separates_soft_schedule (test_long_world.LongWorldTests.test_simulated_chapter_300_recalls_seed_and_separates_soft_schedule) ... ok
test (windows-latest, 3.12)	Run regression tests including historical migration	2026-09-26T13:12:15.3829486Z test_stale_checkpoint_and_balance_cannot_bypass_evidence_check (test_long_world.LongWorldTests.test_stale_checkpoint_and_balance_cannot_bypass_evidence_check) ... ok
test (windows-latest, 3.12)	Run regression tests including historical migration	2026-09-26T13:12:15.3856105Z test_unknown_opening_time_never_claims_exact_scene_balance (test_long_world.LongWorldTests.test_unknown_opening_time_never_claims_exact_scene_balance) ... ok
test (windows-latest, 3.12)	Run regression tests including historical migration	2026-09-26T13:12:15.5301622Z test_explicit_release_clears_constraint_without_erasing_other_fields (test_notes_updates.NotesUpdateTests.test_explicit_release_clears_constraint_without_erasing_other_fields) ... ok
test (windows-latest, 3.12)	Run regression tests including historical migration	2026-09-26T13:12:15.6128427Z test_invalid_new_card_rolls_back_entire_update (test_notes_updates.NotesUpdateTests.test_invalid_new_card_rolls_back_entire_update) ... ok
test (windows-latest, 3.12)	Run regression tests including historical migration	2026-09-26T13:12:15.7304974Z test_stale_update_cannot_restore_an_old_constraint (test_notes_updates.NotesUpdateTests.test_stale_update_cannot_restore_an_old_constraint) ... ok
test (windows-latest, 3.12)	Run regression tests including historical migration	2026-09-26T13:12:15.8574317Z test_text_update_keeps_hard_constraint_in_context_and_retry_is_noop (test_notes_updates.NotesUpdateTests.test_text_update_keeps_hard_constraint_in_context_and_retry_is_noop) ... ok
test (windows-latest, 3.12)	Run regression tests including historical migration	2026-09-26T13:12:15.9538163Z test_atomic_replace_failure_preserves_previous_archive (test_package.PackagePublicationTests.test_atomic_replace_failure_preserves_previous_archive) ... ok
test (windows-latest, 3.12)	Run regression tests including historical migration	2026-09-26T13:12:16.0351077Z test_crc_validation_failure_preserves_previous_archive (test_package.PackagePublicationTests.test_crc_validation_failure_preserves_previous_archive) ... ok
test (windows-latest, 3.12)	Run regression tests including historical migration	2026-09-26T13:12:16.1340576Z test_partial_write_then_disk_full_preserves_previous_archive (test_package.PackagePublicationTests.test_partial_write_then_disk_full_preserves_previous_archive) ... ok
test (windows-latest, 3.12)	Run regression tests including historical migration	2026-09-26T13:12:16.2265259Z test_sibling_project_material_is_never_packaged (test_package.PackagePublicationTests.test_sibling_project_material_is_never_packaged) ... ok
test (windows-latest, 3.12)	Run regression tests including historical migration	2026-09-26T13:12:16.3105585Z test_success_uses_same_directory_stage_and_reproduces_hash (test_package.PackagePublicationTests.test_success_uses_same_directory_stage_and_reproduces_hash) ... ok
test (windows-latest, 3.12)	Run regression tests including historical migration	2026-09-26T13:12:16.4040971Z test_unknown_payload_file_or_missing_dependency_preserves_previous_archive (test_package.PackagePublicationTests.test_unknown_payload_file_or_missing_dependency_preserves_previous_archive) ... ok
test (windows-latest, 3.12)	Run regression tests including historical migration	2026-09-26T13:12:16.4862000Z test_valid_crc_but_wrong_member_content_is_rejected (test_package.PackagePublicationTests.test_valid_crc_but_wrong_member_content_is_rejected) ... ok
test (windows-latest, 3.12)	Run regression tests including historical migration	2026-09-26T13:12:16.5465199Z test_default_archive_name_tracks_the_actual_packaged_runtime (test_package.PackageVersionTests.test_default_archive_name_tracks_the_actual_packaged_runtime) ... ok
test (windows-latest, 3.12)	Run regression tests including historical migration	2026-09-26T13:12:16.7900257Z test_manifest_is_bound_to_version_and_unknown_families_are_rejected (test_package.PackageVersionTests.test_manifest_is_bound_to_version_and_unknown_families_are_rejected) ... ok
test (windows-latest, 3.12)	Run regression tests including historical migration	2026-09-26T13:12:16.8443276Z test_mismatched_filename_cannot_replace_an_existing_archive (test_package.PackageVersionTests.test_mismatched_filename_cannot_replace_an_existing_archive) ... ok
test (windows-latest, 3.12)	Run regression tests including historical migration	2026-09-26T13:12:16.9007336Z test_missing_reviewed_file_cannot_replace_existing_archive (test_package.PackageVersionTests.test_missing_reviewed_file_cannot_replace_existing_archive) ... ok
test (windows-latest, 3.12)	Run regression tests including historical migration	2026-09-26T13:12:16.9010026Z test_reads_literal_version_without_executing_runtime (test_package.PackageVersionTests.test_reads_literal_version_without_executing_runtime) ... ok
test (windows-latest, 3.12)	Run regression tests including historical migration	2026-09-26T13:12:16.9858574Z test_build_publishes_only_after_verification (test_package_npm.NpmPackageTests.test_build_publishes_only_after_verification) ... ok
test (windows-latest, 3.12)	Run regression tests including historical migration	2026-09-26T13:12:16.9926904Z test_checksum_binds_exact_filename_and_archive_bytes (test_package_npm.NpmPackageTests.test_checksum_binds_exact_filename_and_archive_bytes) ... ok
test (windows-latest, 3.12)	Run regression tests including historical migration	2026-09-26T13:12:17.0118650Z test_equivalent_remote_gzip_returns_actual_integrity_without_requiring_local_container_hash (test_package_npm.NpmPackageTests.test_equivalent_remote_gzip_returns_actual_integrity_without_requiring_local_container_hash) ... ok
test (windows-latest, 3.12)	Run regression tests including historical migration	2026-09-26T13:12:17.0563041Z test_expected_build_manifest_binds_identity_payload_and_wrapper (test_package_npm.NpmPackageTests.test_expected_build_manifest_binds_identity_payload_and_wrapper) ... ok
test (windows-latest, 3.12)	Run regression tests including historical migration	2026-09-26T13:12:17.1047738Z test_failed_pack_preserves_existing_tarball (test_package_npm.NpmPackageTests.test_failed_pack_preserves_existing_tarball) ... ok
test (windows-latest, 3.12)	Run regression tests including historical migration	2026-09-26T13:12:17.1817758Z test_failed_replace_preserves_existing_tarball (test_package_npm.NpmPackageTests.test_failed_replace_preserves_existing_tarball) ... ok
test (windows-latest, 3.12)	Run regression tests including historical migration	2026-09-26T13:12:17.2543505Z test_failed_tar_validation_preserves_existing_tarball (test_package_npm.NpmPackageTests.test_failed_tar_validation_preserves_existing_tarball) ... ok
test (windows-latest, 3.12)	Run regression tests including historical migration	2026-09-26T13:12:17.2605297Z test_npm_12_keyed_receipt_is_checked_against_its_package_name (test_package_npm.NpmPackageTests.test_npm_12_keyed_receipt_is_checked_against_its_package_name) ... ok
test (windows-latest, 3.12)	Run regression tests including historical migration	2026-09-26T13:12:17.2656286Z test_npm_pack_disables_scripts_and_uses_structured_arguments (test_package_npm.NpmPackageTests.test_npm_pack_disables_scripts_and_uses_structured_arguments) ... ok
test (windows-latest, 3.12)	Run regression tests including historical migration	2026-09-26T13:12:17.2721154Z test_read_release_preserves_crlf_without_executing_payload (test_package_npm.NpmPackageTests.test_read_release_preserves_crlf_without_executing_payload) ... ok
test (windows-latest, 3.12)	Run regression tests including historical migration	2026-09-26T13:12:17.2852776Z test_tarball_cannot_inject_install_hook_into_wrapper (test_package_npm.NpmPackageTests.test_tarball_cannot_inject_install_hook_into_wrapper) ... ok
test (windows-latest, 3.12)	Run regression tests including historical migration	2026-09-26T13:12:17.3067409Z test_tarball_rejects_changed_bytes_and_newline_normalization (test_package_npm.NpmPackageTests.test_tarball_rejects_changed_bytes_and_newline_normalization) ... ok
test (windows-latest, 3.12)	Run regression tests including historical migration	2026-09-26T13:12:17.3496114Z test_tarball_rejects_missing_extra_duplicate_and_links (test_package_npm.NpmPackageTests.test_tarball_rejects_missing_extra_duplicate_and_links) ... ok
test (windows-latest, 3.12)	Run regression tests including historical migration	2026-09-26T13:12:17.3605902Z test_tarball_verification_returns_payload_and_wrapper_evidence (test_package_npm.NpmPackageTests.test_tarball_verification_returns_payload_and_wrapper_evidence) ... ok
test (windows-latest, 3.12)	Run regression tests including historical migration	2026-09-26T13:12:17.3744338Z test_version_must_be_single_literal_and_match_archive_name (test_package_npm.NpmPackageTests.test_version_must_be_single_literal_and_match_archive_name) ... ok
test (windows-latest, 3.12)	Run regression tests including historical migration	2026-09-26T13:12:17.3905762Z test_zip_rejects_extra_missing_duplicate_and_linked_members (test_package_npm.NpmPackageTests.test_zip_rejects_extra_missing_duplicate_and_linked_members) ... ok
test (windows-latest, 3.12)	Run regression tests including historical migration	2026-09-26T13:12:17.3907585Z test_current_package_identity_and_wrapper (test_package_npm.NpmSuiteTests.test_current_package_identity_and_wrapper) ... ok
test (windows-latest, 3.12)	Run regression tests including historical migration	2026-09-26T13:12:17.3911617Z test_only_current_release_family_has_reviewed_layout (test_package_npm.NpmSuiteTests.test_only_current_release_family_has_reviewed_layout) ... ok
test (windows-latest, 3.12)	Run regression tests including historical migration	2026-09-26T13:12:17.3936097Z test_zip_and_npm_share_one_manifest (test_package_npm.NpmSuiteTests.test_zip_and_npm_share_one_manifest) ... ok
test (windows-latest, 3.12)	Run regression tests including historical migration	2026-09-26T13:12:17.6914697Z test_history_inspection_keeps_snapshot_during_a_completed_concurrent_rename (test_path_snapshot.PathSnapshotTests.test_history_inspection_keeps_snapshot_during_a_completed_concurrent_rename) ... ok
test (windows-latest, 3.12)	Run regression tests including historical migration	2026-09-26T13:12:18.1858019Z test_published_history_retry_exposes_current_paths_in_bounded_inspection_pages (test_path_snapshot.PathSnapshotTests.test_published_history_retry_exposes_current_paths_in_bounded_inspection_pages) ... ok
test (windows-latest, 3.12)	Run regression tests including historical migration	2026-09-26T13:12:18.4537480Z test_recall_keeps_original_path_when_another_writer_renames_after_snapshot (test_path_snapshot.PathSnapshotTests.test_recall_keeps_original_path_when_another_writer_renames_after_snapshot) ... ok
test (windows-latest, 3.12)	Run regression tests including historical migration	2026-09-26T13:12:18.6705030Z test_editor_save_during_restore_is_preserved_with_backup (test_portable_export.PortableWindowsExportTests.test_editor_save_during_restore_is_preserved_with_backup) ... ok
test (windows-latest, 3.12)	Run regression tests including historical migration	2026-09-26T13:12:18.9656955Z test_failed_publication_restores_a_copy_and_retains_backup_for_retry (test_portable_export.PortableWindowsExportTests.test_failed_publication_restores_a_copy_and_retains_backup_for_retry) ... ok
test (windows-latest, 3.12)	Run regression tests including historical migration	2026-09-26T13:12:19.1148791Z test_first_export_succeeds_without_hard_links (test_portable_export.PortableWindowsExportTests.test_first_export_succeeds_without_hard_links) ... ok
test (windows-latest, 3.12)	Run regression tests including historical migration	2026-09-26T13:12:19.3197803Z test_recreated_target_wins_over_publication_and_restore (test_portable_export.PortableWindowsExportTests.test_recreated_target_wins_over_publication_and_restore) ... ok
test (windows-latest, 3.12)	Run regression tests including historical migration	2026-09-26T13:12:19.5578025Z test_revision_preserves_old_backup_without_hard_links (test_portable_export.PortableWindowsExportTests.test_revision_preserves_old_backup_without_hard_links) ... ok
test (windows-latest, 3.12)	Run regression tests including historical migration	2026-09-26T13:12:19.5584140Z test_posix_keeps_no_replace_link_publication (test_portable_export.PublicationSelectionTests.test_posix_keeps_no_replace_link_publication) ... ok
test (windows-latest, 3.12)	Run regression tests including historical migration	2026-09-26T13:12:19.8639069Z test_backup_is_unique_complete_and_bound_to_book_identity (test_publish.PublishTests.test_backup_is_unique_complete_and_bound_to_book_identity) ... ok
test (windows-latest, 3.12)	Run regression tests including historical migration	2026-09-26T13:12:20.1538682Z test_cancel_is_idempotent_and_reprepare_keeps_old_plan_cancelled (test_publish.PublishTests.test_cancel_is_idempotent_and_reprepare_keeps_old_plan_cancelled) ... ok
test (windows-latest, 3.12)	Run regression tests including historical migration	2026-09-26T13:12:20.4866794Z test_cancelled_check_does_not_recheck_or_change_its_saved_observation (test_publish.PublishTests.test_cancelled_check_does_not_recheck_or_change_its_saved_observation) ... ok
test (windows-latest, 3.12)	Run regression tests including historical migration	2026-09-26T13:12:20.8303803Z test_changed_text_invalidates_plan_without_replacing_its_frozen_body (test_publish.PublishTests.test_changed_text_invalidates_plan_without_replacing_its_frozen_body) ... ok
test (windows-latest, 3.12)	Run regression tests including historical migration	2026-09-26T13:12:21.0005627Z test_chinese_crlf_and_non_bmp_survive_title_body_conversion (test_publish.PublishTests.test_chinese_crlf_and_non_bmp_survive_title_body_conversion) ... ok
test (windows-latest, 3.12)	Run regression tests including historical migration	2026-09-26T13:12:21.6639788Z test_cli_prepare_inspect_list_and_template_preserve_unicode (test_publish.PublishTests.test_cli_prepare_inspect_list_and_template_preserve_unicode) ... ok
test (windows-latest, 3.12)	Run regression tests including historical migration	2026-09-26T13:12:21.9740450Z test_concurrent_identical_preparations_produce_one_immutable_plan (test_publish.PublishTests.test_concurrent_identical_preparations_produce_one_immutable_plan) ... ok
test (windows-latest, 3.12)	Run regression tests including historical migration	2026-09-26T13:12:22.1968884Z test_corrupted_review_cannot_reuse_a_valid_body_hash (test_publish.PublishTests.test_corrupted_review_cannot_reuse_a_valid_body_hash) ... ok
test (windows-latest, 3.12)	Run regression tests including historical migration	2026-09-26T13:12:22.2457771Z test_empty_list_does_not_create_ledger_or_modify_writing_history (test_publish.PublishTests.test_empty_list_does_not_create_ledger_or_modify_writing_history) ... ok
test (windows-latest, 3.12)	Run regression tests including historical migration	2026-09-26T13:12:22.5042933Z test_external_edit_and_missing_export_block_prepare_and_check (test_publish.PublishTests.test_external_edit_and_missing_export_block_prepare_and_check) ... ok
test (windows-latest, 3.12)	Run regression tests including historical migration	2026-09-26T13:12:22.7200498Z test_failed_initialization_and_insert_leave_no_half_created_ledger (test_publish.PublishTests.test_failed_initialization_and_insert_leave_no_half_created_ledger) ... ok
test (windows-latest, 3.12)	Run regression tests including historical migration	2026-09-26T13:12:22.9594130Z test_failed_new_plan_insert_preserves_existing_ledger_then_retries (test_publish.PublishTests.test_failed_new_plan_insert_preserves_existing_ledger_then_retries) ... ok
test (windows-latest, 3.12)	Run regression tests including historical migration	2026-09-26T13:12:23.6752653Z test_first_insert_process_crash_retries_in_new_process_without_duplicate_plan (test_publish.PublishTests.test_first_insert_process_crash_retries_in_new_process_without_duplicate_plan) ... ok
test (windows-latest, 3.12)	Run regression tests including historical migration	2026-09-26T13:12:24.4073230Z test_first_schema_process_crash_retries_in_new_process_without_half_ledger (test_publish.PublishTests.test_first_schema_process_crash_retries_in_new_process_without_half_ledger) ... ok
test (windows-latest, 3.12)	Run regression tests including historical migration	2026-09-26T13:12:24.7106668Z test_hashes_inside_prose_and_unrecognized_opening_are_preserved (test_publish.PublishTests.test_hashes_inside_prose_and_unrecognized_opening_are_preserved) ... ok
test (windows-latest, 3.12)	Run regression tests including historical migration	2026-09-26T13:12:25.1570182Z test_hot_journal_requires_writable_check_and_recovers_without_story_mutation (test_publish.PublishTests.test_hot_journal_requires_writable_check_and_recovers_without_story_mutation) ... ok
test (windows-latest, 3.12)	Run regression tests including historical migration	2026-09-26T13:12:25.4712828Z test_imported_baseline_requires_real_history_review_then_becomes_eligible (test_publish.PublishTests.test_imported_baseline_requires_real_history_review_then_becomes_eligible) ... ok
test (windows-latest, 3.12)	Run regression tests including historical migration	2026-09-26T13:12:25.7504131Z test_invalid_platform_mode_chapter_ranges_and_unknown_fields_are_rejected (test_publish.PublishTests.test_invalid_platform_mode_chapter_ranges_and_unknown_fields_are_rejected) ... ok
test (windows-latest, 3.12)	Run regression tests including historical migration	2026-09-26T13:12:26.2489521Z test_ledger_rejects_missing_or_weakened_freeze_constraints (test_publish.PublishTests.test_ledger_rejects_missing_or_weakened_freeze_constraints) ... ok
test (windows-latest, 3.12)	Run regression tests including historical migration	2026-09-26T13:12:26.8898649Z test_legacy_h1_unicode_whitespace_with_and_without_formal_title (test_publish.PublishTests.test_legacy_h1_unicode_whitespace_with_and_without_formal_title) ... ok
test (windows-latest, 3.12)	Run regression tests including historical migration	2026-09-26T13:12:27.0510692Z test_legacy_markdown_title_conflicting_with_formal_plan_is_blocked (test_publish.PublishTests.test_legacy_markdown_title_conflicting_with_formal_plan_is_blocked) ... ok
test (windows-latest, 3.12)	Run regression tests including historical migration	2026-09-26T13:12:27.2341695Z test_legacy_markdown_title_matching_formal_plan_is_separated (test_publish.PublishTests.test_legacy_markdown_title_matching_formal_plan_is_separated) ... ok
test (windows-latest, 3.12)	Run regression tests including historical migration	2026-09-26T13:12:27.4046050Z test_legacy_markdown_title_without_plan_title_remains_publishable (test_publish.PublishTests.test_legacy_markdown_title_without_plan_title_remains_publishable) ... ok
test (windows-latest, 3.12)	Run regression tests including historical migration	2026-09-26T13:12:27.5980690Z test_linked_sidecar_and_backup_directory_never_write_outside_book (test_publish.PublishTests.test_linked_sidecar_and_backup_directory_never_write_outside_book) ... ok
test (windows-latest, 3.12)	Run regression tests including historical migration	2026-09-26T13:12:27.8011682Z test_manifest_damage_is_rejected_by_list_inspect_and_backup (test_publish.PublishTests.test_manifest_damage_is_rejected_by_list_inspect_and_backup) ... ok
test (windows-latest, 3.12)	Run regression tests including historical migration	2026-09-26T13:12:27.9827118Z test_missing_chapter_and_analysis_book_cannot_prepare (test_publish.PublishTests.test_missing_chapter_and_analysis_book_cannot_prepare) ... ok
test (windows-latest, 3.12)	Run regression tests including historical migration	2026-09-26T13:12:28.3157749Z test_new_head_and_changed_account_or_target_do_not_reuse_previous_plan (test_publish.PublishTests.test_new_head_and_changed_account_or_target_do_not_reuse_previous_plan) ... ok
test (windows-latest, 3.12)	Run regression tests including historical migration	2026-09-26T13:12:28.5808915Z test_pagination_accounts_for_every_plan_without_silent_budget_truncation (test_publish.PublishTests.test_pagination_accounts_for_every_plan_without_silent_budget_truncation) ... ok
test (windows-latest, 3.12)	Run regression tests including historical migration	2026-09-26T13:12:28.7480272Z test_plain_first_body_line_is_never_mistaken_for_a_heading (test_publish.PublishTests.test_plain_first_body_line_is_never_mistaken_for_a_heading) ... ok
test (windows-latest, 3.12)	Run regression tests including historical migration	2026-09-26T13:12:28.9713259Z test_prepare_freezes_exact_source_and_is_idempotent_without_story_events (test_publish.PublishTests.test_prepare_freezes_exact_source_and_is_idempotent_without_story_events) ... ok
test (windows-latest, 3.12)	Run regression tests including historical migration	2026-09-26T13:12:30.4443315Z test_qimao_and_fanqie_bindings_get_distinct_plans_in_numeric_chapter_order (test_publish.PublishTests.test_qimao_and_fanqie_bindings_get_distinct_plans_in_numeric_chapter_order) ... ok
test (windows-latest, 3.12)	Run regression tests including historical migration	2026-09-26T13:12:30.8501815Z test_recover_rejects_a_ledger_copied_from_another_book (test_publish.PublishTests.test_recover_rejects_a_ledger_copied_from_another_book) ... ok
test (windows-latest, 3.12)	Run regression tests including historical migration	2026-09-26T13:12:31.2194078Z test_recover_rejects_damaged_manifest_instead_of_claiming_repair (test_publish.PublishTests.test_recover_rejects_damaged_manifest_instead_of_claiming_repair) ... ok
test (windows-latest, 3.12)	Run regression tests including historical migration	2026-09-26T13:12:31.4412216Z test_recover_without_an_existing_ledger_never_initializes_publishing (test_publish.PublishTests.test_recover_without_an_existing_ledger_never_initializes_publishing) ... ok
test (windows-latest, 3.12)	Run regression tests including historical migration	2026-09-26T13:12:32.1890094Z test_recover_without_id_restores_hot_journal_and_preserves_every_plan (test_publish.PublishTests.test_recover_without_id_restores_hot_journal_and_preserves_every_plan) ... ok
test (windows-latest, 3.12)	Run regression tests including historical migration	2026-09-26T13:12:32.5573754Z test_repaired_export_allows_a_new_plan_without_reactivating_stale_one (test_publish.PublishTests.test_repaired_export_allows_a_new_plan_without_reactivating_stale_one) ... ok
test (windows-latest, 3.12)	Run regression tests including historical migration	2026-09-26T13:12:32.7686658Z test_reused_plan_records_the_new_source_check_time (test_publish.PublishTests.test_reused_plan_records_the_new_source_check_time) ... ok
test (windows-latest, 3.12)	Run regression tests including historical migration	2026-09-26T13:12:33.0314345Z test_reviewed_import_without_a_title_is_not_given_a_fabricated_title (test_publish.PublishTests.test_reviewed_import_without_a_title_is_not_given_a_fabricated_title) ... ok
test (windows-latest, 3.12)	Run regression tests including historical migration	2026-09-26T13:12:33.2502289Z test_same_body_new_history_head_also_invalidates_plan (test_publish.PublishTests.test_same_body_new_history_head_also_invalidates_plan) ... ok
test (windows-latest, 3.12)	Run regression tests including historical migration	2026-09-26T13:12:33.5615244Z test_saved_prepared_state_does_not_claim_a_fresh_check_after_revision (test_publish.PublishTests.test_saved_prepared_state_does_not_claim_a_fresh_check_after_revision) ... ok
test (windows-latest, 3.12)	Run regression tests including historical migration	2026-09-26T13:12:34.2142485Z test_stale_batch_recheck_reports_new_changes_to_other_chapters (test_publish.PublishTests.test_stale_batch_recheck_reports_new_changes_to_other_chapters) ... ok
test (windows-latest, 3.12)	Run regression tests including historical migration	2026-09-26T13:12:34.3622772Z test_stale_revision_and_ambiguous_title_cannot_create_a_plan (test_publish.PublishTests.test_stale_revision_and_ambiguous_title_cannot_create_a_plan) ... ok
test (windows-latest, 3.12)	Run regression tests including historical migration	2026-09-26T13:12:34.5530654Z test_symlink_and_hardlink_ledgers_are_rejected_without_touching_target (test_publish.PublishTests.test_symlink_and_hardlink_ledgers_are_rejected_without_touching_target) ... ok
test (windows-latest, 3.12)	Run regression tests including historical migration	2026-09-26T13:12:34.9386187Z test_unicode_indentation_in_an_ordinary_first_paragraph_is_preserved (test_publish.PublishTests.test_unicode_indentation_in_an_ordinary_first_paragraph_is_preserved) ... ok
test (windows-latest, 3.12)	Run regression tests including historical migration	2026-09-26T13:12:35.2412570Z test_unrelated_notes_do_not_change_selected_head_eligibility (test_publish.PublishTests.test_unrelated_notes_do_not_change_selected_head_eligibility) ... ok
test (windows-latest, 3.12)	Run regression tests including historical migration	2026-09-26T13:12:35.7854399Z test_budget_is_hard_and_cli_reports_only_local_evidence (test_publish_compare.PublishCompareTests.test_budget_is_hard_and_cli_reports_only_local_evidence) ... ok
test (windows-latest, 3.12)	Run regression tests including historical migration	2026-09-26T13:12:36.0010384Z test_cancelled_plan_remains_unusable_and_comparison_is_read_only (test_publish_compare.PublishCompareTests.test_cancelled_plan_remains_unusable_and_comparison_is_read_only) ... ok
test (windows-latest, 3.12)	Run regression tests including historical migration	2026-09-26T13:12:36.2047009Z test_complete_copy_matches_only_after_documented_newline_conversion (test_publish_compare.PublishCompareTests.test_complete_copy_matches_only_after_documented_newline_conversion) ... ok
test (windows-latest, 3.12)	Run regression tests including historical migration	2026-09-26T13:12:36.3869208Z test_lone_cr_is_the_only_other_accepted_text_change (test_publish_compare.PublishCompareTests.test_lone_cr_is_the_only_other_accepted_text_change) ... ok
test (windows-latest, 3.12)	Run regression tests including historical migration	2026-09-26T13:12:36.5609716Z test_missing_author_note_is_explicitly_unchecked_not_a_complete_match (test_publish_compare.PublishCompareTests.test_missing_author_note_is_explicitly_unchecked_not_a_complete_match) ... ok
test (windows-latest, 3.12)	Run regression tests including historical migration	2026-09-26T13:12:36.8707824Z test_old_copy_remains_a_frozen_match_but_is_unusable_after_formal_revision (test_publish_compare.PublishCompareTests.test_old_copy_remains_a_frozen_match_but_is_unusable_after_formal_revision) ... ok
test (windows-latest, 3.12)	Run regression tests including historical migration	2026-09-26T13:12:37.0984721Z test_rejects_unknown_missing_nontext_and_oversized_fields (test_publish_compare.PublishCompareTests.test_rejects_unknown_missing_nontext_and_oversized_fields) ... ok
test (windows-latest, 3.12)	Run regression tests including historical migration	2026-09-26T13:12:37.2800108Z test_spaces_and_punctuation_are_not_normalized_away (test_publish_compare.PublishCompareTests.test_spaces_and_punctuation_are_not_normalized_away) ... ok
test (windows-latest, 3.12)	Run regression tests including historical migration	2026-09-26T13:12:37.4777546Z test_budget_or_invalid_input_never_writes_half_a_record (test_publish_compare_records.PublishComparisonRecordTests.test_budget_or_invalid_input_never_writes_half_a_record) ... ok
test (windows-latest, 3.12)	Run regression tests including historical migration	2026-09-26T13:12:37.7144055Z test_corrupt_or_cross_plan_record_is_not_silently_listed_or_backed_up (test_publish_compare_records.PublishComparisonRecordTests.test_corrupt_or_cross_plan_record_is_not_silently_listed_or_backed_up) ... ok
test (windows-latest, 3.12)	Run regression tests including historical migration	2026-09-26T13:12:38.0435276Z test_history_paginates_and_backup_recover_include_comparison_records (test_publish_compare_records.PublishComparisonRecordTests.test_history_paginates_and_backup_recover_include_comparison_records) ... ok
test (windows-latest, 3.12)	Run regression tests including historical migration	2026-09-26T13:12:38.2859336Z test_missing_field_and_mismatch_are_retained_without_fabricating_success (test_publish_compare_records.PublishComparisonRecordTests.test_missing_field_and_mismatch_are_retained_without_fabricating_success) ... ok
test (windows-latest, 3.12)	Run regression tests including historical migration	2026-09-26T13:12:38.7252559Z test_old_record_remains_historical_after_revision_and_cancellation (test_publish_compare_records.PublishComparisonRecordTests.test_old_record_remains_historical_after_revision_and_cancellation) ... ok
test (windows-latest, 3.12)	Run regression tests including historical migration	2026-09-26T13:12:38.9614157Z test_record_is_explicit_hash_only_and_history_does_not_recheck_current_source (test_publish_compare_records.PublishComparisonRecordTests.test_record_is_explicit_hash_only_and_history_does_not_recheck_current_source) ... ok
test (windows-latest, 3.12)	Run regression tests including historical migration	2026-09-26T13:12:39.7059720Z test_schema_one_without_records_and_cli_record_history_inspect (test_publish_compare_records.PublishComparisonRecordTests.test_schema_one_without_records_and_cli_record_history_inspect) ... ok
test (windows-latest, 3.12)	Run regression tests including historical migration	2026-09-26T13:12:40.0656564Z test_cancelled_plan_does_not_run_a_source_check_or_create_material (test_publish_export.PublishExportTests.test_cancelled_plan_does_not_run_a_source_check_or_create_material) ... ok
test (windows-latest, 3.12)	Run regression tests including historical migration	2026-09-26T13:12:40.5927269Z test_cli_returns_real_package_path_and_keeps_unicode_content (test_publish_export.PublishExportTests.test_cli_returns_real_package_path_and_keeps_unicode_content) ... ok
test (windows-latest, 3.12)	Run regression tests including historical migration	2026-09-26T13:12:40.9608662Z test_concurrent_destination_conflict_preserves_existing_file (test_publish_export.PublishExportTests.test_concurrent_destination_conflict_preserves_existing_file) ... ok
test (windows-latest, 3.12)	Run regression tests including historical migration	2026-09-26T13:12:41.3165866Z test_external_edit_and_missing_chapter_export_block_material (test_publish_export.PublishExportTests.test_external_edit_and_missing_chapter_export_block_material) ... ok
test (windows-latest, 3.12)	Run regression tests including historical migration	2026-09-26T13:12:41.6280389Z test_linked_output_directory_cannot_write_outside_the_book (test_publish_export.PublishExportTests.test_linked_output_directory_cannot_write_outside_the_book) ... ok
test (windows-latest, 3.12)	Run regression tests including historical migration	2026-09-26T13:12:42.1575205Z test_multichapter_zip_has_exact_frozen_utf8_fields_and_check_receipt (test_publish_export.PublishExportTests.test_multichapter_zip_has_exact_frozen_utf8_fields_and_check_receipt) ... ok
test (windows-latest, 3.12)	Run regression tests including historical migration	2026-09-26T13:12:42.5695372Z test_repeated_export_creates_new_path_and_never_changes_previous_package (test_publish_export.PublishExportTests.test_repeated_export_creates_new_path_and_never_changes_previous_package) ... ok
test (windows-latest, 3.12)	Run regression tests including historical migration	2026-09-26T13:12:42.9408418Z test_stale_plan_is_rechecked_but_not_revived_by_export (test_publish_export.PublishExportTests.test_stale_plan_is_rechecked_but_not_revived_by_export) ... ok
test (windows-latest, 3.12)	Run regression tests including historical migration	2026-09-26T13:12:43.3602359Z test_unchecked_formal_revision_blocks_export_and_persists_stale (test_publish_export.PublishExportTests.test_unchecked_formal_revision_blocks_export_and_persists_stale) ... ok
test (windows-latest, 3.12)	Run regression tests including historical migration	2026-09-26T13:12:43.7501372Z test_valid_zip_with_wrong_body_is_rejected_and_own_stage_is_removed (test_publish_export.PublishExportTests.test_valid_zip_with_wrong_body_is_rejected_and_own_stage_is_removed) ... ok
test (windows-latest, 3.12)	Run regression tests including historical migration	2026-09-26T13:12:44.2194064Z test_another_complete_package_from_same_book_cannot_pass_the_expected_plan_id (test_publish_export_verify.PublishExportVerifyTests.test_another_complete_package_from_same_book_cannot_pass_the_expected_plan_id) ... ok
test (windows-latest, 3.12)	Run regression tests including historical migration	2026-09-26T13:12:44.5689040Z test_changed_formal_body_fails_live_check_without_changing_saved_plan_status (test_publish_export_verify.PublishExportVerifyTests.test_changed_formal_body_fails_live_check_without_changing_saved_plan_status) ... ok
test (windows-latest, 3.12)	Run regression tests including historical migration	2026-09-26T13:12:45.1383417Z test_cli_requires_both_original_plan_id_and_archive_sha (test_publish_export_verify.PublishExportVerifyTests.test_cli_requires_both_original_plan_id_and_archive_sha) ... ok
test (windows-latest, 3.12)	Run regression tests including historical migration	2026-09-26T13:12:45.5901361Z test_cli_verifies_a_saved_zip_and_reports_current_source_scope (test_publish_export_verify.PublishExportVerifyTests.test_cli_verifies_a_saved_zip_and_reports_current_source_scope) ... ok
test (windows-latest, 3.12)	Run regression tests including historical migration	2026-09-26T13:12:45.8469584Z test_corrupt_manifest_deflate_stream_returns_a_structured_error (test_publish_export_verify.PublishExportVerifyTests.test_corrupt_manifest_deflate_stream_returns_a_structured_error) ... ok
test (windows-latest, 3.12)	Run regression tests including historical migration	2026-09-26T13:12:46.1296323Z test_crc_valid_guide_and_directory_rewrites_are_rejected (test_publish_export_verify.PublishExportVerifyTests.test_crc_valid_guide_and_directory_rewrites_are_rejected) ... ok
test (windows-latest, 3.12)	Run regression tests including historical migration	2026-09-26T13:12:46.4164896Z test_crc_valid_title_and_body_rewrites_are_rejected (test_publish_export_verify.PublishExportVerifyTests.test_crc_valid_title_and_body_rewrites_are_rejected) ... ok
test (windows-latest, 3.12)	Run regression tests including historical migration	2026-09-26T13:12:46.7018513Z test_duplicate_member_and_path_traversal_are_rejected (test_publish_export_verify.PublishExportVerifyTests.test_duplicate_member_and_path_traversal_are_rejected) ... ok
test (windows-latest, 3.12)	Run regression tests including historical migration	2026-09-26T13:12:46.9503393Z test_export_rejects_material_above_member_limit_without_leaving_a_partial_package (test_publish_export_verify.PublishExportVerifyTests.test_export_rejects_material_above_member_limit_without_leaving_a_partial_package) ... ok
test (windows-latest, 3.12)	Run regression tests including historical migration	2026-09-26T13:12:47.2103095Z test_external_edit_of_formal_export_marks_saved_package_unusable_without_repair (test_publish_export_verify.PublishExportVerifyTests.test_external_edit_of_formal_export_marks_saved_package_unusable_without_repair) ... ok
test (windows-latest, 3.12)	Run regression tests including historical migration	2026-09-26T13:12:47.6655250Z test_manifest_and_receipt_cannot_claim_another_book_or_plan (test_publish_export_verify.PublishExportVerifyTests.test_manifest_and_receipt_cannot_claim_another_book_or_plan) ... ok
test (windows-latest, 3.12)	Run regression tests including historical migration	2026-09-26T13:12:47.9271932Z test_path_and_handle_ctime_disagreement_does_not_reject_an_unchanged_archive (test_publish_export_verify.PublishExportVerifyTests.test_path_and_handle_ctime_disagreement_does_not_reject_an_unchanged_archive) ... ok
test (windows-latest, 3.12)	Run regression tests including historical migration	2026-09-26T13:12:48.2685355Z test_required_external_digest_accepts_exact_package_and_rejects_a_mismatch (test_publish_export_verify.PublishExportVerifyTests.test_required_external_digest_accepts_exact_package_and_rejects_a_mismatch) ... ok
test (windows-latest, 3.12)	Run regression tests including historical migration	2026-09-26T13:12:48.5449984Z test_saved_package_stays_verifiable_after_cancel_without_reviving_plan (test_publish_export_verify.PublishExportVerifyTests.test_saved_package_stays_verifiable_after_cancel_without_reviving_plan) ... ok
test (windows-latest, 3.12)	Run regression tests including historical migration	2026-09-26T13:12:48.9166597Z test_saved_package_stays_verifiable_after_stale_check_without_reviving_plan (test_publish_export_verify.PublishExportVerifyTests.test_saved_package_stays_verifiable_after_stale_check_without_reviving_plan) ... ok
test (windows-latest, 3.12)	Run regression tests including historical migration	2026-09-26T13:12:49.1849159Z test_valid_export_verifies_saved_artifact_and_current_source_without_writing_ledgers (test_publish_export_verify.PublishExportVerifyTests.test_valid_export_verifies_saved_artifact_and_current_source_without_writing_ledgers) ... ok
test (windows-latest, 3.12)	Run regression tests including historical migration	2026-09-26T13:12:49.6553952Z test_zip_replaced_with_identical_bytes_after_snapshot_fails_closed (test_publish_export_verify.PublishExportVerifyTests.test_zip_replaced_with_identical_bytes_after_snapshot_fails_closed) ... ok
test (windows-latest, 3.12)	Run regression tests including historical migration	2026-09-26T13:12:49.9520679Z test_zip_rewritten_after_snapshot_fails_closed_for_receipt_and_explicit_hash (test_publish_export_verify.PublishExportVerifyTests.test_zip_rewritten_after_snapshot_fails_closed_for_receipt_and_explicit_hash) ... ok
test (windows-latest, 3.12)	Run regression tests including historical migration	2026-09-26T13:12:49.9524400Z test_external_sqlite_cached_descriptor_requires_close_then_retry (test_publish_paths.PublishingConnectionPathTests.test_external_sqlite_cached_descriptor_requires_close_then_retry) ... skipped 'POSIX SQLite descriptor cache'
test (windows-latest, 3.12)	Run regression tests including historical migration	2026-09-26T13:12:49.9527484Z test_fd_number_reuse_for_actual_database_is_accepted (test_publish_paths.PublishingConnectionPathTests.test_fd_number_reuse_for_actual_database_is_accepted) ... skipped 'POSIX descriptor verification'
test (windows-latest, 3.12)	Run regression tests including historical migration	2026-09-26T13:12:50.2663155Z test_module_queries_from_multiple_book_connections_are_serialized (test_publish_paths.PublishingConnectionPathTests.test_module_queries_from_multiple_book_connections_are_serialized) ... ok
test (windows-latest, 3.12)	Run regression tests including historical migration	2026-09-26T13:12:50.2666540Z test_restored_symlink_cannot_redirect_backup_destination (test_publish_paths.PublishingConnectionPathTests.test_restored_symlink_cannot_redirect_backup_destination) ... skipped 'POSIX descriptor verification'
test (windows-latest, 3.12)	Run regression tests including historical migration	2026-09-26T13:12:50.2669627Z test_restored_symlink_cannot_redirect_initial_creation (test_publish_paths.PublishingConnectionPathTests.test_restored_symlink_cannot_redirect_initial_creation) ... skipped 'POSIX descriptor verification'
test (windows-latest, 3.12)	Run regression tests including historical migration	2026-09-26T13:12:50.2672773Z test_restored_symlink_cannot_redirect_read_check_cancel_or_backup (test_publish_paths.PublishingConnectionPathTests.test_restored_symlink_cannot_redirect_read_check_cancel_or_backup) ... skipped 'POSIX descriptor verification'
test (windows-latest, 3.12)	Run regression tests including historical migration	2026-09-26T13:12:50.2676077Z test_unrelated_new_descriptor_does_not_reject_valid_connection (test_publish_paths.PublishingConnectionPathTests.test_unrelated_new_descriptor_does_not_reject_valid_connection) ... skipped 'POSIX descriptor verification'
test (windows-latest, 3.12)	Run regression tests including historical migration	2026-09-26T13:12:50.5061477Z test_windows_database_pin_blocks_replacement_for_connection_lifetime (test_publish_paths.PublishingConnectionPathTests.test_windows_database_pin_blocks_replacement_for_connection_lifetime) ... ok
test (windows-latest, 3.12)	Run regression tests including historical migration	2026-09-26T13:12:50.7860826Z test_a_real_receipt_from_another_book_is_rejected (test_publish_receipts.PublishReceiptTests.test_a_real_receipt_from_another_book_is_rejected) ... ok
test (windows-latest, 3.12)	Run regression tests including historical migration	2026-09-26T13:12:51.5561693Z test_cli_lists_and_verifies_a_receipt_and_rejects_mixed_verification_modes (test_publish_receipts.PublishReceiptTests.test_cli_lists_and_verifies_a_receipt_and_rejects_mixed_verification_modes) ... ok
test (windows-latest, 3.12)	Run regression tests including historical migration	2026-09-26T13:12:51.8180453Z test_export_saves_a_distinct_bound_receipt_next_to_its_zip (test_publish_receipts.PublishReceiptTests.test_export_saves_a_distinct_bound_receipt_next_to_its_zip) ... ok
test (windows-latest, 3.12)	Run regression tests including historical migration	2026-09-26T13:12:52.0649129Z test_linked_receipt_and_zip_cannot_redirect_verification (test_publish_receipts.PublishReceiptTests.test_linked_receipt_and_zip_cannot_redirect_verification) ... ok
test (windows-latest, 3.12)	Run regression tests including historical migration	2026-09-26T13:12:52.5632134Z test_list_filters_exact_plan_and_does_not_treat_another_export_as_a_replacement (test_publish_receipts.PublishReceiptTests.test_list_filters_exact_plan_and_does_not_treat_another_export_as_a_replacement) ... ok
test (windows-latest, 3.12)	Run regression tests including historical migration	2026-09-26T13:12:52.8980319Z test_list_recovers_both_exports_without_selecting_a_latest_one (test_publish_receipts.PublishReceiptTests.test_list_recovers_both_exports_without_selecting_a_latest_one) ... ok
test (windows-latest, 3.12)	Run regression tests including historical migration	2026-09-26T13:12:53.1602168Z test_listing_reports_a_changed_zip_size_without_claiming_its_hash_was_checked (test_publish_receipts.PublishReceiptTests.test_listing_reports_a_changed_zip_size_without_claiming_its_hash_was_checked) ... ok
test (windows-latest, 3.12)	Run regression tests including historical migration	2026-09-26T13:12:53.4492710Z test_lost_terminal_output_can_be_recovered_and_verified_without_retyping_a_hash (test_publish_receipts.PublishReceiptTests.test_lost_terminal_output_can_be_recovered_and_verified_without_retyping_a_hash) ... ok
test (windows-latest, 3.12)	Run regression tests including historical migration	2026-09-26T13:12:54.0077555Z test_missing_or_altered_receipt_and_modified_zip_are_rejected (test_publish_receipts.PublishReceiptTests.test_missing_or_altered_receipt_and_modified_zip_are_rejected) ... ok
test (windows-latest, 3.12)	Run regression tests including historical migration	2026-09-26T13:12:54.2511405Z test_missing_zip_is_visible_in_list_and_rejected_by_verification (test_publish_receipts.PublishReceiptTests.test_missing_zip_is_visible_in_list_and_rejected_by_verification) ... ok
test (windows-latest, 3.12)	Run regression tests including historical migration	2026-09-26T13:12:54.5771711Z test_one_corrupt_receipt_does_not_hide_a_separate_valid_export (test_publish_receipts.PublishReceiptTests.test_one_corrupt_receipt_does_not_hide_a_separate_valid_export) ... ok
test (windows-latest, 3.12)	Run regression tests including historical migration	2026-09-26T13:12:54.8372287Z test_receipt_changed_after_read_cannot_return_a_usable_package (test_publish_receipts.PublishReceiptTests.test_receipt_changed_after_read_cannot_return_a_usable_package) ... ok
test (windows-latest, 3.12)	Run regression tests including historical migration	2026-09-26T13:12:55.2731021Z test_receipt_does_not_claim_that_a_changed_or_cancelled_plan_is_usable (test_publish_receipts.PublishReceiptTests.test_receipt_does_not_claim_that_a_changed_or_cancelled_plan_is_usable) ... ok
test (windows-latest, 3.12)	Run regression tests including historical migration	2026-09-26T13:12:55.4787430Z test_receipt_publication_conflict_preserves_existing_target_and_fails_closed (test_publish_receipts.PublishReceiptTests.test_receipt_publication_conflict_preserves_existing_target_and_fails_closed) ... ok
test (windows-latest, 3.12)	Run regression tests including historical migration	2026-09-26T13:12:55.7353296Z test_same_bytes_replacement_after_read_cannot_reuse_receipt_identity (test_publish_receipts.PublishReceiptTests.test_same_bytes_replacement_after_read_cannot_reuse_receipt_identity) ... ok
test (windows-latest, 3.12)	Run regression tests including historical migration	2026-09-26T13:12:55.9626896Z test_zip_rewritten_during_receipt_publication_cannot_report_a_successful_export (test_publish_receipts.PublishReceiptTests.test_zip_rewritten_during_receipt_publication_cannot_report_a_successful_export) ... ok
test (windows-latest, 3.12)	Run regression tests including historical migration	2026-09-26T13:12:56.1620729Z test_boolean_schema_version_is_not_an_integer_version (test_publish_validation.PublishValidationTests.test_boolean_schema_version_is_not_an_integer_version) ... ok
test (windows-latest, 3.12)	Run regression tests including historical migration	2026-09-26T13:12:56.3317685Z test_chapter_range_must_be_nonempty_ordered_and_consecutive (test_publish_validation.PublishValidationTests.test_chapter_range_must_be_nonempty_ordered_and_consecutive) ... ok
test (windows-latest, 3.12)	Run regression tests including historical migration	2026-09-26T13:12:56.6137540Z test_early_global_unique_schema_is_precisely_rejected_without_migration (test_publish_validation.PublishValidationTests.test_early_global_unique_schema_is_precisely_rejected_without_migration) ... ok
test (windows-latest, 3.12)	Run regression tests including historical migration	2026-09-26T13:12:57.0976588Z test_empty_and_incomplete_chapters_fail_with_story_error_before_use (test_publish_validation.PublishValidationTests.test_empty_and_incomplete_chapters_fail_with_story_error_before_use) ... ok
test (windows-latest, 3.12)	Run regression tests including historical migration	2026-09-26T13:12:57.4120612Z test_equivalent_partial_index_schema_remains_readable_and_reusable (test_publish_validation.PublishValidationTests.test_equivalent_partial_index_schema_remains_readable_and_reusable) ... ok
test (windows-latest, 3.12)	Run regression tests including historical migration	2026-09-26T13:12:57.7560288Z test_historical_frozen_proofs_remain_readable_after_live_revision (test_publish_validation.PublishValidationTests.test_historical_frozen_proofs_remain_readable_after_live_revision) ... ok
test (windows-latest, 3.12)	Run regression tests including historical migration	2026-09-26T13:12:58.0395680Z test_named_global_unique_index_also_reports_schema_mismatch (test_publish_validation.PublishValidationTests.test_named_global_unique_index_also_reports_schema_mismatch) ... ok
test (windows-latest, 3.12)	Run regression tests including historical migration	2026-09-26T13:12:58.2192412Z test_required_chapter_proofs_cannot_be_omitted_or_mistyped (test_publish_validation.PublishValidationTests.test_required_chapter_proofs_cannot_be_omitted_or_mistyped) ... ok
test (windows-latest, 3.12)	Run regression tests including historical migration	2026-09-26T13:12:58.4023456Z test_required_manifest_fields_and_types_are_checked_beyond_outer_digest (test_publish_validation.PublishValidationTests.test_required_manifest_fields_and_types_are_checked_beyond_outer_digest) ... ok
test (windows-latest, 3.12)	Run regression tests including historical migration	2026-09-26T13:12:58.5717156Z test_status_timestamps_and_reason_shapes_do_not_raise_raw_errors (test_publish_validation.PublishValidationTests.test_status_timestamps_and_reason_shapes_do_not_raise_raw_errors) ... ok
test (windows-latest, 3.12)	Run regression tests including historical migration	2026-09-26T13:12:58.7378308Z test_unchanged_body_conversion_checks_original_body_proof (test_publish_validation.PublishValidationTests.test_unchanged_body_conversion_checks_original_body_proof) ... ok
test (windows-latest, 3.12)	Run regression tests including historical migration	2026-09-26T13:12:58.9058375Z test_upload_content_must_match_its_own_digest (test_publish_validation.PublishValidationTests.test_upload_content_must_match_its_own_digest) ... ok
test (windows-latest, 3.12)	Run regression tests including historical migration	2026-09-26T13:12:59.2132723Z test_valid_schema_one_supports_crlf_non_bmp_and_optional_metadata (test_publish_validation.PublishValidationTests.test_valid_schema_one_supports_crlf_non_bmp_and_optional_metadata) ... ok
test (windows-latest, 3.12)	Run regression tests including historical migration	2026-09-26T13:12:59.4499176Z test_wrong_book_manifest_is_rejected_by_every_existing_ledger_reader (test_publish_validation.PublishValidationTests.test_wrong_book_manifest_is_rejected_by_every_existing_ledger_reader) ... ok
test (windows-latest, 3.12)	Run regression tests including historical migration	2026-09-26T13:13:02.7475556Z test_cli_summary_prepare_pages_and_one_complete_chapter_use_default_budgets (test_publish_views.PublishViewTests.test_cli_summary_prepare_pages_and_one_complete_chapter_use_default_budgets) ... ok
test (windows-latest, 3.12)	Run regression tests including historical migration	2026-09-26T13:13:03.3224816Z test_invalid_views_and_chapters_outside_the_frozen_selection_are_rejected (test_publish_views.PublishViewTests.test_invalid_views_and_chapters_outside_the_frozen_selection_are_rejected) ... ok
test (windows-latest, 3.12)	Run regression tests including historical migration	2026-09-26T13:13:15.0337962Z test_low_budgets_reject_every_view_without_returning_truncated_prose (test_publish_views.PublishViewTests.test_low_budgets_reject_every_view_without_returning_truncated_prose) ... ok
test (windows-latest, 3.12)	Run regression tests including historical migration	2026-09-26T13:13:15.7847954Z test_stale_and_cancelled_views_keep_old_bodies_without_claiming_a_fresh_source_check (test_publish_views.PublishViewTests.test_stale_and_cancelled_views_keep_old_bodies_without_claiming_a_fresh_source_check) ... ok
test (windows-latest, 3.12)	Run regression tests including historical migration	2026-09-26T13:13:18.1656974Z test_summary_prepare_and_legacy_full_prepare_share_one_complete_snapshot (test_publish_views.PublishViewTests.test_summary_prepare_and_legacy_full_prepare_share_one_complete_snapshot) ... ok
test (windows-latest, 3.12)	Run regression tests including historical migration	2026-09-26T13:13:20.6515870Z test_twelve_normal_size_chapters_page_once_each_and_single_chapter_fits_default_budget (test_publish_views.PublishViewTests.test_twelve_normal_size_chapters_page_once_each_and_single_chapter_fits_default_budget) ... ok
test (windows-latest, 3.12)	Run regression tests including historical migration	2026-09-26T13:13:21.0564626Z test_adopt_returns_baseline_receipt_when_locked_after_commit (test_receipt_lock.ReceiptLockTests.test_adopt_returns_baseline_receipt_when_locked_after_commit) ... ok
test (windows-latest, 3.12)	Run regression tests including historical migration	2026-09-26T13:13:21.4789327Z test_commit_returns_durable_receipt_when_locked_immediately_after_commit (test_receipt_lock.ReceiptLockTests.test_commit_returns_durable_receipt_when_locked_immediately_after_commit) ... ok
test (windows-latest, 3.12)	Run regression tests including historical migration	2026-09-26T13:13:21.6716264Z test_other_write_receipts_do_not_read_sql_after_commit (test_receipt_lock.ReceiptLockTests.test_other_write_receipts_do_not_read_sql_after_commit) ... ok
test (windows-latest, 3.12)	Run regression tests including historical migration	2026-09-26T13:13:22.1759517Z test_reconcile_keeps_hash_and_cards_when_locked_after_commit (test_receipt_lock.ReceiptLockTests.test_reconcile_keeps_hash_and_cards_when_locked_after_commit) ... ok
test (windows-latest, 3.12)	Run regression tests including historical migration	2026-09-26T13:13:22.3863671Z test_sql_failure_rolls_back_without_returning_a_durable_receipt (test_receipt_lock.ReceiptLockTests.test_sql_failure_rolls_back_without_returning_a_durable_receipt) ... ok
test (windows-latest, 3.12)	Run regression tests including historical migration	2026-09-26T13:13:22.5751717Z test_editor_save_after_packet_rejects_stale_external_hash (test_reconcile.ReconcileTests.test_editor_save_after_packet_rejects_stale_external_hash) ... ok
test (windows-latest, 3.12)	Run regression tests including historical migration	2026-09-26T13:13:22.9532999Z test_later_card_edit_routes_revision_and_external_edit_to_history (test_reconcile.ReconcileTests.test_later_card_edit_routes_revision_and_external_edit_to_history) ... ok
test (windows-latest, 3.12)	Run regression tests including historical migration	2026-09-26T13:13:23.1539173Z test_missing_or_wrong_external_hash_cannot_authorize_overwrite (test_reconcile.ReconcileTests.test_missing_or_wrong_external_hash_cannot_authorize_overwrite) ... ok
test (windows-latest, 3.12)	Run regression tests including historical migration	2026-09-26T13:13:23.4672684Z test_other_chapter_drift_blocks_reconcile_packet_and_submission (test_reconcile.ReconcileTests.test_other_chapter_drift_blocks_reconcile_packet_and_submission) ... ok
test (windows-latest, 3.12)	Run regression tests including historical migration	2026-09-26T13:13:23.7846752Z test_pending_export_blocks_reconcile_packet_and_submission (test_reconcile.ReconcileTests.test_pending_export_blocks_reconcile_packet_and_submission) ... ok
test (windows-latest, 3.12)	Run regression tests including historical migration	2026-09-26T13:13:24.0856865Z test_reconcile_cannot_replace_imported_latest_chapter (test_reconcile.ReconcileTests.test_reconcile_cannot_replace_imported_latest_chapter) ... ok
test (windows-latest, 3.12)	Run regression tests including historical migration	2026-09-26T13:13:24.4128785Z test_reconcile_cannot_replace_older_chapter (test_reconcile.ReconcileTests.test_reconcile_cannot_replace_older_chapter) ... ok
test (windows-latest, 3.12)	Run regression tests including historical migration	2026-09-26T13:13:24.7429458Z test_reconcile_packet_commit_card_rollback_and_idempotent_retry (test_reconcile.ReconcileTests.test_reconcile_packet_commit_card_rollback_and_idempotent_retry) ... ok
test (windows-latest, 3.12)	Run regression tests including historical migration	2026-09-26T13:13:24.9857968Z test_reconcile_rejects_state_revision_changed_after_packet (test_reconcile.ReconcileTests.test_reconcile_rejects_state_revision_changed_after_packet) ... ok
test (windows-latest, 3.12)	Run regression tests including historical migration	2026-09-26T13:13:25.1850003Z test_reconcile_still_enforces_lint_and_exact_draft_review (test_reconcile.ReconcileTests.test_reconcile_still_enforces_lint_and_exact_draft_review) ... ok
test (windows-latest, 3.12)	Run regression tests including historical migration	2026-09-26T13:13:25.4574205Z test_atomic_replace_failure_keeps_committed_revision_recoverable (test_recovery_regressions.RecoveryRegressionTests.test_atomic_replace_failure_keeps_committed_revision_recoverable) ... ok
test (windows-latest, 3.12)	Run regression tests including historical migration	2026-09-26T13:13:25.7393935Z test_edit_after_export_preflight_is_preserved_and_reported (test_recovery_regressions.RecoveryRegressionTests.test_edit_after_export_preflight_is_preserved_and_reported) ... ok
test (windows-latest, 3.12)	Run regression tests including historical migration	2026-09-26T13:13:25.9554635Z test_edit_at_displacement_is_restored_and_backed_up (test_recovery_regressions.RecoveryRegressionTests.test_edit_at_displacement_is_restored_and_backed_up) ... ok
test (windows-latest, 3.12)	Run regression tests including historical migration	2026-09-26T13:13:26.2373789Z test_edit_of_previous_chapter_during_later_export_is_reported (test_recovery_regressions.RecoveryRegressionTests.test_edit_of_previous_chapter_during_later_export_is_reported) ... ok
test (windows-latest, 3.12)	Run regression tests including historical migration	2026-09-26T13:13:26.4558398Z test_editor_recreates_path_during_publication_is_not_overwritten (test_recovery_regressions.RecoveryRegressionTests.test_editor_recreates_path_during_publication_is_not_overwritten) ... ok
test (windows-latest, 3.12)	Run regression tests including historical migration	2026-09-26T13:13:26.5359893Z test_existing_backup_is_never_overwritten_or_displaces_target (test_recovery_regressions.RecoveryRegressionTests.test_existing_backup_is_never_overwritten_or_displaces_target) ... ok
test (windows-latest, 3.12)	Run regression tests including historical migration	2026-09-26T13:13:26.8028309Z test_publication_failure_restores_previous_file_and_allows_retry (test_recovery_regressions.RecoveryRegressionTests.test_publication_failure_restores_previous_file_and_allows_retry) ... ok
test (windows-latest, 3.12)	Run regression tests including historical migration	2026-09-26T13:13:27.0632832Z test_sqlite_lock_after_commit_returns_durable_receipt_and_recovers (test_recovery_regressions.RecoveryRegressionTests.test_sqlite_lock_after_commit_returns_durable_receipt_and_recovers) ... ok
test (windows-latest, 3.12)	Run regression tests including historical migration	2026-09-26T13:13:27.1039316Z test_defaults_follow_runtime_version_and_keep_previous_report (test_release_probes.ProbeOutputTests.test_defaults_follow_runtime_version_and_keep_previous_report) ... ok
test (windows-latest, 3.12)	Run regression tests including historical migration	2026-09-26T13:13:27.1288154Z test_explicit_output_does_not_create_default_directory (test_release_probes.ProbeOutputTests.test_explicit_output_does_not_create_default_directory) ... ok
test (windows-latest, 3.12)	Run regression tests including historical migration	2026-09-26T13:13:27.1673729Z test_failed_default_run_preserves_current_success (test_release_probes.ProbeOutputTests.test_failed_default_run_preserves_current_success) ... ok
test (windows-latest, 3.12)	Run regression tests including historical migration	2026-09-26T13:13:27.1693182Z test_changed_schema1_runtime_is_rejected_before_execution (test_release_probes.ReleaseProbeTests.test_changed_schema1_runtime_is_rejected_before_execution) ... ok
test (windows-latest, 3.12)	Run regression tests including historical migration	2026-09-26T13:13:30.1164854Z test_current_suite_upgrade_probe_preserves_book_and_backup (test_release_probes.ReleaseProbeTests.test_current_suite_upgrade_probe_preserves_book_and_backup) ... ok
test (windows-latest, 3.12)	Run regression tests including historical migration	2026-09-26T13:13:31.3534896Z test_generated_schema1_books_cover_native_baseline_and_analysis_rollback (test_release_probes.ReleaseProbeTests.test_generated_schema1_books_cover_native_baseline_and_analysis_rollback) ... ok
test (windows-latest, 3.12)	Run regression tests including historical migration	2026-09-26T13:13:31.3750075Z test_missing_retained_database_is_not_reported_as_success (test_release_probes.ReleaseProbeTests.test_missing_retained_database_is_not_reported_as_success) ... ok
test (windows-latest, 3.12)	Run regression tests including historical migration	2026-09-26T13:13:31.3753259Z test_atomic_displacement_source_parent_swap_preserves_outside_inode (test_retirement_path_race.RetirementPathRaceTests.test_atomic_displacement_source_parent_swap_preserves_outside_inode) ... skipped 'POSIX permits swapping an open parent directory'
test (windows-latest, 3.12)	Run regression tests including historical migration	2026-09-26T13:13:31.3756580Z test_empty_outside_parent_cannot_hide_a_retired_chapter_after_preflight (test_retirement_path_race.RetirementPathRaceTests.test_empty_outside_parent_cannot_hide_a_retired_chapter_after_preflight) ... skipped 'Requires a directory symlink'
test (windows-latest, 3.12)	Run regression tests including historical migration	2026-09-26T13:13:31.3759764Z test_first_publication_parent_swap_cannot_create_outside_chapter (test_retirement_path_race.RetirementPathRaceTests.test_first_publication_parent_swap_cannot_create_outside_chapter) ... skipped 'POSIX permits swapping an open parent directory'
test (windows-latest, 3.12)	Run regression tests including historical migration	2026-09-26T13:13:31.3763460Z test_retirement_backup_parent_swap_cannot_write_into_outside_directory (test_retirement_path_race.RetirementPathRaceTests.test_retirement_backup_parent_swap_cannot_write_into_outside_directory) ... skipped 'POSIX permits swapping an open parent directory'
test (windows-latest, 3.12)	Run regression tests including historical migration	2026-09-26T13:13:31.3767162Z test_retirement_source_parent_swap_cannot_displace_identical_outside_file (test_retirement_path_race.RetirementPathRaceTests.test_retirement_source_parent_swap_cannot_displace_identical_outside_file) ... skipped 'POSIX permits swapping an open parent directory'
test (windows-latest, 3.12)	Run regression tests including historical migration	2026-09-26T13:13:31.4121739Z test_unsupported_directory_binding_keeps_original_untouched (test_retirement_path_race.RetirementPathRaceTests.test_unsupported_directory_binding_keeps_original_untouched) ... skipped 'POSIX capability fallback'
test (windows-latest, 3.12)	Run regression tests including historical migration	2026-09-26T13:13:31.4564315Z test_windows_parent_pin_blocks_rename_but_allows_child_publication (test_retirement_path_race.RetirementPathRaceTests.test_windows_parent_pin_blocks_rename_but_allows_child_publication) ... ok
test (windows-latest, 3.12)	Run regression tests including historical migration	2026-09-26T13:13:31.8610295Z test_acknowledgement_failure_recovers_without_false_external_conflict (test_short_assembly.ShortAssemblyTests.test_acknowledgement_failure_recovers_without_false_external_conflict) ... ok
test (windows-latest, 3.12)	Run regression tests including historical migration	2026-09-26T13:13:34.2857287Z test_all_heading_line_separators_preserve_the_entire_body (test_short_assembly.ShortAssemblyTests.test_all_heading_line_separators_preserve_the_entire_body) ... ok
test (windows-latest, 3.12)	Run regression tests including historical migration	2026-09-26T13:13:34.8426760Z test_final_cli_creates_complete_plain_text_by_book_title (test_short_assembly.ShortAssemblyTests.test_final_cli_creates_complete_plain_text_by_book_title) ... ok
test (windows-latest, 3.12)	Run regression tests including historical migration	2026-09-26T13:13:35.2325777Z test_incomplete_or_unresolved_chapters_do_not_create_file (test_short_assembly.ShortAssemblyTests.test_incomplete_or_unresolved_chapters_do_not_create_file) ... ok
test (windows-latest, 3.12)	Run regression tests including historical migration	2026-09-26T13:13:35.6545699Z test_legacy_metadata_only_copy_is_registered_or_preserved_safely (test_short_assembly.ShortAssemblyTests.test_legacy_metadata_only_copy_is_registered_or_preserved_safely) ... ok
test (windows-latest, 3.12)	Run regression tests including historical migration	2026-09-26T13:13:35.7253477Z test_long_book_is_rejected (test_short_assembly.ShortAssemblyTests.test_long_book_is_rejected) ... ok
test (windows-latest, 3.12)	Run regression tests including historical migration	2026-09-26T13:13:36.0648435Z test_metadata_failure_cannot_leave_an_unregistered_output (test_short_assembly.ShortAssemblyTests.test_metadata_failure_cannot_leave_an_unregistered_output) ... ok
test (windows-latest, 3.12)	Run regression tests including historical migration	2026-09-26T13:13:36.3573962Z test_missing_copy_is_reported_and_export_restores_it (test_short_assembly.ShortAssemblyTests.test_missing_copy_is_reported_and_export_restores_it) ... ok
test (windows-latest, 3.12)	Run regression tests including historical migration	2026-09-26T13:13:36.6944153Z test_previous_title_line_format_is_stale_and_reassembled_with_backup (test_short_assembly.ShortAssemblyTests.test_previous_title_line_format_is_stale_and_reassembled_with_backup) ... ok
test (windows-latest, 3.12)	Run regression tests including historical migration	2026-09-26T13:13:36.9618393Z test_publication_failure_keeps_durable_recovery_content (test_short_assembly.ShortAssemblyTests.test_publication_failure_keeps_durable_recovery_content) ... ok
test (windows-latest, 3.12)	Run regression tests including historical migration	2026-09-26T13:13:37.5245477Z test_revision_reassembles_with_backup_but_preserves_external_edit (test_short_assembly.ShortAssemblyTests.test_revision_reassembles_with_backup_but_preserves_external_edit) ... ok
test (windows-latest, 3.12)	Run regression tests including historical migration	2026-09-26T13:13:37.7772535Z test_safe_export_preserves_external_edit_to_legacy_copy (test_short_assembly.ShortAssemblyTests.test_safe_export_preserves_external_edit_to_legacy_copy) ... ok
test (windows-latest, 3.12)	Run regression tests including historical migration	2026-09-26T13:13:38.0351932Z test_safe_export_repairs_chapters_without_overwriting_edited_copy (test_short_assembly.ShortAssemblyTests.test_safe_export_repairs_chapters_without_overwriting_edited_copy) ... ok
test (windows-latest, 3.12)	Run regression tests including historical migration	2026-09-26T13:13:38.3474580Z test_safe_export_upgrades_legacy_copy_with_backup (test_short_assembly.ShortAssemblyTests.test_safe_export_upgrades_legacy_copy_with_backup) ... ok
test (windows-latest, 3.12)	Run regression tests including historical migration	2026-09-26T13:13:38.7431898Z test_stale_copy_is_read_only_visible_and_recovers_after_reopening (test_short_assembly.ShortAssemblyTests.test_stale_copy_is_read_only_visible_and_recovers_after_reopening) ... ok
test (windows-latest, 3.12)	Run regression tests including historical migration	2026-09-26T13:13:39.1943413Z test_unrelated_plan_changes_and_added_chapters_do_not_block_writing (test_short_assembly.ShortAssemblyTests.test_unrelated_plan_changes_and_added_chapters_do_not_block_writing) ... ok
test (windows-latest, 3.12)	Run regression tests including historical migration	2026-09-26T13:13:39.9200369Z test_earlier_chapter_history_publish_updates_text_and_renamed_heading (test_short_assembly_history.ShortAssemblyHistoryTests.test_earlier_chapter_history_publish_updates_text_and_renamed_heading) ... ok
test (windows-latest, 3.12)	Run regression tests including historical migration	2026-09-26T13:13:40.5582650Z test_latest_chapter_reconcile_refreshes_combined_copy_after_review (test_short_assembly_history.ShortAssemblyHistoryTests.test_latest_chapter_reconcile_refreshes_combined_copy_after_review) ... ok
test (windows-latest, 3.12)	Run regression tests including historical migration	2026-09-26T13:13:41.0174281Z test_existing_registered_path_is_authoritative_for_revision_and_recovery (test_short_assembly_names.ShortAssemblyNameTests.test_existing_registered_path_is_authoritative_for_revision_and_recovery) ... ok
test (windows-latest, 3.12)	Run regression tests including historical migration	2026-09-26T13:13:41.1324897Z test_long_names_with_the_same_prefix_have_distinct_stable_suffixes (test_short_assembly_names.ShortAssemblyNameTests.test_long_names_with_the_same_prefix_have_distinct_stable_suffixes) ... ok
test (windows-latest, 3.12)	Run regression tests including historical migration	2026-09-26T13:13:43.4387793Z test_portable_name_is_visible_and_full_title_remains_in_metadata (test_short_assembly_names.ShortAssemblyNameTests.test_portable_name_is_visible_and_full_title_remains_in_metadata) ... ok
test (windows-latest, 3.12)	Run regression tests including historical migration	2026-09-26T13:13:43.5891823Z test_sanitized_name_collision_preserves_the_preexisting_file (test_short_assembly_names.ShortAssemblyNameTests.test_sanitized_name_collision_preserves_the_preexisting_file) ... ok
test (windows-latest, 3.12)	Run regression tests including historical migration	2026-09-26T13:13:43.8203848Z test_unmapped_old_book_is_recoverable_without_metadata_reinitialization (test_short_assembly_names.ShortAssemblyNameTests.test_unmapped_old_book_is_recoverable_without_metadata_reinitialization) ... ok
test (windows-latest, 3.12)	Run regression tests including historical migration	2026-09-26T13:13:43.9915278Z test_context_keeps_global_hard_rule_without_extra_plan_fields (test_skill_audit_fixes.SkillAuditBookTests.test_context_keeps_global_hard_rule_without_extra_plan_fields) ... ok
test (windows-latest, 3.12)	Run regression tests including historical migration	2026-09-26T13:13:44.1864331Z test_local_status_does_not_mix_old_health_with_new_publication (test_skill_audit_fixes.SkillAuditBookTests.test_local_status_does_not_mix_old_health_with_new_publication) ... ok
test (windows-latest, 3.12)	Run regression tests including historical migration	2026-09-26T13:13:44.3564448Z test_prepare_checks_global_rule_without_extra_plan_fields (test_skill_audit_fixes.SkillAuditBookTests.test_prepare_checks_global_rule_without_extra_plan_fields) ... ok
test (windows-latest, 3.12)	Run regression tests including historical migration	2026-09-26T13:13:44.5773221Z test_strict_status_does_not_mix_old_health_with_new_publication (test_skill_audit_fixes.SkillAuditBookTests.test_strict_status_does_not_mix_old_health_with_new_publication) ... ok
test (windows-latest, 3.12)	Run regression tests including historical migration	2026-09-26T13:13:44.6702968Z test_unpublished_global_rule_stays_planned_and_is_checked (test_skill_audit_fixes.SkillAuditBookTests.test_unpublished_global_rule_stays_planned_and_is_checked) ... ok
test (windows-latest, 3.12)	Run regression tests including historical migration	2026-09-26T13:13:44.8591555Z test_world_check_identifies_its_read_version_and_honors_budget (test_skill_audit_fixes.SkillAuditBookTests.test_world_check_identifies_its_read_version_and_honors_budget) ... ok
test (windows-latest, 3.12)	Run regression tests including historical migration	2026-09-26T13:13:45.1098274Z test_world_check_keeps_plan_and_evidence_in_one_snapshot (test_skill_audit_fixes.SkillAuditBookTests.test_world_check_keeps_plan_and_evidence_in_one_snapshot) ... ok
test (windows-latest, 3.12)	Run regression tests including historical migration	2026-09-26T13:13:45.1101666Z test_hashes_without_valid_closing_syntax_remain_content (test_skill_audit_fixes.TitleClosingMarkerTests.test_hashes_without_valid_closing_syntax_remain_content) ... ok
test (windows-latest, 3.12)	Run regression tests including historical migration	2026-09-26T13:13:45.1107532Z test_optional_closing_markers_do_not_count_as_title_text (test_skill_audit_fixes.TitleClosingMarkerTests.test_optional_closing_markers_do_not_count_as_title_text) ... ok
test (windows-latest, 3.12)	Run regression tests including historical migration	2026-09-26T13:13:45.1110198Z test_title_count_option_controls_length_gate_without_marker_characters (test_skill_audit_fixes.TitleClosingMarkerTests.test_title_count_option_controls_length_gate_without_marker_characters) ... ok
test (windows-latest, 3.12)	Run regression tests including historical migration	2026-09-26T13:13:45.3015875Z test_adopt_preserves_source_and_does_not_fabricate_history (test_story.StoryTests.test_adopt_preserves_source_and_does_not_fabricate_history) ... ok
test (windows-latest, 3.12)	Run regression tests including historical migration	2026-09-26T13:13:45.4204177Z test_analysis_budget_fails_without_skipping_pending_chunk (test_story.StoryTests.test_analysis_budget_fails_without_skipping_pending_chunk) ... ok
test (windows-latest, 3.12)	Run regression tests including historical migration	2026-09-26T13:13:45.7060994Z test_atomic_export_failure_after_replace_can_retry (test_story.StoryTests.test_atomic_export_failure_after_replace_can_retry) ... ok
test (windows-latest, 3.12)	Run regression tests including historical migration	2026-09-26T13:13:45.8158594Z test_blockers_and_length_fail_before_state_mutation (test_story.StoryTests.test_blockers_and_length_fail_before_state_mutation) ... ok
test (windows-latest, 3.12)	Run regression tests including historical migration	2026-09-26T13:13:46.1292118Z test_cannot_skip_chapter_or_replace_earlier_history (test_story.StoryTests.test_cannot_skip_chapter_or_replace_earlier_history) ... ok
test (windows-latest, 3.12)	Run regression tests including historical migration	2026-09-26T13:13:46.2265586Z test_card_change_and_chapter_commit_are_atomic (test_story.StoryTests.test_card_change_and_chapter_commit_are_atomic) ... ok
test (windows-latest, 3.12)	Run regression tests including historical migration	2026-09-26T13:13:46.3334603Z test_chunking_preserves_every_character_and_bonus_titles (test_story.StoryTests.test_chunking_preserves_every_character_and_bonus_titles) ... ok
test (windows-latest, 3.12)	Run regression tests including historical migration	2026-09-26T13:13:46.7664147Z test_cli_unicode_input_and_template_array (test_story.StoryTests.test_cli_unicode_input_and_template_array) ... ok
test (windows-latest, 3.12)	Run regression tests including historical migration	2026-09-26T13:13:46.9680922Z test_commit_retry_is_idempotent_and_exported (test_story.StoryTests.test_commit_retry_is_idempotent_and_exported) ... ok
test (windows-latest, 3.12)	Run regression tests including historical migration	2026-09-26T13:13:47.2798129Z test_completed_partial_source_is_not_reported_as_whole_book (test_story.StoryTests.test_completed_partial_source_is_not_reported_as_whole_book) ... ok
test (windows-latest, 3.12)	Run regression tests including historical migration	2026-09-26T13:13:47.3688573Z test_context_fails_instead_of_truncating_required_constraints (test_story.StoryTests.test_context_fails_instead_of_truncating_required_constraints) ... ok
test (windows-latest, 3.12)	Run regression tests including historical migration	2026-09-26T13:13:47.5134501Z test_context_pins_critical_explicit_and_due_cards (test_story.StoryTests.test_context_pins_critical_explicit_and_due_cards) ... ok
test (windows-latest, 3.12)	Run regression tests including historical migration	2026-09-26T13:13:47.6866648Z test_crlf_draft_hash_matches_lint_and_export_bytes (test_story.StoryTests.test_crlf_draft_hash_matches_lint_and_export_bytes) ... ok
test (windows-latest, 3.12)	Run regression tests including historical migration	2026-09-26T13:13:47.8596793Z test_cross_book_delta_rejected (test_story.StoryTests.test_cross_book_delta_rejected) ... ok
test (windows-latest, 3.12)	Run regression tests including historical migration	2026-09-26T13:13:48.0472389Z test_export_failure_preserves_commit_and_can_recover (test_story.StoryTests.test_export_failure_preserves_commit_and_can_recover) ... ok
test (windows-latest, 3.12)	Run regression tests including historical migration	2026-09-26T13:13:48.1860266Z test_ingest_and_record_resume_idempotently (test_story.StoryTests.test_ingest_and_record_resume_idempotently) ... ok
test (windows-latest, 3.12)	Run regression tests including historical migration	2026-09-26T13:13:48.2971468Z test_input_placeholders_and_invalid_range (test_story.StoryTests.test_input_placeholders_and_invalid_range) ... ok
test (windows-latest, 3.12)	Run regression tests including historical migration	2026-09-26T13:13:48.3842893Z test_missing_book_read_does_not_create_files (test_story.StoryTests.test_missing_book_read_does_not_create_files) ... ok
test (windows-latest, 3.12)	Run regression tests including historical migration	2026-09-26T13:13:48.4951955Z test_missing_required_card_is_not_silently_skipped (test_story.StoryTests.test_missing_required_card_is_not_silently_skipped) ... ok
test (windows-latest, 3.12)	Run regression tests including historical migration	2026-09-26T13:13:48.6265124Z test_new_session_can_discover_source_id_and_resume_without_chat_history (test_story.StoryTests.test_new_session_can_discover_source_id_and_resume_without_chat_history) ... ok
test (windows-latest, 3.12)	Run regression tests including historical migration	2026-09-26T13:13:48.7110481Z test_no_heading_and_long_single_line_are_lossless (test_story.StoryTests.test_no_heading_and_long_single_line_are_lossless) ... ok
test (windows-latest, 3.12)	Run regression tests including historical migration	2026-09-26T13:13:48.9299024Z test_optional_context_stays_bounded_and_deterministic (test_story.StoryTests.test_optional_context_stays_bounded_and_deterministic) ... ok
test (windows-latest, 3.12)	Run regression tests including historical migration	2026-09-26T13:13:49.1052590Z test_outside_edits_after_commit_are_visible_and_block_continuation (test_story.StoryTests.test_outside_edits_after_commit_are_visible_and_block_continuation) ... ok
test (windows-latest, 3.12)	Run regression tests including historical migration	2026-09-26T13:13:49.2189132Z test_outside_edits_are_never_overwritten (test_story.StoryTests.test_outside_edits_are_never_overwritten) ... ok
test (windows-latest, 3.12)	Run regression tests including historical migration	2026-09-26T13:13:49.4320841Z test_parallel_identical_submissions_only_commit_once (test_story.StoryTests.test_parallel_identical_submissions_only_commit_once) ... ok
test (windows-latest, 3.12)	Run regression tests including historical migration	2026-09-26T13:13:49.5208182Z test_path_escape_and_linked_managed_directory (test_story.StoryTests.test_path_escape_and_linked_managed_directory) ... ok
test (windows-latest, 3.12)	Run regression tests including historical migration	2026-09-26T13:13:49.6739773Z test_recall_output_is_bounded (test_story.StoryTests.test_recall_output_is_bounded) ... ok
test (windows-latest, 3.12)	Run regression tests including historical migration	2026-09-26T13:13:49.7604512Z test_reinitialization_never_overwrites (test_story.StoryTests.test_reinitialization_never_overwrites) ... ok
test (windows-latest, 3.12)	Run regression tests including historical migration	2026-09-26T13:13:49.9689580Z test_replace_detects_intervening_card_edit (test_story.StoryTests.test_replace_detects_intervening_card_edit) ... ok
test (windows-latest, 3.12)	Run regression tests including historical migration	2026-09-26T13:13:50.2590481Z test_replace_last_restores_removed_changes_and_keeps_history (test_story.StoryTests.test_replace_last_restores_removed_changes_and_keeps_history) ... ok
test (windows-latest, 3.12)	Run regression tests including historical migration	2026-09-26T13:13:50.3767822Z test_source_read_uses_exact_offsets_and_budget (test_story.StoryTests.test_source_read_uses_exact_offsets_and_budget) ... ok
test (windows-latest, 3.12)	Run regression tests including historical migration	2026-09-26T13:13:50.4666862Z test_stale_review_and_fabricated_evidence_rejected (test_story.StoryTests.test_stale_review_and_fabricated_evidence_rejected) ... ok
test (windows-latest, 3.12)	Run regression tests including historical migration	2026-09-26T13:13:50.5862049Z test_stale_state_requires_rechecking (test_story.StoryTests.test_stale_state_requires_rechecking) ... ok
test (windows-latest, 3.12)	Run regression tests including historical migration	2026-09-26T13:13:50.6706529Z test_unicode_length_contract (test_story.StoryTests.test_unicode_length_contract) ... ok
test (windows-latest, 3.12)	Run regression tests including historical migration	2026-09-26T13:13:50.7837417Z test_wrong_analysis_hash_quote_and_incomplete_report (test_story.StoryTests.test_wrong_analysis_hash_quote_and_incomplete_report) ... ok
test (windows-latest, 3.12)	Run regression tests including historical migration	2026-09-26T13:13:50.7872425Z test_current_download_rejects_wrong_scope_or_repository_before_fetching_tarball (test_sync_packages.PackageSyncTests.test_current_download_rejects_wrong_scope_or_repository_before_fetching_tarball) ... ok
test (windows-latest, 3.12)	Run regression tests including historical migration	2026-09-26T13:13:50.7930997Z test_existing_different_payload_is_never_overwritten (test_sync_packages.PackageSyncTests.test_existing_different_payload_is_never_overwritten) ... ok
test (windows-latest, 3.12)	Run regression tests including historical migration	2026-09-26T13:13:50.7985080Z test_existing_matching_version_is_verified_without_republishing (test_sync_packages.PackageSyncTests.test_existing_matching_version_is_verified_without_republishing) ... ok
test (windows-latest, 3.12)	Run regression tests including historical migration	2026-09-26T13:13:50.8040341Z test_failed_authentication_never_treats_package_as_absent (test_sync_packages.PackageSyncTests.test_failed_authentication_never_treats_package_as_absent) ... ok
test (windows-latest, 3.12)	Run regression tests including historical migration	2026-09-26T13:13:50.8090076Z test_foreign_repository_stops_before_network_or_publication (test_sync_packages.PackageSyncTests.test_foreign_repository_stops_before_network_or_publication) ... ok
test (windows-latest, 3.12)	Run regression tests including historical migration	2026-09-26T13:13:50.8118929Z test_invalid_tag_stops_before_network_or_build (test_sync_packages.PackageSyncTests.test_invalid_tag_stops_before_network_or_build) ... ok
test (windows-latest, 3.12)	Run regression tests including historical migration	2026-09-26T13:13:50.8179997Z test_prepare_only_never_reads_or_writes_registry (test_sync_packages.PackageSyncTests.test_prepare_only_never_reads_or_writes_registry) ... ok
test (windows-latest, 3.12)	Run regression tests including historical migration	2026-09-26T13:13:50.8210234Z test_prior_release_family_is_rejected_before_network (test_sync_packages.PackageSyncTests.test_prior_release_family_is_rejected_before_network) ... ok
test (windows-latest, 3.12)	Run regression tests including historical migration	2026-09-26T13:13:50.8265407Z test_publish_timeout_also_reads_back_without_a_second_publish (test_sync_packages.PackageSyncTests.test_publish_timeout_also_reads_back_without_a_second_publish) ... ok
test (windows-latest, 3.12)	Run regression tests including historical migration	2026-09-26T13:13:50.8298691Z test_redirect_removes_registry_credential_from_signed_asset_host (test_sync_packages.PackageSyncTests.test_redirect_removes_registry_credential_from_signed_asset_host) ... ok
test (windows-latest, 3.12)	Run regression tests including historical migration	2026-09-26T13:13:50.8328101Z test_registry_query_uses_current_scope_and_host_bound_credential (test_sync_packages.PackageSyncTests.test_registry_query_uses_current_scope_and_host_bound_credential) ... ok
test (windows-latest, 3.12)	Run regression tests including historical migration	2026-09-26T13:13:51.0206241Z test_runtime_smoke_installs_all_suite_dependencies_before_execution (test_sync_packages.PackageSyncTests.test_runtime_smoke_installs_all_suite_dependencies_before_execution) ... ok
test (windows-latest, 3.12)	Run regression tests including historical migration	2026-09-26T13:13:51.1977789Z test_runtime_smoke_preserves_published_v060_38_file_contract (test_sync_packages.PackageSyncTests.test_runtime_smoke_preserves_published_v060_38_file_contract) ... ok
test (windows-latest, 3.12)	Run regression tests including historical migration	2026-09-26T13:13:51.3336042Z test_runtime_smoke_rejects_broken_sibling_link_before_execution (test_sync_packages.PackageSyncTests.test_runtime_smoke_rejects_broken_sibling_link_before_execution) ... ok
test (windows-latest, 3.12)	Run regression tests including historical migration	2026-09-26T13:13:51.4170033Z test_runtime_smoke_rejects_partial_suite_before_execution (test_sync_packages.PackageSyncTests.test_runtime_smoke_rejects_partial_suite_before_execution) ... ok
test (windows-latest, 3.12)	Run regression tests including historical migration	2026-09-26T13:13:51.4226753Z test_uncertain_publish_reads_back_without_a_second_publish (test_sync_packages.PackageSyncTests.test_uncertain_publish_reads_back_without_a_second_publish) ... ok
test (windows-latest, 3.12)	Run regression tests including historical migration	2026-09-26T13:13:51.4274255Z test_wrong_built_identity_stops_before_registry_access (test_sync_packages.PackageSyncTests.test_wrong_built_identity_stops_before_registry_access) ... ok
test (windows-latest, 3.12)	Run regression tests including historical migration	2026-09-26T13:13:51.4317518Z test_changed_candidate_inputs_are_rejected (test_verify.BenchmarkContractTests.test_changed_candidate_inputs_are_rejected) ... ok
test (windows-latest, 3.12)	Run regression tests including historical migration	2026-09-26T13:13:51.4440890Z test_changed_configuration_metadata_is_rejected (test_verify.BenchmarkContractTests.test_changed_configuration_metadata_is_rejected) ... ok
test (windows-latest, 3.12)	Run regression tests including historical migration	2026-09-26T13:13:51.4508070Z test_changed_upstream_inputs_cannot_validate_an_old_report (test_verify.BenchmarkContractTests.test_changed_upstream_inputs_cannot_validate_an_old_report) ... ok
test (windows-latest, 3.12)	Run regression tests including historical migration	2026-09-26T13:13:51.4586257Z test_duplicate_input_paths_and_reordered_profiles_are_rejected (test_verify.BenchmarkContractTests.test_duplicate_input_paths_and_reordered_profiles_are_rejected) ... ok
test (windows-latest, 3.12)	Run regression tests including historical migration	2026-09-26T13:13:51.4667063Z test_inconsistent_totals_and_reduction_cannot_be_reported_as_passed (test_verify.BenchmarkContractTests.test_inconsistent_totals_and_reduction_cannot_be_reported_as_passed) ... ok
test (windows-latest, 3.12)	Run regression tests including historical migration	2026-09-26T13:13:51.4715208Z test_matching_lists_metadata_hashes_and_arithmetic_pass (test_verify.BenchmarkContractTests.test_matching_lists_metadata_hashes_and_arithmetic_pass) ... ok
test (windows-latest, 3.12)	Run regression tests including historical migration	2026-09-26T13:13:51.4719552Z test_all_skipped_tests_cannot_be_reported_as_passed (test_verify.VerificationEvidenceTests.test_all_skipped_tests_cannot_be_reported_as_passed) ... ok
test (windows-latest, 3.12)	Run regression tests including historical migration	2026-09-26T13:13:51.4774128Z test_archive_accepts_regular_and_unspecified_member_types (test_verify.VerificationEvidenceTests.test_archive_accepts_regular_and_unspecified_member_types) ... ok
test (windows-latest, 3.12)	Run regression tests including historical migration	2026-09-26T13:13:51.4851779Z test_archive_rejects_special_members_even_when_names_and_bytes_match (test_verify.VerificationEvidenceTests.test_archive_rejects_special_members_even_when_names_and_bytes_match) ... ok
test (windows-latest, 3.12)	Run regression tests including historical migration	2026-09-26T13:13:51.4878963Z test_archive_validation_covers_specialized_skill_bytes (test_verify.VerificationEvidenceTests.test_archive_validation_covers_specialized_skill_bytes) ... ok
test (windows-latest, 3.12)	Run regression tests including historical migration	2026-09-26T13:13:51.4890491Z test_counts_come_from_real_callbacks_including_failed_subtests (test_verify.VerificationEvidenceTests.test_counts_come_from_real_callbacks_including_failed_subtests) ... ok
test (windows-latest, 3.12)	Run regression tests including historical migration	2026-09-26T13:13:51.4923930Z test_default_archive_matches_canonical_version_even_if_other_versions_exist (test_verify.VerificationEvidenceTests.test_default_archive_matches_canonical_version_even_if_other_versions_exist) ... ok
test (windows-latest, 3.12)	Run regression tests including historical migration	2026-09-26T13:13:51.4926151Z test_empty_suite_cannot_be_reported_as_passed (test_verify.VerificationEvidenceTests.test_empty_suite_cannot_be_reported_as_passed) ... ok
test (windows-latest, 3.12)	Run regression tests including historical migration	2026-09-26T13:13:51.4973882Z test_failure_report_preserves_existing_success_evidence (test_verify.VerificationEvidenceTests.test_failure_report_preserves_existing_success_evidence) ... ok
test (windows-latest, 3.12)	Run regression tests including historical migration	2026-09-26T13:13:51.5003396Z test_linked_parent_cannot_redirect_report_outside_requested_directory (test_verify.VerificationEvidenceTests.test_linked_parent_cannot_redirect_report_outside_requested_directory) ... ok
test (windows-latest, 3.12)	Run regression tests including historical migration	2026-09-26T13:13:51.5062073Z test_links_are_checked_in_specialized_skills (test_verify.VerificationEvidenceTests.test_links_are_checked_in_specialized_skills) ... ok
test (windows-latest, 3.12)	Run regression tests including historical migration	2026-09-26T13:13:51.5080313Z test_reparse_point_output_is_rejected_before_writing (test_verify.VerificationEvidenceTests.test_reparse_point_output_is_rejected_before_writing) ... ok
test (windows-latest, 3.12)	Run regression tests including historical migration	2026-09-26T13:13:51.5239364Z test_default_output_uses_runtime_version_without_overwriting_other_releases (test_verify.VersionedEvidenceTests.test_default_output_uses_runtime_version_without_overwriting_other_releases) ... ok
test (windows-latest, 3.12)	Run regression tests including historical migration	2026-09-26T13:13:51.5331203Z test_explicit_output_is_honored_without_creating_default_directory (test_verify.VersionedEvidenceTests.test_explicit_output_is_honored_without_creating_default_directory) ... ok
test (windows-latest, 3.12)	Run regression tests including historical migration	2026-09-26T13:13:51.5427031Z test_missing_current_probes_do_not_fall_back_to_a_previous_release (test_verify.VersionedEvidenceTests.test_missing_current_probes_do_not_fall_back_to_a_previous_release) ... ok
test (windows-latest, 3.12)	Run regression tests including historical migration	2026-09-26T13:13:51.5705942Z test_probes_follow_runtime_version_and_keep_exact_hash_binding (test_verify.VersionedEvidenceTests.test_probes_follow_runtime_version_and_keep_exact_hash_binding) ... ok
test (windows-latest, 3.12)	Run regression tests including historical migration	2026-09-26T13:13:52.0053097Z test_external_case_only_folder_rename_cannot_register_a_second_volume_spelling (test_volume_consistency.VolumeConsistencyTests.test_external_case_only_folder_rename_cannot_register_a_second_volume_spelling) ... ok
test (windows-latest, 3.12)	Run regression tests including historical migration	2026-09-26T13:13:52.1993752Z test_latest_revision_cannot_rebind_existing_volume_identity (test_volume_consistency.VolumeConsistencyTests.test_latest_revision_cannot_rebind_existing_volume_identity) ... ok
test (windows-latest, 3.12)	Run regression tests including historical migration	2026-09-26T13:13:52.7790847Z test_legacy_historical_plan_cannot_reset_current_volume_binding (test_volume_consistency.VolumeConsistencyTests.test_legacy_historical_plan_cannot_reset_current_volume_binding) ... ok
test (windows-latest, 3.12)	Run regression tests including historical migration	2026-09-26T13:13:53.0211696Z test_new_chapter_cannot_adopt_a_hard_link_to_another_chapter (test_volume_consistency.VolumeConsistencyTests.test_new_chapter_cannot_adopt_a_hard_link_to_another_chapter) ... ok
test (windows-latest, 3.12)	Run regression tests including historical migration	2026-09-26T13:13:53.2025005Z test_new_chapter_rejects_case_alias_of_registered_volume_directory (test_volume_consistency.VolumeConsistencyTests.test_new_chapter_rejects_case_alias_of_registered_volume_directory) ... ok
test (windows-latest, 3.12)	Run regression tests including historical migration	2026-09-26T13:13:53.3446672Z test_new_chapter_rejects_unicode_alias_of_registered_volume_directory (test_volume_consistency.VolumeConsistencyTests.test_new_chapter_rejects_unicode_alias_of_registered_volume_directory) ... skipped 'Filesystem keeps these directory names distinct'
test (windows-latest, 3.12)	Run regression tests including historical migration	2026-09-26T13:13:53.6576161Z test_same_volume_id_cannot_split_new_chapters_across_directories (test_volume_consistency.VolumeConsistencyTests.test_same_volume_id_cannot_split_new_chapters_across_directories) ... ok
test (windows-latest, 3.12)	Run regression tests including historical migration	2026-09-26T13:13:53.6917118Z test_atomic_first_publication_and_revision_preserve_unicode_bytes (test_windows_directory_pins.WindowsDirectoryPinTests.test_atomic_first_publication_and_revision_preserve_unicode_bytes) ... ok
test (windows-latest, 3.12)	Run regression tests including historical migration	2026-09-26T13:13:53.7193365Z test_changed_target_is_restored_and_retained_in_backup (test_windows_directory_pins.WindowsDirectoryPinTests.test_changed_target_is_restored_and_retained_in_backup) ... ok
test (windows-latest, 3.12)	Run regression tests including historical migration	2026-09-26T13:13:53.9603878Z test_empty_pinned_directory_rejects_junction_conversion_until_released (test_windows_directory_pins.WindowsDirectoryPinTests.test_empty_pinned_directory_rejects_junction_conversion_until_released) ... ok
test (windows-latest, 3.12)	Run regression tests including historical migration	2026-09-26T13:13:54.1567676Z test_external_process_cannot_swap_pinned_leaf_or_ancestor (test_windows_directory_pins.WindowsDirectoryPinTests.test_external_process_cannot_swap_pinned_leaf_or_ancestor) ... ok
test (windows-latest, 3.12)	Run regression tests including historical migration	2026-09-26T13:13:54.2166104Z test_external_recreated_target_wins_over_backup_restore (test_windows_directory_pins.WindowsDirectoryPinTests.test_external_recreated_target_wins_over_backup_restore) ... ok
test (windows-latest, 3.12)	Run regression tests including historical migration	2026-09-26T13:13:54.2652384Z test_external_target_wins_over_first_publication (test_windows_directory_pins.WindowsDirectoryPinTests.test_external_target_wins_over_first_publication) ... ok
test (windows-latest, 3.12)	Run regression tests including historical migration	2026-09-26T13:13:54.2857980Z test_nested_directory_guards_leave_no_files_on_normal_or_exception_exit (test_windows_directory_pins.WindowsDirectoryPinTests.test_nested_directory_guards_leave_no_files_on_normal_or_exception_exit) ... ok
test (windows-latest, 3.12)	Run regression tests including historical migration	2026-09-26T13:13:54.3088153Z test_pinned_directories_allow_cross_directory_backup_and_copy_restore (test_windows_directory_pins.WindowsDirectoryPinTests.test_pinned_directories_allow_cross_directory_backup_and_copy_restore) ... ok
test (windows-latest, 3.12)	Run regression tests including historical migration	2026-09-26T13:13:54.3542148Z test_root_report_update_and_nested_backup_restore_share_ancestors (test_windows_directory_pins.WindowsDirectoryPinTests.test_root_report_update_and_nested_backup_restore_share_ancestors) ... ok
test (windows-latest, 3.12)	Run regression tests including historical migration	2026-09-26T13:13:54.8349185Z test_abrupt_exit_preserves_complete_record_at_each_write_boundary (test_workbench.WorkbenchTests.test_abrupt_exit_preserves_complete_record_at_each_write_boundary) ... 
test (windows-latest, 3.12)	Run regression tests including historical migration	2026-09-26T13:13:54.8353932Z   test_abrupt_exit_preserves_complete_record_at_each_write_boundary (test_workbench.WorkbenchTests.test_abrupt_exit_preserves_complete_record_at_each_write_boundary) (phase='before-body') ... FAIL
test (windows-latest, 3.12)	Run regression tests including historical migration	2026-09-26T13:13:54.9619654Z   test_abrupt_exit_preserves_complete_record_at_each_write_boundary (test_workbench.WorkbenchTests.test_abrupt_exit_preserves_complete_record_at_each_write_boundary) (phase='before-meta') ... FAIL
test (windows-latest, 3.12)	Run regression tests including historical migration	2026-09-26T13:13:55.0754554Z   test_abrupt_exit_preserves_complete_record_at_each_write_boundary (test_workbench.WorkbenchTests.test_abrupt_exit_preserves_complete_record_at_each_write_boundary) (phase='after-meta') ... FAIL
test (windows-latest, 3.12)	Run regression tests including historical migration	2026-09-26T13:13:55.6786222Z test_atomic_failure_preserves_previous_complete_page (test_workbench.WorkbenchTests.test_atomic_failure_preserves_previous_complete_page) ... ok
test (windows-latest, 3.12)	Run regression tests including historical migration	2026-09-26T13:13:56.3068187Z test_autorecovery_continues_after_transient_body_write_failure (test_workbench.WorkbenchTests.test_autorecovery_continues_after_transient_body_write_failure) ... ok
test (windows-latest, 3.12)	Run regression tests including historical migration	2026-09-26T13:13:58.0227426Z test_autorecovery_protects_changed_or_missing_metadata_and_legacy_receipts (test_workbench.WorkbenchTests.test_autorecovery_protects_changed_or_missing_metadata_and_legacy_receipts) ... ok
test (windows-latest, 3.12)	Run regression tests including historical migration	2026-09-26T13:13:58.3769461Z test_budget_and_page_limits_are_enforced (test_workbench.WorkbenchTests.test_budget_and_page_limits_are_enforced) ... ok
test (windows-latest, 3.12)	Run regression tests including historical migration	2026-09-26T13:13:59.0373938Z test_candidate_complete_file_limit_matches_reopen_limit (test_workbench.WorkbenchTests.test_candidate_complete_file_limit_matches_reopen_limit) ... ok
test (windows-latest, 3.12)	Run regression tests including historical migration	2026-09-26T13:14:00.1705502Z test_candidate_conflicts_are_preserved_and_recovery_survives_reload (test_workbench.WorkbenchTests.test_candidate_conflicts_are_preserved_and_recovery_survives_reload) ... ok
test (windows-latest, 3.12)	Run regression tests including historical migration	2026-09-26T13:14:02.0818093Z test_candidate_provenance_change_addition_and_removal_conflict (test_workbench.WorkbenchTests.test_candidate_provenance_change_addition_and_removal_conflict) ... ok
test (windows-latest, 3.12)	Run regression tests including historical migration	2026-09-26T13:14:03.0265707Z test_candidate_roundtrip_preserves_formal_and_lineage (test_workbench.WorkbenchTests.test_candidate_roundtrip_preserves_formal_and_lineage) ... ok
test (windows-latest, 3.12)	Run regression tests including historical migration	2026-09-26T13:14:03.0267893Z test_catalog_skips_link_and_reports_warning (test_workbench.WorkbenchTests.test_catalog_skips_link_and_reports_warning) ... skipped 'Symbolic links require Windows privileges'
test (windows-latest, 3.12)	Run regression tests including historical migration	2026-09-26T13:14:03.5338347Z test_cli_snapshot_without_publishing_record_is_read_only (test_workbench.WorkbenchTests.test_cli_snapshot_without_publishing_record_is_read_only) ... ok
test (windows-latest, 3.12)	Run regression tests including historical migration	2026-09-26T13:14:04.0511929Z test_composite_identity_tracks_publishing_and_displayed_file_facts (test_workbench.WorkbenchTests.test_composite_identity_tracks_publishing_and_displayed_file_facts) ... ok
test (windows-latest, 3.12)	Run regression tests including historical migration	2026-09-26T13:14:04.5731291Z test_composite_identity_tracks_publishing_export_files (test_workbench.WorkbenchTests.test_composite_identity_tracks_publishing_export_files) ... ok
test (windows-latest, 3.12)	Run regression tests including historical migration	2026-09-26T13:14:04.9899589Z test_core_change_during_final_publishing_capture_is_retried (test_workbench.WorkbenchTests.test_core_change_during_final_publishing_capture_is_retried) ... ok
test (windows-latest, 3.12)	Run regression tests including historical migration	2026-09-26T13:14:06.3906056Z test_corrupt_metadata_is_readonly_and_not_unregistered (test_workbench.WorkbenchTests.test_corrupt_metadata_is_readonly_and_not_unregistered) ... ok
test (windows-latest, 3.12)	Run regression tests including historical migration	2026-09-26T13:14:06.8209279Z test_cursor_rejects_an_off_page_chapter_change_without_revision_bump (test_workbench.WorkbenchTests.test_cursor_rejects_an_off_page_chapter_change_without_revision_bump) ... ok
test (windows-latest, 3.12)	Run regression tests including historical migration	2026-09-26T13:14:07.4364999Z test_default_cli_exports_three_column_reader (test_workbench.WorkbenchTests.test_default_cli_exports_three_column_reader) ... ok
test (windows-latest, 3.12)	Run regression tests including historical migration	2026-09-26T13:14:07.8211349Z test_due_card_total_does_not_underreport_the_bounded_list (test_workbench.WorkbenchTests.test_due_card_total_does_not_underreport_the_bounded_list) ... ok
test (windows-latest, 3.12)	Run regression tests including historical migration	2026-09-26T13:14:08.1941240Z test_editor_cannot_read_unlisted_private_files_or_traversal (test_workbench.WorkbenchTests.test_editor_cannot_read_unlisted_private_files_or_traversal) ... ok
test (windows-latest, 3.12)	Run regression tests including historical migration	2026-09-26T13:14:10.2131475Z test_editor_http_saves_candidate_and_rejects_stale_or_foreign_requests (test_workbench.WorkbenchTests.test_editor_http_saves_candidate_and_rejects_stale_or_foreign_requests) ... ok
test (windows-latest, 3.12)	Run regression tests including historical migration	2026-09-26T13:14:10.8757713Z test_editor_search_pages_and_new_state_are_fresh (test_workbench.WorkbenchTests.test_editor_search_pages_and_new_state_are_fresh) ... ok
test (windows-latest, 3.12)	Run regression tests including historical migration	2026-09-26T13:14:13.3269442Z test_editor_switching_and_recovery_request_order (test_workbench.WorkbenchTests.test_editor_switching_and_recovery_request_order) ... ok
test (windows-latest, 3.12)	Run regression tests including historical migration	2026-09-26T13:14:13.9662623Z test_export_rejects_a_git_tracked_derived_page (test_workbench.WorkbenchTests.test_export_rejects_a_git_tracked_derived_page) ... ok
test (windows-latest, 3.12)	Run regression tests including historical migration	2026-09-26T13:14:14.8070097Z test_git_book_requires_ignore_rule_before_export (test_workbench.WorkbenchTests.test_git_book_requires_ignore_rule_before_export) ... ok
test (windows-latest, 3.12)	Run regression tests including historical migration	2026-09-26T13:14:15.4050116Z test_git_probe_only_rules_do_not_masquerade_as_output_ignores (test_workbench.WorkbenchTests.test_git_probe_only_rules_do_not_masquerade_as_output_ignores) ... ok
test (windows-latest, 3.12)	Run regression tests including historical migration	2026-09-26T13:14:16.0170000Z test_git_rule_for_only_index_is_insufficient_for_backups (test_workbench.WorkbenchTests.test_git_rule_for_only_index_is_insufficient_for_backups) ... ok
test (windows-latest, 3.12)	Run regression tests including historical migration	2026-09-26T13:14:16.4941768Z test_git_verification_failure_in_a_repository_fails_closed (test_workbench.WorkbenchTests.test_git_verification_failure_in_a_repository_fails_closed) ... ok
test (windows-latest, 3.12)	Run regression tests including historical migration	2026-09-26T13:14:17.0676836Z test_html_is_escaped_self_contained_and_omits_complete_prose (test_workbench.WorkbenchTests.test_html_is_escaped_self_contained_and_omits_complete_prose) ... ok
test (windows-latest, 3.12)	Run regression tests including historical migration	2026-09-26T13:14:17.4081512Z test_interface_identifier_is_independent_of_session_token (test_workbench.WorkbenchTests.test_interface_identifier_is_independent_of_session_token) ... ok
test (windows-latest, 3.12)	Run regression tests including historical migration	2026-09-26T13:14:17.7825588Z test_internal_scans_have_hard_limits (test_workbench.WorkbenchTests.test_internal_scans_have_hard_limits) ... ok
test (windows-latest, 3.12)	Run regression tests including historical migration	2026-09-26T13:14:18.3388385Z test_interrupted_recovery_keeps_old_backup_and_does_not_overwrite_external_edit (test_workbench.WorkbenchTests.test_interrupted_recovery_keeps_old_backup_and_does_not_overwrite_external_edit) ... FAIL
test (windows-latest, 3.12)	Run regression tests including historical migration	2026-09-26T13:14:18.6914899Z test_invalid_editor_chapter_never_reaches_sqlite (test_workbench.WorkbenchTests.test_invalid_editor_chapter_never_reaches_sqlite) ... ok
test (windows-latest, 3.12)	Run regression tests including historical migration	2026-09-26T13:14:19.0017483Z test_invalid_metadata_is_rejected_instead_of_rendered (test_workbench.WorkbenchTests.test_invalid_metadata_is_rejected_instead_of_rendered) ... ok
test (windows-latest, 3.12)	Run regression tests including historical migration	2026-09-26T13:14:19.3819547Z test_invalid_publishing_receipt_changes_the_composite_identity (test_workbench.WorkbenchTests.test_invalid_publishing_receipt_changes_the_composite_identity) ... ok
test (windows-latest, 3.12)	Run regression tests including historical migration	2026-09-26T13:14:20.3306734Z test_legacy_save_endpoint_also_writes_provenance (test_workbench.WorkbenchTests.test_legacy_save_endpoint_also_writes_provenance) ... ok
test (windows-latest, 3.12)	Run regression tests including historical migration	2026-09-26T13:14:20.8924419Z test_malformed_schema_json_and_missing_table_are_state_corrupt (test_workbench.WorkbenchTests.test_malformed_schema_json_and_missing_table_are_state_corrupt) ... ok
test (windows-latest, 3.12)	Run regression tests including historical migration	2026-09-26T13:14:21.4249863Z test_metadata_failure_removes_partial_candidate_from_catalog (test_workbench.WorkbenchTests.test_metadata_failure_removes_partial_candidate_from_catalog) ... ok
test (windows-latest, 3.12)	Run regression tests including historical migration	2026-09-26T13:14:21.8882276Z test_missing_or_wrong_size_publish_zip_is_required_attention (test_workbench.WorkbenchTests.test_missing_or_wrong_size_publish_zip_is_required_attention) ... ok
test (windows-latest, 3.12)	Run regression tests including historical migration	2026-09-26T13:14:22.4167229Z test_missing_recovery_is_recreated (test_workbench.WorkbenchTests.test_missing_recovery_is_recreated) ... ok
test (windows-latest, 3.12)	Run regression tests including historical migration	2026-09-26T13:14:22.7396851Z test_noncanonical_publishing_manifest_is_rejected (test_workbench.WorkbenchTests.test_noncanonical_publishing_manifest_is_rejected) ... ok
test (windows-latest, 3.12)	Run regression tests including historical migration	2026-09-26T13:14:24.1701175Z test_old_candidates_new_chapter_materials_and_images_are_discoverable (test_workbench.WorkbenchTests.test_old_candidates_new_chapter_materials_and_images_are_discoverable) ... ok
test (windows-latest, 3.12)	Run regression tests including historical migration	2026-09-26T13:14:25.8519789Z test_old_generated_filename_and_bom_hide_only_known_heading (test_workbench.WorkbenchTests.test_old_generated_filename_and_bom_hide_only_known_heading) ... ok
test (windows-latest, 3.12)	Run regression tests including historical migration	2026-09-26T13:14:26.4342601Z test_open_browser_receipt_does_not_overstate_failure (test_workbench.WorkbenchTests.test_open_browser_receipt_does_not_overstate_failure) ... ok
test (windows-latest, 3.12)	Run regression tests including historical migration	2026-09-26T13:14:26.9987162Z test_output_rejects_escape_and_linked_parent (test_workbench.WorkbenchTests.test_output_rejects_escape_and_linked_parent) ... ok
test (windows-latest, 3.12)	Run regression tests including historical migration	2026-09-26T13:14:27.3249154Z test_oversized_integer_metadata_is_rejected_without_a_traceback (test_workbench.WorkbenchTests.test_oversized_integer_metadata_is_rejected_without_a_traceback) ... ok
test (windows-latest, 3.12)	Run regression tests including historical migration	2026-09-26T13:14:27.7533645Z test_partial_save_reports_paths_when_rollback_cannot_finish (test_workbench.WorkbenchTests.test_partial_save_reports_paths_when_rollback_cannot_finish) ... ok
test (windows-latest, 3.12)	Run regression tests including historical migration	2026-09-26T13:14:28.1485433Z test_pending_edits_remain_accessible_outside_catalog (test_workbench.WorkbenchTests.test_pending_edits_remain_accessible_outside_catalog) ... ok
test (windows-latest, 3.12)	Run regression tests including historical migration	2026-09-26T13:14:28.6047577Z test_pending_record_corruption_and_second_writer_are_not_silent (test_workbench.WorkbenchTests.test_pending_record_corruption_and_second_writer_are_not_silent) ... FAIL
test (windows-latest, 3.12)	Run regression tests including historical migration	2026-09-26T13:14:28.9040279Z test_publishing_manifest_limit_is_checked_before_manifest_validation (test_workbench.WorkbenchTests.test_publishing_manifest_limit_is_checked_before_manifest_validation) ... ok
test (windows-latest, 3.12)	Run regression tests including historical migration	2026-09-26T13:14:28.9044214Z test_read_only_book_detects_state_path_replacement (test_workbench.WorkbenchTests.test_read_only_book_detects_state_path_replacement) ... skipped 'Windows holds the open database path against replacement'
test (windows-latest, 3.12)	Run regression tests including historical migration	2026-09-26T13:14:29.2298894Z test_reader_empty_and_partial_directory_are_explicit (test_workbench.WorkbenchTests.test_reader_empty_and_partial_directory_are_explicit) ... ok
test (windows-latest, 3.12)	Run regression tests including historical migration	2026-09-26T13:14:29.5450691Z test_reader_hides_only_matching_opening_heading (test_workbench.WorkbenchTests.test_reader_hides_only_matching_opening_heading) ... ok
test (windows-latest, 3.12)	Run regression tests including historical migration	2026-09-26T13:14:29.9279545Z test_reader_overview_preserves_delivery_and_coverage (test_workbench.WorkbenchTests.test_reader_overview_preserves_delivery_and_coverage) ... ok
test (windows-latest, 3.12)	Run regression tests including historical migration	2026-09-26T13:14:30.3505310Z test_reading_export_embeds_verified_text_and_navigation (test_workbench.WorkbenchTests.test_reading_export_embeds_verified_text_and_navigation) ... ok
test (windows-latest, 3.12)	Run regression tests including historical migration	2026-09-26T13:14:30.7189380Z test_reading_export_rejects_external_changes (test_workbench.WorkbenchTests.test_reading_export_rejects_external_changes) ... ok
test (windows-latest, 3.12)	Run regression tests including historical migration	2026-09-26T13:14:31.2711674Z test_recovery_forks_after_external_edit (test_workbench.WorkbenchTests.test_recovery_forks_after_external_edit) ... ok
test (windows-latest, 3.12)	Run regression tests including historical migration	2026-09-26T13:14:32.3803056Z test_recovery_keeps_lineage_and_heading_on_resave (test_workbench.WorkbenchTests.test_recovery_keeps_lineage_and_heading_on_resave) ... ok
test (windows-latest, 3.12)	Run regression tests including historical migration	2026-09-26T13:14:32.9092619Z test_recovery_metadata_failure_restores_previous_body_and_metadata (test_workbench.WorkbenchTests.test_recovery_metadata_failure_restores_previous_body_and_metadata) ... ok
test (windows-latest, 3.12)	Run regression tests including historical migration	2026-09-26T13:14:33.4979635Z test_recovery_metadata_race_cannot_overwrite_external_record (test_workbench.WorkbenchTests.test_recovery_metadata_race_cannot_overwrite_external_record) ... ok
test (windows-latest, 3.12)	Run regression tests including historical migration	2026-09-26T13:14:34.0240094Z test_reload_failure_and_concurrent_input_preserve_editor (test_workbench.WorkbenchTests.test_reload_failure_and_concurrent_input_preserve_editor) ... ok
test (windows-latest, 3.12)	Run regression tests including historical migration	2026-09-26T13:14:35.4483403Z test_service_lease_released_when_process_is_terminated (test_workbench.WorkbenchTests.test_service_lease_released_when_process_is_terminated) ... ok
test (windows-latest, 3.12)	Run regression tests including historical migration	2026-09-26T13:14:35.9153201Z test_service_rejects_forged_identity_and_releases_lease_after_start_failure (test_workbench.WorkbenchTests.test_service_rejects_forged_identity_and_releases_lease_after_start_failure) ... ok
test (windows-latest, 3.12)	Run regression tests including historical migration	2026-09-26T13:14:36.5242566Z test_service_single_instance_status_stop_and_restart (test_workbench.WorkbenchTests.test_service_single_instance_status_stop_and_restart) ... ok
test (windows-latest, 3.12)	Run regression tests including historical migration	2026-09-26T13:14:37.0558619Z test_snapshot_and_export_do_not_change_authoritative_state (test_workbench.WorkbenchTests.test_snapshot_and_export_do_not_change_authoritative_state) ... ok
test (windows-latest, 3.12)	Run regression tests including historical migration	2026-09-26T13:14:37.7840212Z test_snapshot_contract_is_bounded_paged_and_composite (test_workbench.WorkbenchTests.test_snapshot_contract_is_bounded_paged_and_composite) ... ok
test (windows-latest, 3.12)	Run regression tests including historical migration	2026-09-26T13:14:38.1516555Z test_sparse_future_plan_does_not_claim_the_next_chapter_is_ready (test_workbench.WorkbenchTests.test_sparse_future_plan_does_not_claim_the_next_chapter_is_ready) ... ok
test (windows-latest, 3.12)	Run regression tests including historical migration	2026-09-26T13:14:38.7667147Z test_successful_refresh_preserves_previous_complete_page (test_workbench.WorkbenchTests.test_successful_refresh_preserves_previous_complete_page) ... ok
test (windows-latest, 3.12)	Run regression tests including historical migration	2026-09-26T13:14:39.2285443Z test_three_column_reader_script_is_hash_bound (test_workbench.WorkbenchTests.test_three_column_reader_script_is_hash_bound) ... ok
test (windows-latest, 3.12)	Run regression tests including historical migration	2026-09-26T13:14:39.5685610Z test_unreadable_directory_does_not_hide_formal_chapters (test_workbench.WorkbenchTests.test_unreadable_directory_does_not_hide_formal_chapters) ... ok
test (windows-latest, 3.12)	Run regression tests including historical migration	2026-09-26T13:14:40.0470587Z test_unregistered_files_are_reported_honestly_and_never_guessed (test_workbench.WorkbenchTests.test_unregistered_files_are_reported_honestly_and_never_guessed) ... ok
test (windows-latest, 3.12)	Run regression tests including historical migration	2026-09-26T13:14:40.3457624Z test_unregistered_legacy_chapter_path_keeps_original_fallback (test_workbench.WorkbenchTests.test_unregistered_legacy_chapter_path_keeps_original_fallback) ... ok
test (windows-latest, 3.12)	Run regression tests including historical migration	2026-09-26T13:14:40.8971174Z test_workbench_links_use_existing_registered_volume_paths (test_workbench.WorkbenchTests.test_workbench_links_use_existing_registered_volume_paths) ... ok
test (windows-latest, 3.12)	Run regression tests including historical migration	2026-09-26T13:14:41.8110178Z test_catalog_refresh_preserves_collapsed_groups_scroll_and_plan_only_open (test_workbench_flow.WorkbenchFlowTests.test_catalog_refresh_preserves_collapsed_groups_scroll_and_plan_only_open) ... ok
test (windows-latest, 3.12)	Run regression tests including historical migration	2026-09-26T13:14:42.1587742Z test_context_uses_actual_receipt_and_prior_summary (test_workbench_flow.WorkbenchFlowTests.test_context_uses_actual_receipt_and_prior_summary) ... ok
test (windows-latest, 3.12)	Run regression tests including historical migration	2026-09-26T13:14:42.5818248Z test_diff_preserves_all_text_and_only_marks_changes (test_workbench_flow.WorkbenchFlowTests.test_diff_preserves_all_text_and_only_marks_changes) ... ok
test (windows-latest, 3.12)	Run regression tests including historical migration	2026-09-26T13:14:42.9548404Z test_directory_query_keeps_related_materials_independent (test_workbench_flow.WorkbenchFlowTests.test_directory_query_keeps_related_materials_independent) ... ok
test (windows-latest, 3.12)	Run regression tests including historical migration	2026-09-26T13:14:43.3635519Z test_empty_fulltext_search_clears_status_and_paging (test_workbench_flow.WorkbenchFlowTests.test_empty_fulltext_search_clears_status_and_paging) ... ok
test (windows-latest, 3.12)	Run regression tests including historical migration	2026-09-26T13:14:43.8536640Z test_equal_draft_is_not_claimed_as_adopted (test_workbench_flow.WorkbenchFlowTests.test_equal_draft_is_not_claimed_as_adopted) ... FAIL
test (windows-latest, 3.12)	Run regression tests including historical migration	2026-09-26T13:14:44.2979729Z test_fulltext_finds_contents_and_excludes_changed_formal (test_workbench_flow.WorkbenchFlowTests.test_fulltext_finds_contents_and_excludes_changed_formal) ... ok
test (windows-latest, 3.12)	Run regression tests including historical migration	2026-09-26T13:14:44.7590585Z test_groups_include_future_plans_without_claiming_prose_or_adoption (test_workbench_flow.WorkbenchFlowTests.test_groups_include_future_plans_without_claiming_prose_or_adoption) ... ok
test (windows-latest, 3.12)	Run regression tests including historical migration	2026-09-26T13:14:45.1715937Z test_history_banner_does_not_rewrite_old_report (test_workbench_flow.WorkbenchFlowTests.test_history_banner_does_not_rewrite_old_report) ... ok
test (windows-latest, 3.12)	Run regression tests including historical migration	2026-09-26T13:14:45.6542983Z test_legacy_material_origin_is_recognized_and_invalid_type_rejected (test_workbench_flow.WorkbenchFlowTests.test_legacy_material_origin_is_recognized_and_invalid_type_rejected) ... ok
test (windows-latest, 3.12)	Run regression tests including historical migration	2026-09-26T13:14:46.0031387Z test_library_only_opens_registered_roots_and_reuses_service (test_workbench_flow.WorkbenchFlowTests.test_library_only_opens_registered_roots_and_reuses_service) ... ok
test (windows-latest, 3.12)	Run regression tests including historical migration	2026-09-26T13:14:46.4296955Z test_markdown_builds_text_nodes_not_executable_html (test_workbench_flow.WorkbenchFlowTests.test_markdown_builds_text_nodes_not_executable_html) ... ok
test (windows-latest, 3.12)	Run regression tests including historical migration	2026-09-26T13:14:47.3075924Z test_material_recovery_and_pending_preserve_type_even_without_source (test_workbench_flow.WorkbenchFlowTests.test_material_recovery_and_pending_preserve_type_even_without_source) ... ok
test (windows-latest, 3.12)	Run regression tests including historical migration	2026-09-26T13:14:47.8058955Z test_metrics_use_plan_count_method_title_and_selection (test_workbench_flow.WorkbenchFlowTests.test_metrics_use_plan_count_method_title_and_selection) ... ok
test (windows-latest, 3.12)	Run regression tests including historical migration	2026-09-26T13:14:48.8785601Z test_outline_candidate_and_descendants_keep_material_type_and_heading (test_workbench_flow.WorkbenchFlowTests.test_outline_candidate_and_descendants_keep_material_type_and_heading) ... ok
test (windows-latest, 3.12)	Run regression tests including historical migration	2026-09-26T13:14:49.2983480Z test_review_task_is_read_only_and_identifies_saved_source (test_workbench_flow.WorkbenchFlowTests.test_review_task_is_read_only_and_identifies_saved_source) ... ok
test (windows-latest, 3.12)	Run regression tests including historical migration	2026-09-26T13:14:49.3132042Z test_ambiguous_batch_net_balance_is_known_at_next_tick (test_world_audit_fixes.WorldAuditFixes.test_ambiguous_batch_net_balance_is_known_at_next_tick) ... ok
test (windows-latest, 3.12)	Run regression tests including historical migration	2026-09-26T13:14:49.3173755Z test_ambiguous_fact_does_not_confirm_rule_prerequisite (test_world_audit_fixes.WorldAuditFixes.test_ambiguous_fact_does_not_confirm_rule_prerequisite) ... ok
test (windows-latest, 3.12)	Run regression tests including historical migration	2026-09-26T13:14:49.3205874Z test_current_chapter_transfer_check_keeps_undated_balance_unknown (test_world_audit_fixes.WorldAuditFixes.test_current_chapter_transfer_check_keeps_undated_balance_unknown) ... ok
test (windows-latest, 3.12)	Run regression tests including historical migration	2026-09-26T13:14:49.3299632Z test_distinct_story_ticks_keep_latest_state_despite_publication_order (test_world_audit_fixes.WorldAuditFixes.test_distinct_story_ticks_keep_latest_state_despite_publication_order) ... ok
test (windows-latest, 3.12)	Run regression tests including historical migration	2026-09-26T13:14:49.3334325Z test_expired_fact_interval_no_longer_creates_a_tie (test_world_audit_fixes.WorldAuditFixes.test_expired_fact_interval_no_longer_creates_a_tie) ... ok
test (windows-latest, 3.12)	Run regression tests including historical migration	2026-09-26T13:14:49.3598997Z test_known_tick_order_controls_when_income_can_cover_spending (test_world_audit_fixes.WorldAuditFixes.test_known_tick_order_controls_when_income_can_cover_spending) ... ok
test (windows-latest, 3.12)	Run regression tests including historical migration	2026-09-26T13:14:49.3668984Z test_known_time_transfer_keeps_exact_balance_and_overdraft_check (test_world_audit_fixes.WorldAuditFixes.test_known_time_transfer_keeps_exact_balance_and_overdraft_check) ... ok
test (windows-latest, 3.12)	Run regression tests including historical migration	2026-09-26T13:14:49.3733377Z test_observed_same_tick_income_does_not_prove_it_preceded_new_spending (test_world_audit_fixes.WorldAuditFixes.test_observed_same_tick_income_does_not_prove_it_preceded_new_spending) ... ok
test (windows-latest, 3.12)	Run regression tests including historical migration	2026-09-26T13:14:49.3800945Z test_opening_after_dated_unknown_flow_sets_only_its_own_baseline (test_world_audit_fixes.WorldAuditFixes.test_opening_after_dated_unknown_flow_sets_only_its_own_baseline) ... ok
test (windows-latest, 3.12)	Run regression tests including historical migration	2026-09-26T13:14:49.3837010Z test_planned_cognition_ties_do_not_override_observed_knowledge (test_world_audit_fixes.WorldAuditFixes.test_planned_cognition_ties_do_not_override_observed_knowledge) ... ok
test (windows-latest, 3.12)	Run regression tests including historical migration	2026-09-26T13:14:49.3868696Z test_planned_undated_transfer_does_not_change_observed_balance (test_world_audit_fixes.WorldAuditFixes.test_planned_undated_transfer_does_not_change_observed_balance) ... ok
test (windows-latest, 3.12)	Run regression tests including historical migration	2026-09-26T13:14:49.4154613Z test_same_tick_circular_transfers_need_initial_funds_or_order_evidence (test_world_audit_fixes.WorldAuditFixes.test_same_tick_circular_transfers_need_initial_funds_or_order_evidence) ... ok
test (windows-latest, 3.12)	Run regression tests including historical migration	2026-09-26T13:14:49.4408118Z test_same_tick_income_and_spending_need_order_evidence (test_world_audit_fixes.WorldAuditFixes.test_same_tick_income_and_spending_need_order_evidence) ... ok
test (windows-latest, 3.12)	Run regression tests including historical migration	2026-09-26T13:14:49.4544285Z test_same_tick_sufficient_baseline_needs_no_order_warning (test_world_audit_fixes.WorldAuditFixes.test_same_tick_sufficient_baseline_needs_no_order_warning) ... ok
test (windows-latest, 3.12)	Run regression tests including historical migration	2026-09-26T13:14:49.4807883Z test_same_tick_unavoidable_shortfall_still_blocks (test_world_audit_fixes.WorldAuditFixes.test_same_tick_unavoidable_shortfall_still_blocks) ... ok
test (windows-latest, 3.12)	Run regression tests including historical migration	2026-09-26T13:14:49.5058332Z test_tied_facts_preserve_candidates_without_id_or_publication_order (test_world_audit_fixes.WorldAuditFixes.test_tied_facts_preserve_candidates_without_id_or_publication_order) ... ok
test (windows-latest, 3.12)	Run regression tests including historical migration	2026-09-26T13:14:49.5328146Z test_tied_knowledge_preserves_candidates_without_id_or_publication_order (test_world_audit_fixes.WorldAuditFixes.test_tied_knowledge_preserves_candidates_without_id_or_publication_order) ... ok
test (windows-latest, 3.12)	Run regression tests including historical migration	2026-09-26T13:14:49.5573520Z test_tied_lines_preserve_candidates_without_id_or_publication_order (test_world_audit_fixes.WorldAuditFixes.test_tied_lines_preserve_candidates_without_id_or_publication_order) ... ok
test (windows-latest, 3.12)	Run regression tests including historical migration	2026-09-26T13:14:49.5641991Z test_unknown_flows_do_not_cross_holder_or_resource_boundaries (test_world_audit_fixes.WorldAuditFixes.test_unknown_flows_do_not_cross_holder_or_resource_boundaries) ... ok
test (windows-latest, 3.12)	Run regression tests including historical migration	2026-09-26T13:14:49.6197688Z test_unknown_same_tick_expense_cannot_hide_minimum_shortfall (test_world_audit_fixes.WorldAuditFixes.test_unknown_same_tick_expense_cannot_hide_minimum_shortfall) ... ok
test (windows-latest, 3.12)	Run regression tests including historical migration	2026-09-26T13:14:49.6702623Z test_unknown_same_tick_income_keeps_shortfall_unverified (test_world_audit_fixes.WorldAuditFixes.test_unknown_same_tick_income_keeps_shortfall_unverified) ... ok
test (windows-latest, 3.12)	Run regression tests including historical migration	2026-09-26T13:14:49.6973080Z test_unknown_time_transfer_cannot_be_reset_by_opening (test_world_audit_fixes.WorldAuditFixes.test_unknown_time_transfer_cannot_be_reset_by_opening) ... ok
test (windows-latest, 3.12)	Run regression tests including historical migration	2026-09-26T13:14:49.8757348Z test_dependencies_use_recalled_owner_evidence_without_mutating_book (test_world_fact_recall.FactDependencyIntegrationTests.test_dependencies_use_recalled_owner_evidence_without_mutating_book) ... ok
test (windows-latest, 3.12)	Run regression tests including historical migration	2026-09-26T13:14:49.8794073Z test_handover_updates_previous_holder_context_and_preserves_flashback (test_world_fact_recall.FactRecallTests.test_handover_updates_previous_holder_context_and_preserves_flashback) ... ok
test (windows-latest, 3.12)	Run regression tests including historical migration	2026-09-26T13:14:49.8825895Z test_new_owner_evidence_must_be_current_even_without_old_owner_tag (test_world_fact_recall.FactRecallTests.test_new_owner_evidence_must_be_current_even_without_old_owner_tag) ... ok
test (windows-latest, 3.12)	Run regression tests including historical migration	2026-09-26T13:14:49.8856489Z test_proposed_handover_does_not_change_observed_ownership (test_world_fact_recall.FactRecallTests.test_proposed_handover_does_not_change_observed_ownership) ... ok
test (windows-latest, 3.12)	Run regression tests including historical migration	2026-09-26T13:14:49.8890069Z test_related_slot_does_not_pull_in_other_items_predicates_or_clocks (test_world_fact_recall.FactRecallTests.test_related_slot_does_not_pull_in_other_items_predicates_or_clocks) ... ok
test (windows-latest, 3.12)	Run regression tests including historical migration	2026-09-26T13:14:49.8922178Z test_retired_association_does_not_recall_an_unrelated_owner (test_world_fact_recall.FactRecallTests.test_retired_association_does_not_recall_an_unrelated_owner) ... ok
test (windows-latest, 3.12)	Run regression tests including historical migration	2026-09-26T13:14:49.8952345Z test_tied_handover_keeps_both_candidates (test_world_fact_recall.FactRecallTests.test_tied_handover_keeps_both_candidates) ... ok
test (windows-latest, 3.12)	Run regression tests including historical migration	2026-09-26T13:14:49.8983096Z test_unknown_handover_keeps_both_candidates (test_world_fact_recall.FactRecallTests.test_unknown_handover_keeps_both_candidates) ... ok
test (windows-latest, 3.12)	Run regression tests including historical migration	2026-09-26T13:14:49.9023840Z test_flashback_and_publication_horizon_keep_prior_knowledge (test_world_knowledge_recall.KnowledgeRecallTests.test_flashback_and_publication_horizon_keep_prior_knowledge) ... ok
test (windows-latest, 3.12)	Run regression tests including historical migration	2026-09-26T13:14:49.9066523Z test_item_and_actor_queries_agree_after_memory_loss (test_world_knowledge_recall.KnowledgeRecallTests.test_item_and_actor_queries_agree_after_memory_loss) ... ok
test (windows-latest, 3.12)	Run regression tests including historical migration	2026-09-26T13:14:49.9102614Z test_new_knowledge_evidence_is_checked_through_item_query (test_world_knowledge_recall.KnowledgeRecallTests.test_new_knowledge_evidence_is_checked_through_item_query) ... ok
test (windows-latest, 3.12)	Run regression tests including historical migration	2026-09-26T13:14:49.9138630Z test_proposed_memory_loss_stays_separate_from_observed_knowledge (test_world_knowledge_recall.KnowledgeRecallTests.test_proposed_memory_loss_stays_separate_from_observed_knowledge) ... ok
test (windows-latest, 3.12)	Run regression tests including historical migration	2026-09-26T13:14:49.9175787Z test_retired_association_does_not_recall_unrelated_knowledge (test_world_knowledge_recall.KnowledgeRecallTests.test_retired_association_does_not_recall_unrelated_knowledge) ... ok
test (windows-latest, 3.12)	Run regression tests including historical migration	2026-09-26T13:14:49.9211807Z test_same_time_remains_unordered_through_item_query (test_world_knowledge_recall.KnowledgeRecallTests.test_same_time_remains_unordered_through_item_query) ... ok
test (windows-latest, 3.12)	Run regression tests including historical migration	2026-09-26T13:14:49.9250552Z test_unknown_time_remains_unordered_through_item_query (test_world_knowledge_recall.KnowledgeRecallTests.test_unknown_time_remains_unordered_through_item_query) ... ok
test (windows-latest, 3.12)	Run regression tests including historical migration	2026-09-26T13:14:49.9288571Z test_unrelated_actors_propositions_and_clocks_do_not_join_selected_slot (test_world_knowledge_recall.KnowledgeRecallTests.test_unrelated_actors_propositions_and_clocks_do_not_join_selected_slot) ... ok
test (windows-latest, 3.12)	Run regression tests including historical migration	2026-09-26T13:14:50.2664117Z test_another_actors_upgrade_does_not_allow_committed_cooldown_violation (test_world_rules_regressions.WorldRulesCommitRegressions.test_another_actors_upgrade_does_not_allow_committed_cooldown_violation) ... ok
test (windows-latest, 3.12)	Run regression tests including historical migration	2026-09-26T13:14:50.4780920Z test_zero_opening_is_committed_and_overdraft_rolls_back_next_chapter (test_world_rules_regressions.WorldRulesCommitRegressions.test_zero_opening_is_committed_and_overdraft_rolls_back_next_chapter) ... ok
test (windows-latest, 3.12)	Run regression tests including historical migration	2026-09-26T13:14:50.4837726Z test_actor_specific_rule_update_keeps_other_actors_old_cooldown (test_world_rules_regressions.WorldRulesRegressions.test_actor_specific_rule_update_keeps_other_actors_old_cooldown) ... ok
test (windows-latest, 3.12)	Run regression tests including historical migration	2026-09-26T13:14:50.4870859Z test_distinct_items_keep_their_concurrent_holders (test_world_rules_regressions.WorldRulesRegressions.test_distinct_items_keep_their_concurrent_holders) ... ok
test (windows-latest, 3.12)	Run regression tests including historical migration	2026-09-26T13:14:50.4903308Z test_evidenced_zero_opening_blocks_positive_spending (test_world_rules_regressions.WorldRulesRegressions.test_evidenced_zero_opening_blocks_positive_spending) ... ok
test (windows-latest, 3.12)	Run regression tests including historical migration	2026-09-26T13:14:50.4940290Z test_history_cannot_create_a_new_same_tick_hook_ambiguity (test_world_rules_regressions.WorldRulesRegressions.test_history_cannot_create_a_new_same_tick_hook_ambiguity) ... ok
test (windows-latest, 3.12)	Run regression tests including historical migration	2026-09-26T13:14:50.5007884Z test_legacy_hook_rebind_preserves_ambiguity_and_idempotence (test_world_rules_regressions.WorldRulesRegressions.test_legacy_hook_rebind_preserves_ambiguity_and_idempotence) ... ok
test (windows-latest, 3.12)	Run regression tests including historical migration	2026-09-26T13:14:50.5064966Z test_legacy_same_tick_hooks_report_ambiguity_after_vacuum (test_world_rules_regressions.WorldRulesRegressions.test_legacy_same_tick_hooks_report_ambiguity_after_vacuum) ... ok
test (windows-latest, 3.12)	Run regression tests including historical migration	2026-09-26T13:14:50.5090624Z test_new_same_tick_hook_events_are_rejected_atomically (test_world_rules_regressions.WorldRulesRegressions.test_new_same_tick_hook_events_are_rejected_atomically) ... ok
test (windows-latest, 3.12)	Run regression tests including historical migration	2026-09-26T13:14:50.5127014Z test_resolved_hook_timing_clears_legacy_ambiguity (test_world_rules_regressions.WorldRulesRegressions.test_resolved_hook_timing_clears_legacy_ambiguity) ... ok
test (windows-latest, 3.12)	Run regression tests including historical migration	2026-09-26T13:14:50.5165504Z test_rule_line_restriction_does_not_apply_to_other_lines (test_world_rules_regressions.WorldRulesRegressions.test_rule_line_restriction_does_not_apply_to_other_lines) ... ok
test (windows-latest, 3.12)	Run regression tests including historical migration	2026-09-26T13:14:50.5199870Z test_undated_author_plan_does_not_erase_observed_cognition (test_world_rules_regressions.WorldRulesRegressions.test_undated_author_plan_does_not_erase_observed_cognition) ... ok
test (windows-latest, 3.12)	Run regression tests including historical migration	2026-09-26T13:14:50.5239458Z test_undated_cognition_is_retained_without_claiming_latest_state (test_world_rules_regressions.WorldRulesRegressions.test_undated_cognition_is_retained_without_claiming_latest_state) ... ok
test (windows-latest, 3.12)	Run regression tests including historical migration	2026-09-26T13:14:50.5270179Z test_undated_line_checkpoint_is_a_candidate_not_current_scene (test_world_rules_regressions.WorldRulesRegressions.test_undated_line_checkpoint_is_a_candidate_not_current_scene) ... ok
test (windows-latest, 3.12)	Run regression tests including historical migration	2026-09-26T13:14:50.5307360Z test_undated_rule_change_is_not_silently_older_than_dated_rule (test_world_rules_regressions.WorldRulesRegressions.test_undated_rule_change_is_not_silently_older_than_dated_rule) ... ok
test (windows-latest, 3.12)	Run regression tests including historical migration	2026-09-26T13:14:50.5339989Z test_unknown_record_evidence_must_still_be_current (test_world_rules_regressions.WorldRulesRegressions.test_unknown_record_evidence_must_still_be_current) ... ok
test (windows-latest, 3.12)	Run regression tests including historical migration	2026-09-26T13:14:50.5389142Z test_unknown_use_survives_known_prior_time_and_requests_review (test_world_rules_regressions.WorldRulesRegressions.test_unknown_use_survives_known_prior_time_and_requests_review) ... ok
test (windows-latest, 3.12)	Run regression tests including historical migration	2026-09-26T13:14:50.5409933Z test_zero_ordinary_transfer_still_rejected_atomically (test_world_rules_regressions.WorldRulesRegressions.test_zero_ordinary_transfer_still_rejected_atomically) ... ok
test (windows-latest, 3.12)	Run regression tests including historical migration	2026-09-26T13:14:50.5411224Z 
test (windows-latest, 3.12)	Run regression tests including historical migration	2026-09-26T13:14:50.5411428Z ======================================================================
test (windows-latest, 3.12)	Run regression tests including historical migration	2026-09-26T13:14:50.5412901Z FAIL: test_abrupt_exit_preserves_complete_record_at_each_write_boundary (test_workbench.WorkbenchTests.test_abrupt_exit_preserves_complete_record_at_each_write_boundary) (phase='before-body')
test (windows-latest, 3.12)	Run regression tests including historical migration	2026-09-26T13:14:50.5415277Z ----------------------------------------------------------------------
test (windows-latest, 3.12)	Run regression tests including historical migration	2026-09-26T13:14:50.5416130Z Traceback (most recent call last):
test (windows-latest, 3.12)	Run regression tests including historical migration	2026-09-26T13:14:50.5425943Z   File "D:\a\story-skill\story-skill\tests\test_workbench.py", line 718, in test_abrupt_exit_preserves_complete_record_at_each_write_boundary
test (windows-latest, 3.12)	Run regression tests including historical migration	2026-09-26T13:14:50.5427151Z     self._crash_save({**source, 'text': text}, phase)
test (windows-latest, 3.12)	Run regression tests including historical migration	2026-09-26T13:14:50.5427972Z   File "D:\a\story-skill\story-skill\tests\test_workbench.py", line 709, in _crash_save
test (windows-latest, 3.12)	Run regression tests including historical migration	2026-09-26T13:14:50.5428765Z     self.assertEqual(result.returncode, 73, result.stderr)
test (windows-latest, 3.12)	Run regression tests including historical migration	2026-09-26T13:14:50.5429355Z AssertionError: 1 != 73 : Traceback (most recent call last):
test (windows-latest, 3.12)	Run regression tests including historical migration	2026-09-26T13:14:50.5429974Z   File "<string>", line 22, in <module>
test (windows-latest, 3.12)	Run regression tests including historical migration	2026-09-26T13:14:50.5430710Z   File "C:\hostedtoolcache\windows\Python\3.12.10\x64\Lib\pathlib.py", line 1028, in read_text
test (windows-latest, 3.12)	Run regression tests including historical migration	2026-09-26T13:14:50.5431427Z     return f.read()
test (windows-latest, 3.12)	Run regression tests including historical migration	2026-09-26T13:14:50.5431707Z            ^^^^^^^^
test (windows-latest, 3.12)	Run regression tests including historical migration	2026-09-26T13:14:50.5432340Z   File "C:\hostedtoolcache\windows\Python\3.12.10\x64\Lib\encodings\cp1252.py", line 23, in decode
test (windows-latest, 3.12)	Run regression tests including historical migration	2026-09-26T13:14:50.5433237Z     return codecs.charmap_decode(input,self.errors,decoding_table)[0]
test (windows-latest, 3.12)	Run regression tests including historical migration	2026-09-26T13:14:50.5433837Z            ^^^^^^^^^^^^^^^^^^^^^^^^^^^^^^^^^^^^^^^^^^^^^^^^^^^^^^^
test (windows-latest, 3.12)	Run regression tests including historical migration	2026-09-26T13:14:50.5434621Z UnicodeDecodeError: 'charmap' codec can't decode byte 0x8d in position 56: character maps to <undefined>
test (windows-latest, 3.12)	Run regression tests including historical migration	2026-09-26T13:14:50.5435266Z 
test (windows-latest, 3.12)	Run regression tests including historical migration	2026-09-26T13:14:50.5435578Z 
test (windows-latest, 3.12)	Run regression tests including historical migration	2026-09-26T13:14:50.5435753Z ======================================================================
test (windows-latest, 3.12)	Run regression tests including historical migration	2026-09-26T13:14:50.5437127Z FAIL: test_abrupt_exit_preserves_complete_record_at_each_write_boundary (test_workbench.WorkbenchTests.test_abrupt_exit_preserves_complete_record_at_each_write_boundary) (phase='before-meta')
test (windows-latest, 3.12)	Run regression tests including historical migration	2026-09-26T13:14:50.5438531Z ----------------------------------------------------------------------
test (windows-latest, 3.12)	Run regression tests including historical migration	2026-09-26T13:14:50.5439053Z Traceback (most recent call last):
test (windows-latest, 3.12)	Run regression tests including historical migration	2026-09-26T13:14:50.5440434Z   File "D:\a\story-skill\story-skill\tests\test_workbench.py", line 718, in test_abrupt_exit_preserves_complete_record_at_each_write_boundary
test (windows-latest, 3.12)	Run regression tests including historical migration	2026-09-26T13:14:50.5441509Z     self._crash_save({**source, 'text': text}, phase)
test (windows-latest, 3.12)	Run regression tests including historical migration	2026-09-26T13:14:50.5442249Z   File "D:\a\story-skill\story-skill\tests\test_workbench.py", line 709, in _crash_save
test (windows-latest, 3.12)	Run regression tests including historical migration	2026-09-26T13:14:50.5443005Z     self.assertEqual(result.returncode, 73, result.stderr)
test (windows-latest, 3.12)	Run regression tests including historical migration	2026-09-26T13:14:50.5443605Z AssertionError: 1 != 73 : Traceback (most recent call last):
test (windows-latest, 3.12)	Run regression tests including historical migration	2026-09-26T13:14:50.5444164Z   File "<string>", line 22, in <module>
test (windows-latest, 3.12)	Run regression tests including historical migration	2026-09-26T13:14:50.5444883Z   File "C:\hostedtoolcache\windows\Python\3.12.10\x64\Lib\pathlib.py", line 1028, in read_text
test (windows-latest, 3.12)	Run regression tests including historical migration	2026-09-26T13:14:50.5445585Z     return f.read()
test (windows-latest, 3.12)	Run regression tests including historical migration	2026-09-26T13:14:50.5445853Z            ^^^^^^^^
test (windows-latest, 3.12)	Run regression tests including historical migration	2026-09-26T13:14:50.5446472Z   File "C:\hostedtoolcache\windows\Python\3.12.10\x64\Lib\encodings\cp1252.py", line 23, in decode
test (windows-latest, 3.12)	Run regression tests including historical migration	2026-09-26T13:14:50.5447355Z     return codecs.charmap_decode(input,self.errors,decoding_table)[0]
test (windows-latest, 3.12)	Run regression tests including historical migration	2026-09-26T13:14:50.5447958Z            ^^^^^^^^^^^^^^^^^^^^^^^^^^^^^^^^^^^^^^^^^^^^^^^^^^^^^^^
test (windows-latest, 3.12)	Run regression tests including historical migration	2026-09-26T13:14:50.5448729Z UnicodeDecodeError: 'charmap' codec can't decode byte 0x8d in position 56: character maps to <undefined>
test (windows-latest, 3.12)	Run regression tests including historical migration	2026-09-26T13:14:50.5449394Z 
test (windows-latest, 3.12)	Run regression tests including historical migration	2026-09-26T13:14:50.5449436Z 
test (windows-latest, 3.12)	Run regression tests including historical migration	2026-09-26T13:14:50.5449590Z ======================================================================
test (windows-latest, 3.12)	Run regression tests including historical migration	2026-09-26T13:14:50.5450929Z FAIL: test_abrupt_exit_preserves_complete_record_at_each_write_boundary (test_workbench.WorkbenchTests.test_abrupt_exit_preserves_complete_record_at_each_write_boundary) (phase='after-meta')
test (windows-latest, 3.12)	Run regression tests including historical migration	2026-09-26T13:14:50.5452363Z ----------------------------------------------------------------------
test (windows-latest, 3.12)	Run regression tests including historical migration	2026-09-26T13:14:50.5452872Z Traceback (most recent call last):
test (windows-latest, 3.12)	Run regression tests including historical migration	2026-09-26T13:14:50.5453884Z   File "D:\a\story-skill\story-skill\tests\test_workbench.py", line 718, in test_abrupt_exit_preserves_complete_record_at_each_write_boundary
test (windows-latest, 3.12)	Run regression tests including historical migration	2026-09-26T13:14:50.5455165Z     self._crash_save({**source, 'text': text}, phase)
test (windows-latest, 3.12)	Run regression tests including historical migration	2026-09-26T13:14:50.5455890Z   File "D:\a\story-skill\story-skill\tests\test_workbench.py", line 709, in _crash_save
test (windows-latest, 3.12)	Run regression tests including historical migration	2026-09-26T13:14:50.5456649Z     self.assertEqual(result.returncode, 73, result.stderr)
test (windows-latest, 3.12)	Run regression tests including historical migration	2026-09-26T13:14:50.5457266Z AssertionError: 1 != 73 : Traceback (most recent call last):
test (windows-latest, 3.12)	Run regression tests including historical migration	2026-09-26T13:14:50.5457906Z   File "<string>", line 22, in <module>
test (windows-latest, 3.12)	Run regression tests including historical migration	2026-09-26T13:14:50.5458631Z   File "C:\hostedtoolcache\windows\Python\3.12.10\x64\Lib\pathlib.py", line 1028, in read_text
test (windows-latest, 3.12)	Run regression tests including historical migration	2026-09-26T13:14:50.5459330Z     return f.read()
test (windows-latest, 3.12)	Run regression tests including historical migration	2026-09-26T13:14:50.5459594Z            ^^^^^^^^
test (windows-latest, 3.12)	Run regression tests including historical migration	2026-09-26T13:14:50.5460489Z   File "C:\hostedtoolcache\windows\Python\3.12.10\x64\Lib\encodings\cp1252.py", line 23, in decode
test (windows-latest, 3.12)	Run regression tests including historical migration	2026-09-26T13:14:50.5461424Z     return codecs.charmap_decode(input,self.errors,decoding_table)[0]
test (windows-latest, 3.12)	Run regression tests including historical migration	2026-09-26T13:14:50.5462046Z            ^^^^^^^^^^^^^^^^^^^^^^^^^^^^^^^^^^^^^^^^^^^^^^^^^^^^^^^
test (windows-latest, 3.12)	Run regression tests including historical migration	2026-09-26T13:14:50.5462864Z UnicodeDecodeError: 'charmap' codec can't decode byte 0x8d in position 56: character maps to <undefined>
test (windows-latest, 3.12)	Run regression tests including historical migration	2026-09-26T13:14:50.5463499Z 
test (windows-latest, 3.12)	Run regression tests including historical migration	2026-09-26T13:14:50.5463506Z 
test (windows-latest, 3.12)	Run regression tests including historical migration	2026-09-26T13:14:50.5463659Z ======================================================================
test (windows-latest, 3.12)	Run regression tests including historical migration	2026-09-26T13:14:50.5465072Z FAIL: test_interrupted_recovery_keeps_old_backup_and_does_not_overwrite_external_edit (test_workbench.WorkbenchTests.test_interrupted_recovery_keeps_old_backup_and_does_not_overwrite_external_edit)
test (windows-latest, 3.12)	Run regression tests including historical migration	2026-09-26T13:14:50.5466799Z ----------------------------------------------------------------------
test (windows-latest, 3.12)	Run regression tests including historical migration	2026-09-26T13:14:50.5467332Z Traceback (most recent call last):
test (windows-latest, 3.12)	Run regression tests including historical migration	2026-09-26T13:14:50.5468468Z   File "D:\a\story-skill\story-skill\tests\test_workbench.py", line 744, in test_interrupted_recovery_keeps_old_backup_and_does_not_overwrite_external_edit
test (windows-latest, 3.12)	Run regression tests including historical migration	2026-09-26T13:14:50.5471271Z     self._crash_save({**payload, 'text': '中断前最新文字', 'recovery_sha256': first['recovery_sha256'], 'recovery_metadata_sha256': first['recovery_metadata_sha256']},
test (windows-latest, 3.12)	Run regression tests including historical migration	2026-09-26T13:14:50.5472634Z   File "D:\a\story-skill\story-skill\tests\test_workbench.py", line 709, in _crash_save
test (windows-latest, 3.12)	Run regression tests including historical migration	2026-09-26T13:14:50.5473403Z     self.assertEqual(result.returncode, 73, result.stderr)
test (windows-latest, 3.12)	Run regression tests including historical migration	2026-09-26T13:14:50.5474010Z AssertionError: 1 != 73 : Traceback (most recent call last):
test (windows-latest, 3.12)	Run regression tests including historical migration	2026-09-26T13:14:50.5474586Z   File "<string>", line 22, in <module>
test (windows-latest, 3.12)	Run regression tests including historical migration	2026-09-26T13:14:50.5475367Z   File "C:\hostedtoolcache\windows\Python\3.12.10\x64\Lib\pathlib.py", line 1028, in read_text
test (windows-latest, 3.12)	Run regression tests including historical migration	2026-09-26T13:14:50.5476077Z     return f.read()
test (windows-latest, 3.12)	Run regression tests including historical migration	2026-09-26T13:14:50.5476349Z            ^^^^^^^^
test (windows-latest, 3.12)	Run regression tests including historical migration	2026-09-26T13:14:50.5476971Z   File "C:\hostedtoolcache\windows\Python\3.12.10\x64\Lib\encodings\cp1252.py", line 23, in decode
test (windows-latest, 3.12)	Run regression tests including historical migration	2026-09-26T13:14:50.5477868Z     return codecs.charmap_decode(input,self.errors,decoding_table)[0]
test (windows-latest, 3.12)	Run regression tests including historical migration	2026-09-26T13:14:50.5478476Z            ^^^^^^^^^^^^^^^^^^^^^^^^^^^^^^^^^^^^^^^^^^^^^^^^^^^^^^^
test (windows-latest, 3.12)	Run regression tests including historical migration	2026-09-26T13:14:50.5479289Z UnicodeDecodeError: 'charmap' codec can't decode byte 0x8d in position 56: character maps to <undefined>
test (windows-latest, 3.12)	Run regression tests including historical migration	2026-09-26T13:14:50.5479965Z 
test (windows-latest, 3.12)	Run regression tests including historical migration	2026-09-26T13:14:50.5479972Z 
test (windows-latest, 3.12)	Run regression tests including historical migration	2026-09-26T13:14:50.5480126Z ======================================================================
test (windows-latest, 3.12)	Run regression tests including historical migration	2026-09-26T13:14:50.5481638Z FAIL: test_pending_record_corruption_and_second_writer_are_not_silent (test_workbench.WorkbenchTests.test_pending_record_corruption_and_second_writer_are_not_silent)
test (windows-latest, 3.12)	Run regression tests including historical migration	2026-09-26T13:14:50.5482911Z ----------------------------------------------------------------------
test (windows-latest, 3.12)	Run regression tests including historical migration	2026-09-26T13:14:50.5483431Z Traceback (most recent call last):
test (windows-latest, 3.12)	Run regression tests including historical migration	2026-09-26T13:14:50.5484424Z   File "D:\a\story-skill\story-skill\tests\test_workbench.py", line 763, in test_pending_record_corruption_and_second_writer_are_not_silent
test (windows-latest, 3.12)	Run regression tests including historical migration	2026-09-26T13:14:50.5485503Z     self._crash_save(payload, 'before-body', recovery=True)
test (windows-latest, 3.12)	Run regression tests including historical migration	2026-09-26T13:14:50.5486250Z   File "D:\a\story-skill\story-skill\tests\test_workbench.py", line 709, in _crash_save
test (windows-latest, 3.12)	Run regression tests including historical migration	2026-09-26T13:14:50.5486997Z     self.assertEqual(result.returncode, 73, result.stderr)
test (windows-latest, 3.12)	Run regression tests including historical migration	2026-09-26T13:14:50.5487826Z AssertionError: 1 != 73 : Traceback (most recent call last):
test (windows-latest, 3.12)	Run regression tests including historical migration	2026-09-26T13:14:50.5488371Z   File "<string>", line 22, in <module>
test (windows-latest, 3.12)	Run regression tests including historical migration	2026-09-26T13:14:50.5489073Z   File "C:\hostedtoolcache\windows\Python\3.12.10\x64\Lib\pathlib.py", line 1028, in read_text
test (windows-latest, 3.12)	Run regression tests including historical migration	2026-09-26T13:14:50.5489786Z     return f.read()
test (windows-latest, 3.12)	Run regression tests including historical migration	2026-09-26T13:14:50.5490062Z            ^^^^^^^^
test (windows-latest, 3.12)	Run regression tests including historical migration	2026-09-26T13:14:50.5490656Z   File "C:\hostedtoolcache\windows\Python\3.12.10\x64\Lib\encodings\cp1252.py", line 23, in decode
test (windows-latest, 3.12)	Run regression tests including historical migration	2026-09-26T13:14:50.5491556Z     return codecs.charmap_decode(input,self.errors,decoding_table)[0]
test (windows-latest, 3.12)	Run regression tests including historical migration	2026-09-26T13:14:50.5492173Z            ^^^^^^^^^^^^^^^^^^^^^^^^^^^^^^^^^^^^^^^^^^^^^^^^^^^^^^^
test (windows-latest, 3.12)	Run regression tests including historical migration	2026-09-26T13:14:50.5492984Z UnicodeDecodeError: 'charmap' codec can't decode byte 0x8d in position 56: character maps to <undefined>
test (windows-latest, 3.12)	Run regression tests including historical migration	2026-09-26T13:14:50.5493639Z 
test (windows-latest, 3.12)	Run regression tests including historical migration	2026-09-26T13:14:50.5493645Z 
test (windows-latest, 3.12)	Run regression tests including historical migration	2026-09-26T13:14:50.5493803Z ======================================================================
test (windows-latest, 3.12)	Run regression tests including historical migration	2026-09-26T13:14:50.5494824Z FAIL: test_equal_draft_is_not_claimed_as_adopted (test_workbench_flow.WorkbenchFlowTests.test_equal_draft_is_not_claimed_as_adopted)
test (windows-latest, 3.12)	Run regression tests including historical migration	2026-09-26T13:14:50.5495870Z ----------------------------------------------------------------------
test (windows-latest, 3.12)	Run regression tests including historical migration	2026-09-26T13:14:50.5496384Z Traceback (most recent call last):
test (windows-latest, 3.12)	Run regression tests including historical migration	2026-09-26T13:14:50.5497248Z   File "D:\a\story-skill\story-skill\tests\test_workbench_flow.py", line 57, in test_equal_draft_is_not_claimed_as_adopted
test (windows-latest, 3.12)	Run regression tests including historical migration	2026-09-26T13:14:50.5498327Z     self.assertIn('逐字一致', d['status'])
test (windows-latest, 3.12)	Run regression tests including historical migration	2026-09-26T13:14:50.5499350Z AssertionError: '逐字一致' not found in '未登记版本关系；按文件名建议与此章对照'
test (windows-latest, 3.12)	Run regression tests including historical migration	2026-09-26T13:14:50.5499730Z 
test (windows-latest, 3.12)	Run regression tests including historical migration	2026-09-26T13:14:50.5499937Z ----------------------------------------------------------------------
test (windows-latest, 3.12)	Run regression tests including historical migration	2026-09-26T13:14:50.5500685Z Ran 794 tests in 313.316s
test (windows-latest, 3.12)	Run regression tests including historical migration	2026-09-26T13:14:50.5500926Z 
test (windows-latest, 3.12)	Run regression tests including historical migration	2026-09-26T13:14:50.5501056Z FAILED (failures=6, skipped=15)
test (windows-latest, 3.12)	Run regression tests including historical migration	2026-09-26T13:14:54.0650300Z ##[error]Process completed with exit code 1.
test (windows-latest, 3.10)	Run regression tests including historical migration	﻿2026-09-26T13:09:30.0597058Z ##[group]Run python -u -B -X utf8 -m unittest discover -s tests -v
test (windows-latest, 3.10)	Run regression tests including historical migration	2026-09-26T13:09:30.0597774Z ^[[36;1mpython -u -B -X utf8 -m unittest discover -s tests -v^[[0m
test (windows-latest, 3.10)	Run regression tests including historical migration	2026-09-26T13:09:30.1134845Z shell: C:\Program Files\PowerShell\7\pwsh.EXE -command ". '{0}'"
test (windows-latest, 3.10)	Run regression tests including historical migration	2026-09-26T13:09:30.1135274Z env:
test (windows-latest, 3.10)	Run regression tests including historical migration	2026-09-26T13:09:30.1135568Z   pythonLocation: C:\hostedtoolcache\windows\Python\3.10.11\x64
test (windows-latest, 3.10)	Run regression tests including historical migration	2026-09-26T13:09:30.1136072Z   PKG_CONFIG_PATH: C:\hostedtoolcache\windows\Python\3.10.11\x64/lib/pkgconfig
test (windows-latest, 3.10)	Run regression tests including historical migration	2026-09-26T13:09:30.1136546Z   Python_ROOT_DIR: C:\hostedtoolcache\windows\Python\3.10.11\x64
test (windows-latest, 3.10)	Run regression tests including historical migration	2026-09-26T13:09:30.1136939Z   Python2_ROOT_DIR: C:\hostedtoolcache\windows\Python\3.10.11\x64
test (windows-latest, 3.10)	Run regression tests including historical migration	2026-09-26T13:09:30.1137324Z   Python3_ROOT_DIR: C:\hostedtoolcache\windows\Python\3.10.11\x64
test (windows-latest, 3.10)	Run regression tests including historical migration	2026-09-26T13:09:30.1137640Z ##[endgroup]
test (windows-latest, 3.10)	Run regression tests including historical migration	2026-09-26T13:09:35.0152956Z test_backfilled_chapter_remains_editable_through_reviewed_history (test_adopt_backfill.AdoptBackfillTests) ... ok
test (windows-latest, 3.10)	Run regression tests including historical migration	2026-09-26T13:09:35.8983242Z test_cli_backfill_after_continuation_preserves_state_and_completes_assembly (test_adopt_backfill.AdoptBackfillTests) ... ok
test (windows-latest, 3.10)	Run regression tests including historical migration	2026-09-26T13:09:36.1612633Z test_database_failure_rolls_back_backfill_before_any_publication (test_adopt_backfill.AdoptBackfillTests) ... ok
test (windows-latest, 3.10)	Run regression tests including historical migration	2026-09-26T13:09:36.4059988Z test_existing_external_export_change_is_preserved_on_retry (test_adopt_backfill.AdoptBackfillTests) ... ok
test (windows-latest, 3.10)	Run regression tests including historical migration	2026-09-26T13:09:36.8800985Z test_export_failure_is_durable_and_recovers_after_reopening (test_adopt_backfill.AdoptBackfillTests) ... ok
test (windows-latest, 3.10)	Run regression tests including historical migration	2026-09-26T13:09:37.0608914Z test_fresh_and_native_books_cannot_backfill (test_adopt_backfill.AdoptBackfillTests) ... ok
test (windows-latest, 3.10)	Run regression tests including historical migration	2026-09-26T13:09:37.5648214Z test_history_state_replays_multiple_backfills_and_later_continuation (test_adopt_backfill.AdoptBackfillTests) ... ok
test (windows-latest, 3.10)	Run regression tests including historical migration	2026-09-26T13:09:37.7561658Z test_long_adopted_book_cannot_backfill (test_adopt_backfill.AdoptBackfillTests) ... ok
test (windows-latest, 3.10)	Run regression tests including historical migration	2026-09-26T13:09:38.1188859Z test_only_missing_chapters_before_imported_boundary_are_accepted (test_adopt_backfill.AdoptBackfillTests) ... ok
test (windows-latest, 3.10)	Run regression tests including historical migration	2026-09-26T13:09:38.3870602Z test_retry_rejects_changed_input_without_overwriting_registered_chapter (test_adopt_backfill.AdoptBackfillTests) ... ok
test (windows-latest, 3.10)	Run regression tests including historical migration	2026-09-26T13:09:38.7193941Z test_same_input_retry_after_another_revision_restores_export_once (test_adopt_backfill.AdoptBackfillTests) ... ok
test (windows-latest, 3.10)	Run regression tests including historical migration	2026-09-26T13:09:38.9332022Z test_stale_revision_cannot_add_a_chapter (test_adopt_backfill.AdoptBackfillTests) ... ok
test (windows-latest, 3.10)	Run regression tests including historical migration	2026-09-26T13:09:39.1139374Z test_unresolved_baseline_export_blocks_new_backfill_without_data_loss (test_adopt_backfill.AdoptBackfillTests) ... ok
test (windows-latest, 3.10)	Run regression tests including historical migration	2026-09-26T13:09:39.8749810Z test_cli_report_uses_captured_fingerprint_and_rejects_stale_input (test_analysis_baselines.AnalysisBaselineTests) ... ok
test (windows-latest, 3.10)	Run regression tests including historical migration	2026-09-26T13:09:40.1214158Z test_failed_export_resumes_without_regenerating_or_refinalizing_report (test_analysis_baselines.AnalysisBaselineTests) ... ok
test (windows-latest, 3.10)	Run regression tests including historical migration	2026-09-26T13:09:40.2989761Z test_findings_keeps_page_and_fingerprint_in_one_concurrent_read_snapshot (test_analysis_baselines.AnalysisBaselineTests) ... ok
test (windows-latest, 3.10)	Run regression tests including historical migration	2026-09-26T13:09:40.4277291Z test_findings_preserves_the_callers_transaction_and_rollback (test_analysis_baselines.AnalysisBaselineTests) ... ok
test (windows-latest, 3.10)	Run regression tests including historical migration	2026-09-26T13:09:40.5919400Z test_missing_record_baseline_is_rejected_but_exact_retry_keeps_working (test_analysis_baselines.AnalysisBaselineTests) ... ok
test (windows-latest, 3.10)	Run regression tests including historical migration	2026-09-26T13:09:40.7300281Z test_new_report_requires_the_baseline_used_for_aggregation (test_analysis_baselines.AnalysisBaselineTests) ... ok
test (windows-latest, 3.10)	Run regression tests including historical migration	2026-09-26T13:09:40.8573285Z test_pending_snapshot_cannot_finalize_after_new_records_complete (test_analysis_baselines.AnalysisBaselineTests) ... ok
test (windows-latest, 3.10)	Run regression tests including historical migration	2026-09-26T13:09:40.9831634Z test_record_fingerprint_cannot_be_borrowed_from_another_chunk (test_analysis_baselines.AnalysisBaselineTests) ... ok
test (windows-latest, 3.10)	Run regression tests including historical migration	2026-09-26T13:09:41.1597083Z test_retry_uses_old_baseline_only_while_same_content_is_still_current (test_analysis_baselines.AnalysisBaselineTests) ... ok
test (windows-latest, 3.10)	Run regression tests including historical migration	2026-09-26T13:09:41.3162239Z test_snapshot_covers_pending_completion_and_records_outside_requested_page (test_analysis_baselines.AnalysisBaselineTests) ... ok
test (windows-latest, 3.10)	Run regression tests including historical migration	2026-09-26T13:09:41.4756805Z test_stale_record_cannot_overwrite_another_connections_correction (test_analysis_baselines.AnalysisBaselineTests) ... ok
test (windows-latest, 3.10)	Run regression tests including historical migration	2026-09-26T13:09:41.7628612Z test_stale_report_is_not_finalized_and_records_remain_editable (test_analysis_baselines.AnalysisBaselineTests) ... ok
test (windows-latest, 3.10)	Run regression tests including historical migration	2026-09-26T13:09:41.9332151Z test_unrelated_source_does_not_invalidate_the_analysis_snapshot (test_analysis_baselines.AnalysisBaselineTests) ... ok
test (windows-latest, 3.10)	Run regression tests including historical migration	2026-09-26T13:09:42.2576632Z test_cli_rebuild_of_acknowledged_report_still_reports_postpublication_failure (test_analysis_export_ack.AnalysisExportAcknowledgementTests) ... ok
test (windows-latest, 3.10)	Run regression tests including historical migration	2026-09-26T13:09:42.4752281Z test_failed_report_export_does_not_finalize_audit_after_publication_error (test_analysis_export_ack.AnalysisExportAcknowledgementTests) ... ok
test (windows-latest, 3.10)	Run regression tests including historical migration	2026-09-26T13:09:42.5809386Z test_existing_source_keeps_saved_chunk_identity_after_splitter_change (test_analysis_headings.AnalysisHeadingTests) ... ok
test (windows-latest, 3.10)	Run regression tests including historical migration	2026-09-26T13:09:42.5810600Z test_heading_indent_does_not_consume_leading_blank_lines (test_analysis_headings.AnalysisHeadingTests) ... ok
test (windows-latest, 3.10)	Run regression tests including historical migration	2026-09-26T13:09:42.5813310Z test_indented_chapter_titles_preserve_boundaries_and_source_bytes (test_analysis_headings.AnalysisHeadingTests) ... ok
test (windows-latest, 3.10)	Run regression tests including historical migration	2026-09-26T13:09:42.5814715Z test_mixed_volume_chapter_and_bonus_headings_keep_exact_ranges (test_analysis_headings.AnalysisHeadingTests) ... ok
test (windows-latest, 3.10)	Run regression tests including historical migration	2026-09-26T13:09:42.5815918Z test_prose_mentions_do_not_create_heading_boundaries (test_analysis_headings.AnalysisHeadingTests) ... ok
test (windows-latest, 3.10)	Run regression tests including historical migration	2026-09-26T13:09:43.4176088Z test_cli_record_uses_actual_chunk_number_across_finding_pages (test_analysis_identity.AnalysisIdentityTests) ... ok
test (windows-latest, 3.10)	Run regression tests including historical migration	2026-09-26T13:09:43.6374199Z test_completed_source_resumes_with_paginated_unicode_ranges_without_original_file (test_analysis_identity.AnalysisIdentityTests) ... ok
test (windows-latest, 3.10)	Run regression tests including historical migration	2026-09-26T13:09:43.7446470Z test_conflicting_chunk_rejects_both_new_records_and_replacements_without_changes (test_analysis_identity.AnalysisIdentityTests) ... ok
test (windows-latest, 3.10)	Run regression tests including historical migration	2026-09-26T13:09:43.8803157Z test_copied_findings_can_be_revised_and_retried_idempotently (test_analysis_identity.AnalysisIdentityTests) ... ok
test (windows-latest, 3.10)	Run regression tests including historical migration	2026-09-26T13:09:43.9723539Z test_correctly_read_legacy_record_can_be_retried_without_a_new_revision (test_analysis_identity.AnalysisIdentityTests) ... ok
test (windows-latest, 3.10)	Run regression tests including historical migration	2026-09-26T13:09:44.0587950Z test_embedded_chunk_requires_a_positive_integer_without_mutating_state (test_analysis_identity.AnalysisIdentityTests) ... ok
test (windows-latest, 3.10)	Run regression tests including historical migration	2026-09-26T13:09:44.2172986Z test_findings_ranges_respect_byte_budget_and_resume_without_skipping (test_analysis_identity.AnalysisIdentityTests) ... ok
test (windows-latest, 3.10)	Run regression tests including historical migration	2026-09-26T13:09:44.3306386Z test_legacy_ranges_cannot_override_saved_source_or_create_a_new_revision (test_analysis_identity.AnalysisIdentityTests) ... ok
test (windows-latest, 3.10)	Run regression tests including historical migration	2026-09-26T13:09:44.4325680Z test_legacy_wrong_chunk_is_displayed_with_database_identity_without_rewriting (test_analysis_identity.AnalysisIdentityTests) ... ok
test (windows-latest, 3.10)	Run regression tests including historical migration	2026-09-26T13:09:44.5353305Z test_readonly_ranges_are_not_saved_as_analysis_content (test_analysis_identity.AnalysisIdentityTests) ... ok
test (windows-latest, 3.10)	Run regression tests including historical migration	2026-09-26T13:09:44.6845306Z test_record_receipt_reports_its_committed_snapshot_when_another_writer_follows (test_analysis_identity.AnalysisIdentityTests) ... ok
test (windows-latest, 3.10)	Run regression tests including historical migration	2026-09-26T13:09:44.6868183Z test_all_line_ending_combinations_keep_indented_chapter_boundaries (test_analysis_line_endings.AnalysisLineEndingTests) ... ok
test (windows-latest, 3.10)	Run regression tests including historical migration	2026-09-26T13:09:45.6866908Z test_ingest_and_source_read_preserve_original_unicode_ranges (test_analysis_line_endings.AnalysisLineEndingTests) ... ok
test (windows-latest, 3.10)	Run regression tests including historical migration	2026-09-26T13:09:45.6868108Z test_mixed_lines_preserve_blank_prefix_and_heading_types (test_analysis_line_endings.AnalysisLineEndingTests) ... ok
test (windows-latest, 3.10)	Run regression tests including historical migration	2026-09-26T13:09:45.8031444Z test_reingest_keeps_old_ranges_saved_analysis_and_pending_position (test_analysis_line_endings.AnalysisLineEndingTests) ... ok
test (windows-latest, 3.10)	Run regression tests including historical migration	2026-09-26T13:09:45.9045729Z test_composite_reads_preserve_the_callers_transaction_and_rollback (test_analysis_read_snapshots.AnalysisReadSnapshotTests) ... ok
test (windows-latest, 3.10)	Run regression tests including historical migration	2026-09-26T13:09:46.0585187Z test_coverage_does_not_mix_pending_chunks_with_a_later_final_report (test_analysis_read_snapshots.AnalysisReadSnapshotTests) ... ok
test (windows-latest, 3.10)	Run regression tests including historical migration	2026-09-26T13:09:46.2100759Z test_failed_reads_release_their_own_snapshot (test_analysis_read_snapshots.AnalysisReadSnapshotTests) ... ok
test (windows-latest, 3.10)	Run regression tests including historical migration	2026-09-26T13:09:46.3144652Z test_source_list_count_and_rows_use_the_same_snapshot (test_analysis_read_snapshots.AnalysisReadSnapshotTests) ... ok
test (windows-latest, 3.10)	Run regression tests including historical migration	2026-09-26T13:09:46.6418740Z test_leading_blank_lines_complete_without_losing_source (test_analysis_recovery.AnalysisRecoveryTests) ... ok
test (windows-latest, 3.10)	Run regression tests including historical migration	2026-09-26T13:09:47.2550625Z test_legacy_pending_blanks_resume_without_rebuilding_or_losing_analysis (test_analysis_recovery.AnalysisRecoveryTests) ... ok
test (windows-latest, 3.10)	Run regression tests including historical migration	2026-09-26T13:09:47.8567473Z test_middle_whitespace_chunks_preserve_later_chapter (test_analysis_recovery.AnalysisRecoveryTests) ... ok
test (windows-latest, 3.10)	Run regression tests including historical migration	2026-09-26T13:09:48.0077867Z test_nonempty_text_is_not_automatically_completed (test_analysis_recovery.AnalysisRecoveryTests) ... ok
test (windows-latest, 3.10)	Run regression tests including historical migration	2026-09-26T13:09:48.2697752Z test_repeated_ingest_and_next_leave_noncontent_evidence_unchanged (test_analysis_recovery.AnalysisRecoveryTests) ... ok
test (windows-latest, 3.10)	Run regression tests including historical migration	2026-09-26T13:09:48.5223782Z test_trailing_whitespace_chunks_complete_without_losing_source (test_analysis_recovery.AnalysisRecoveryTests) ... ok
test (windows-latest, 3.10)	Run regression tests including historical migration	2026-09-26T13:09:48.7506366Z test_unheaded_source_with_blank_chunks_completes (test_analysis_recovery.AnalysisRecoveryTests) ... ok
test (windows-latest, 3.10)	Run regression tests including historical migration	2026-09-26T13:09:49.0234620Z test_whitespace_longer_than_maximum_chunk_size_completes (test_analysis_recovery.AnalysisRecoveryTests) ... ok
test (windows-latest, 3.10)	Run regression tests including historical migration	2026-09-26T13:09:49.0607617Z test_whitespace_only_source_still_rejects_empty_input (test_analysis_recovery.AnalysisRecoveryTests) ... ok
test (windows-latest, 3.10)	Run regression tests including historical migration	2026-09-26T13:09:49.0686854Z test_initial_metadata_failure_rolls_back_schema_and_partial_identity (test_book_initialization.BookInitializationTests) ... ok
test (windows-latest, 3.10)	Run regression tests including historical migration	2026-09-26T13:09:49.0758448Z test_late_schema_failure_rolls_back_preceding_tables_and_views (test_book_initialization.BookInitializationTests) ... ok
test (windows-latest, 3.10)	Run regression tests including historical migration	2026-09-26T13:09:49.1200462Z test_new_schema_is_invisible_until_complete_identity_is_committed (test_book_initialization.BookInitializationTests) ... ok
test (windows-latest, 3.10)	Run regression tests including historical migration	2026-09-26T13:09:49.1592458Z test_bare_volume_number_title_and_identifier_are_rejected (test_chapter_layout.ChapterLayoutTests) ... ok
test (windows-latest, 3.10)	Run regression tests including historical migration	2026-09-26T13:09:49.3531926Z test_case_insensitive_title_alias_is_rejected_before_chapter_commit (test_chapter_layout.ChapterLayoutTests) ... ok
test (windows-latest, 3.10)	Run regression tests including historical migration	2026-09-26T13:09:49.9173854Z test_chapters_use_volume_directories_and_exact_number_title_names (test_chapter_layout.ChapterLayoutTests) ... ok
test (windows-latest, 3.10)	Run regression tests including historical migration	2026-09-26T13:09:50.3352141Z test_chinese_heading_prefix_is_removed_and_path_survives_retry_and_reopen (test_chapter_layout.ChapterLayoutTests) ... ok
test (windows-latest, 3.10)	Run regression tests including historical migration	2026-09-26T13:09:51.5722739Z test_failed_move_keeps_old_export_until_new_export_succeeds (test_chapter_layout.ChapterLayoutTests) ... ok
test (windows-latest, 3.10)	Run regression tests including historical migration	2026-09-26T13:09:52.3732575Z test_historical_revision_recovers_edited_retired_path_of_older_chapter (test_chapter_layout.ChapterLayoutTests) ... ok
test (windows-latest, 3.10)	Run regression tests including historical migration	2026-09-26T13:09:52.8343426Z test_legacy_flat_export_path_remains_resolvable_after_reopen (test_chapter_layout.ChapterLayoutTests) ... ok
test (windows-latest, 3.10)	Run regression tests including historical migration	2026-09-26T13:09:53.0178420Z test_missing_nested_export_is_recovered_at_persisted_path (test_chapter_layout.ChapterLayoutTests) ... ok
test (windows-latest, 3.10)	Run regression tests including historical migration	2026-09-26T13:09:53.2153615Z test_native_title_is_required_but_explicit_plan_title_allows_plain_body (test_chapter_layout.ChapterLayoutTests) ... ok
test (windows-latest, 3.10)	Run regression tests including historical migration	2026-09-26T13:09:53.2997550Z test_new_commit_and_adopt_require_named_volume_without_changing_state (test_chapter_layout.ChapterLayoutTests) ... ok
test (windows-latest, 3.10)	Run regression tests including historical migration	2026-09-26T13:09:53.4905214Z test_new_title_collision_preserves_both_files_and_original_chapter_state (test_chapter_layout.ChapterLayoutTests) ... ok
test (windows-latest, 3.10)	Run regression tests including historical migration	2026-09-26T13:09:53.6536572Z test_plain_chapter_heading_exports_as_plain_text_and_is_excluded_from_body_count (test_chapter_layout.ChapterLayoutTests) ... ok
test (windows-latest, 3.10)	Run regression tests including historical migration	2026-09-26T13:09:54.1305694Z test_reconcile_recovers_edited_retired_path_and_retargets_further_rename (test_chapter_layout.ChapterLayoutTests) ... ok
test (windows-latest, 3.10)	Run regression tests including historical migration	2026-09-26T13:09:54.5058691Z test_reconcile_uses_current_nested_path_and_can_publish_new_title (test_chapter_layout.ChapterLayoutTests) ... ok
test (windows-latest, 3.10)	Run regression tests including historical migration	2026-09-26T13:09:54.8709037Z test_replacing_title_and_volume_moves_export_and_preserves_backup (test_chapter_layout.ChapterLayoutTests) ... ok
test (windows-latest, 3.10)	Run regression tests including historical migration	2026-09-26T13:09:55.4188181Z test_titleless_import_keeps_body_filename_during_history_publication (test_chapter_layout.ChapterLayoutTests) ... ok
test (windows-latest, 3.10)	Run regression tests including historical migration	2026-09-26T13:09:55.5303591Z test_unregistered_volume_identifier_cannot_supply_a_directory_name (test_chapter_layout.ChapterLayoutTests) ... ok
test (windows-latest, 3.10)	Run regression tests including historical migration	2026-09-26T13:09:55.8080381Z test_unreviewed_edit_to_retired_path_is_preserved_during_recovery (test_chapter_layout.ChapterLayoutTests) ... ok
test (windows-latest, 3.10)	Run regression tests including historical migration	2026-09-26T13:09:55.8498716Z test_unsafe_volume_and_title_components_are_rejected_without_state_changes (test_chapter_layout.ChapterLayoutTests) ... ok
test (windows-latest, 3.10)	Run regression tests including historical migration	2026-09-26T13:09:55.9986289Z test_untitled_import_uses_body_fallback_in_named_volume (test_chapter_layout.ChapterLayoutTests) ... ok
test (windows-latest, 3.10)	Run regression tests including historical migration	2026-09-26T13:09:56.6723319Z test_volume_without_directory_uses_named_world_title_and_persisted_mapping (test_chapter_layout.ChapterLayoutTests) ... ok
test (windows-latest, 3.10)	Run regression tests including historical migration	2026-09-26T13:09:56.8283636Z test_world_volume_requires_both_number_and_name_for_directory_fallback (test_chapter_layout.ChapterLayoutTests) ... ok
test (windows-latest, 3.10)	Run regression tests including historical migration	2026-09-26T13:09:56.8285581Z test_ambiguous_or_invalid_count_configuration_is_rejected (test_chinese_workflow.ChineseCountTests) ... ok
test (windows-latest, 3.10)	Run regression tests including historical migration	2026-09-26T13:09:56.8354530Z test_counts_are_characters_with_explicit_scope (test_chinese_workflow.ChineseCountTests) ... ok
test (windows-latest, 3.10)	Run regression tests including historical migration	2026-09-26T13:09:56.8356637Z test_selected_count_controls_gate_and_legacy_plan_is_compatible (test_chinese_workflow.ChineseCountTests) ... ok
test (windows-latest, 3.10)	Run regression tests including historical migration	2026-09-26T13:09:57.0786679Z test_maximum_valid_quote_commits_without_late_source_limit_failure (test_chinese_workflow.ChineseWorkflowTests) ... ok
test (windows-latest, 3.10)	Run regression tests including historical migration	2026-09-26T13:09:57.2637726Z test_prepare_applies_budget_to_its_own_returned_packet (test_chinese_workflow.ChineseWorkflowTests) ... ok
test (windows-latest, 3.10)	Run regression tests including historical migration	2026-09-26T13:09:57.5400167Z test_prepare_cli_and_stale_draft_review (test_chinese_workflow.ChineseWorkflowTests) ... ok
test (windows-latest, 3.10)	Run regression tests including historical migration	2026-09-26T13:09:57.6380757Z test_prepare_is_read_only_and_cannot_be_mistaken_for_completed_review (test_chinese_workflow.ChineseWorkflowTests) ... ok
test (windows-latest, 3.10)	Run regression tests including historical migration	2026-09-26T13:09:57.9011091Z test_prepare_reconciliation_binds_external_bytes (test_chinese_workflow.ChineseWorkflowTests) ... ok
test (windows-latest, 3.10)	Run regression tests including historical migration	2026-09-26T13:09:58.2036091Z test_selected_record_hashes_can_be_saved_without_resolving_the_ambiguity (test_context_dependencies.ContextDependencyTests) ... ok
test (windows-latest, 3.10)	Run regression tests including historical migration	2026-09-26T13:09:58.4063647Z test_tied_line_candidates_and_selected_structures_are_available_for_review (test_context_dependencies.ContextDependencyTests) ... ok
test (windows-latest, 3.10)	Run regression tests including historical migration	2026-09-26T13:09:58.6176455Z test_undated_line_candidates_are_available_without_claiming_current_scene (test_context_dependencies.ContextDependencyTests) ... ok
test (windows-latest, 3.10)	Run regression tests including historical migration	2026-09-26T13:09:58.8258653Z test_unknown_time_warning_is_not_lost_from_dependency_candidates (test_context_dependencies.ContextDependencyTests) ... ok
test (windows-latest, 3.10)	Run regression tests including historical migration	2026-09-26T13:09:58.9078378Z test_composite_readers_preserve_the_callers_transaction (test_core_audit_regressions.CoreAuditRegressions) ... ok
test (windows-latest, 3.10)	Run regression tests including historical migration	2026-09-26T13:09:58.9444916Z test_nul_adoption_is_rejected_before_exporting_a_broken_baseline (test_core_audit_regressions.CoreAuditRegressions) ... ok
test (windows-latest, 3.10)	Run regression tests including historical migration	2026-09-26T13:09:58.9806709Z test_nul_source_is_rejected_before_creating_truncated_chunks (test_core_audit_regressions.CoreAuditRegressions) ... ok
test (windows-latest, 3.10)	Run regression tests including historical migration	2026-09-26T13:09:59.0698197Z test_recall_byte_omissions_are_incomplete_even_when_search_finished (test_core_audit_regressions.CoreAuditRegressions) ... ok
test (windows-latest, 3.10)	Run regression tests including historical migration	2026-09-26T13:09:59.1709307Z test_recall_card_and_match_share_a_snapshot_during_concurrent_update (test_core_audit_regressions.CoreAuditRegressions) ... ok
test (windows-latest, 3.10)	Run regression tests including historical migration	2026-09-26T13:09:59.3691356Z test_sqlite_integer_overflow_is_a_structured_cli_error (test_core_audit_regressions.CoreAuditRegressions) ... ok
test (windows-latest, 3.10)	Run regression tests including historical migration	2026-09-26T13:09:59.4694954Z test_world_read_payload_and_digest_share_a_snapshot_during_update (test_core_audit_regressions.CoreAuditRegressions) ... ok
test (windows-latest, 3.10)	Run regression tests including historical migration	2026-09-26T13:09:59.6884878Z test_known_linked_export_is_pending_until_safely_detached (test_export_alias_recovery.ExportAliasRecoveryTests) ... ok
test (windows-latest, 3.10)	Run regression tests including historical migration	2026-09-26T13:09:59.9192384Z test_link_recreated_after_publication_is_reported_and_can_be_recovered (test_export_alias_recovery.ExportAliasRecoveryTests) ... ok
test (windows-latest, 3.10)	Run regression tests including historical migration	2026-09-26T13:10:00.2791013Z test_same_body_rename_detaches_hard_link_inserted_before_export (test_export_alias_recovery.ExportAliasRecoveryTests) ... ok
test (windows-latest, 3.10)	Run regression tests including historical migration	2026-09-26T13:10:00.8733634Z test_cli_safe_export_then_reconcile_resolves_missing_and_external_edit (test_export_recovery.ExportRecoveryTests) ... ok
test (windows-latest, 3.10)	Run regression tests including historical migration	2026-09-26T13:10:01.1949630Z test_file_recreated_during_safe_publication_is_not_overwritten (test_export_recovery.ExportRecoveryTests) ... ok
test (windows-latest, 3.10)	Run regression tests including historical migration	2026-09-26T13:10:01.5618613Z test_io_failure_preserves_partial_progress_and_reports_remaining_pending (test_export_recovery.ExportRecoveryTests) ... ok
test (windows-latest, 3.10)	Run regression tests including historical migration	2026-09-26T13:10:01.8768803Z test_linked_path_is_skipped_without_touching_its_external_target (test_export_recovery.ExportRecoveryTests) ... ok
test (windows-latest, 3.10)	Run regression tests including historical migration	2026-09-26T13:10:02.1996242Z test_path_conflict_does_not_block_an_independent_missing_export (test_export_recovery.ExportRecoveryTests) ... ok
test (windows-latest, 3.10)	Run regression tests including historical migration	2026-09-26T13:10:02.5667440Z test_publication_conflict_retains_backup_details_after_global_health_check (test_export_recovery.ExportRecoveryTests) ... ok
test (windows-latest, 3.10)	Run regression tests including historical migration	2026-09-26T13:10:02.9557416Z test_safe_export_recovers_known_pending_version_beside_outside_edit (test_export_recovery.ExportRecoveryTests) ... ok
test (windows-latest, 3.10)	Run regression tests including historical migration	2026-09-26T13:10:03.4767134Z test_cli_read_and_original_write_form_round_trip (test_history_dependency_read.HistoryDependencyReadTests) ... ok
test (windows-latest, 3.10)	Run regression tests including historical migration	2026-09-26T13:10:04.8898316Z test_cli_rejects_mixed_missing_or_invalid_mode_arguments (test_history_dependency_read.HistoryDependencyReadTests) ... ok
test (windows-latest, 3.10)	Run regression tests including historical migration	2026-09-26T13:10:05.4053410Z test_cli_stale_read_revision_cannot_overwrite_a_later_declaration (test_history_dependency_read.HistoryDependencyReadTests) ... ok
test (windows-latest, 3.10)	Run regression tests including historical migration	2026-09-26T13:10:05.7011164Z test_committed_declaration_is_returned_in_full_with_its_note (test_history_dependency_read.HistoryDependencyReadTests) ... ok
test (windows-latest, 3.10)	Run regression tests including historical migration	2026-09-26T13:10:05.8407687Z test_imported_baseline_reads_without_plan_or_branch (test_history_dependency_read.HistoryDependencyReadTests) ... ok
test (windows-latest, 3.10)	Run regression tests including historical migration	2026-09-26T13:10:06.0497079Z test_invalid_budget_and_chapter_are_rejected_without_changes (test_history_dependency_read.HistoryDependencyReadTests) ... ok
test (windows-latest, 3.10)	Run regression tests including historical migration	2026-09-26T13:10:06.2439119Z test_missing_chapter_or_history_does_not_create_state (test_history_dependency_read.HistoryDependencyReadTests) ... ok
test (windows-latest, 3.10)	Run regression tests including historical migration	2026-09-26T13:10:06.4529554Z test_read_is_one_snapshot_during_a_concurrent_declaration_update (test_history_dependency_read.HistoryDependencyReadTests) ... ok
test (windows-latest, 3.10)	Run regression tests including historical migration	2026-09-26T13:10:06.9003624Z test_read_keeps_recorded_hashes_when_current_records_and_candidates_differ (test_history_dependency_read.HistoryDependencyReadTests) ... ok
test (windows-latest, 3.10)	Run regression tests including historical migration	2026-09-26T13:10:07.0779094Z test_read_preserves_the_callers_transaction (test_history_dependency_read.HistoryDependencyReadTests) ... ok
test (windows-latest, 3.10)	Run regression tests including historical migration	2026-09-26T13:10:07.3197209Z test_replacement_note_is_read_from_the_matching_declaration_event (test_history_dependency_read.HistoryDependencyReadTests) ... ok
test (windows-latest, 3.10)	Run regression tests including historical migration	2026-09-26T13:10:07.5120420Z test_small_budget_rejects_the_whole_declaration_without_mutation (test_history_dependency_read.HistoryDependencyReadTests) ... ok
test (windows-latest, 3.10)	Run regression tests including historical migration	2026-09-26T13:10:07.8686331Z test_budget_failure_does_not_truncate_saved_decisions_or_change_state (test_history_saved_read.HistorySavedReadTests) ... ok
test (windows-latest, 3.10)	Run regression tests including historical migration	2026-09-26T13:10:08.7184598Z test_cli_reads_without_expect_or_input_and_rejects_mutation_flags (test_history_saved_read.HistorySavedReadTests) ... ok
test (windows-latest, 3.10)	Run regression tests including historical migration	2026-09-26T13:10:09.0101885Z test_empty_and_invalidated_reviews_are_distinct_from_saved_review_text (test_history_saved_read.HistorySavedReadTests) ... ok
test (windows-latest, 3.10)	Run regression tests including historical migration	2026-09-26T13:10:09.3631168Z test_explicit_deletion_survives_readback_as_null (test_history_saved_read.HistorySavedReadTests) ... ok
test (windows-latest, 3.10)	Run regression tests including historical migration	2026-09-26T13:10:09.6972844Z test_missing_branch_and_invalid_budget_never_create_or_modify_data (test_history_saved_read.HistorySavedReadTests) ... ok
test (windows-latest, 3.10)	Run regression tests including historical migration	2026-09-26T13:10:10.0668692Z test_partial_edit_retains_other_recovered_decisions_and_requires_new_review (test_history_saved_read.HistorySavedReadTests) ... ok
test (windows-latest, 3.10)	Run regression tests including historical migration	2026-09-26T13:10:10.5228653Z test_published_branch_remains_readable_after_later_canonical_changes (test_history_saved_read.HistorySavedReadTests) ... ok
test (windows-latest, 3.10)	Run regression tests including historical migration	2026-09-26T13:10:10.9454264Z test_read_is_one_snapshot_during_concurrent_candidate_update (test_history_saved_read.HistorySavedReadTests) ... ok
test (windows-latest, 3.10)	Run regression tests including historical migration	2026-09-26T13:10:11.2913358Z test_reopened_branch_recovers_exact_decisions_and_review_without_input_files (test_history_saved_read.HistorySavedReadTests) ... ok
test (windows-latest, 3.10)	Run regression tests including historical migration	2026-09-26T13:10:11.6870764Z test_stale_branch_still_returns_saved_values_without_refreshing_hashes (test_history_saved_read.HistorySavedReadTests) ... ok
test (windows-latest, 3.10)	Run regression tests including historical migration	2026-09-26T13:10:12.6260699Z test_changed_card_expands_transitive_scope_and_resets_all_reviews (test_history_state_scope.HistoryStateScopeTests) ... ok
test (windows-latest, 3.10)	Run regression tests including historical migration	2026-09-26T13:10:13.0623494Z test_deleting_a_card_also_requires_its_consumers (test_history_state_scope.HistoryStateScopeTests) ... ok
test (windows-latest, 3.10)	Run regression tests including historical migration	2026-09-26T13:10:13.4786193Z test_failed_expansion_budget_does_not_partially_change_the_branch (test_history_state_scope.HistoryStateScopeTests) ... ok
test (windows-latest, 3.10)	Run regression tests including historical migration	2026-09-26T13:10:13.9158836Z test_keep_decision_does_not_expand_unrelated_consumers (test_history_state_scope.HistoryStateScopeTests) ... ok
test (windows-latest, 3.10)	Run regression tests including historical migration	2026-09-26T13:10:14.3797321Z test_legacy_candidate_cannot_publish_without_expanding_its_saved_changes (test_history_state_scope.HistoryStateScopeTests) ... ok
test (windows-latest, 3.10)	Run regression tests including historical migration	2026-09-26T13:10:15.0957284Z test_legacy_expansion_missing_plan_can_refresh_then_resume (test_history_state_scope.HistoryStateScopeTests) ... ok
test (windows-latest, 3.10)	Run regression tests including historical migration	2026-09-26T13:10:15.7693753Z test_missing_plan_recovers_by_plan_refresh_and_resubmission (test_history_state_scope.HistoryStateScopeTests) ... ok
test (windows-latest, 3.10)	Run regression tests including historical migration	2026-09-26T13:10:16.4400969Z test_refresh_keeps_saved_extra_card_scope_and_publication_requires_new_reviews (test_history_state_scope.HistoryStateScopeTests) ... ok
test (windows-latest, 3.10)	Run regression tests including historical migration	2026-09-26T13:10:16.9159684Z test_restoring_a_candidate_card_keeps_its_already_expanded_scope (test_history_state_scope.HistoryStateScopeTests) ... ok
test (windows-latest, 3.10)	Run regression tests including historical migration	2026-09-26T13:10:17.2305818Z test_cache_read_has_one_snapshot_when_dependency_review_changes (test_history_world_audit.HistoryWorldAuditTests) ... ok
test (windows-latest, 3.10)	Run regression tests including historical migration	2026-09-26T13:10:17.5130980Z test_complete_history_candidate_cannot_omit_current_required_card (test_history_world_audit.HistoryWorldAuditTests) ... ok
test (windows-latest, 3.10)	Run regression tests including historical migration	2026-09-26T13:10:17.7464859Z test_complete_history_dependencies_cannot_omit_required_card (test_history_world_audit.HistoryWorldAuditTests) ... ok
test (windows-latest, 3.10)	Run regression tests including historical migration	2026-09-26T13:10:17.9923627Z test_explicit_action_time_checks_overdraft_without_plan_time (test_history_world_audit.HistoryWorldAuditTests) ... ok
test (windows-latest, 3.10)	Run regression tests including historical migration	2026-09-26T13:10:18.5377385Z test_hook_payoff_cannot_hide_a_stale_seed_after_body_replacement (test_history_world_audit.HistoryWorldAuditTests) ... ok
test (windows-latest, 3.10)	Run regression tests including historical migration	2026-09-26T13:10:18.8365699Z test_later_plan_start_cannot_lend_future_income_to_earlier_action (test_history_world_audit.HistoryWorldAuditTests) ... ok
test (windows-latest, 3.10)	Run regression tests including historical migration	2026-09-26T13:10:19.1078316Z test_observed_income_inside_scene_is_available_to_later_planned_action (test_history_world_audit.HistoryWorldAuditTests) ... ok
test (windows-latest, 3.10)	Run regression tests including historical migration	2026-09-26T13:10:19.3888257Z test_successive_actions_share_balance_and_cannot_reset_to_observed_baseline (test_history_world_audit.HistoryWorldAuditTests) ... ok
test (windows-latest, 3.10)	Run regression tests including historical migration	2026-09-26T13:10:20.5275495Z test_author_plan_rule_aliases_and_transitive_consumers_expand (test_history_world_scope.HistoryWorldScopeTests) ... ok
test (windows-latest, 3.10)	Run regression tests including historical migration	2026-09-26T13:10:20.9474037Z test_budget_failure_rolls_back_world_scope_and_saved_patch (test_history_world_scope.HistoryWorldScopeTests) ... ok
test (windows-latest, 3.10)	Run regression tests including historical migration	2026-09-26T13:10:21.5902072Z test_changed_indirect_plan_fence_blocks_refresh (test_history_world_scope.HistoryWorldScopeTests) ... ok
test (windows-latest, 3.10)	Run regression tests including historical migration	2026-09-26T13:10:22.3943100Z test_changed_planned_fact_reaches_observed_knowledge_and_its_consumer (test_history_world_scope.HistoryWorldScopeTests) ... ok
test (windows-latest, 3.10)	Run regression tests including historical migration	2026-09-26T13:10:23.2265692Z test_changed_planned_fact_reaches_observed_rule_and_its_consumer (test_history_world_scope.HistoryWorldScopeTests) ... ok
test (windows-latest, 3.10)	Run regression tests including historical migration	2026-09-26T13:10:24.0484923Z test_changed_planned_fact_reaches_planned_knowledge_consumer (test_history_world_scope.HistoryWorldScopeTests) ... ok
test (windows-latest, 3.10)	Run regression tests including historical migration	2026-09-26T13:10:24.8322144Z test_changed_planned_fact_reaches_planned_rule_consumer (test_history_world_scope.HistoryWorldScopeTests) ... ok
test (windows-latest, 3.10)	Run regression tests including historical migration	2026-09-26T13:10:25.9683522Z test_entity_aliases_and_transitive_consumers_expand (test_history_world_scope.HistoryWorldScopeTests) ... ok
test (windows-latest, 3.10)	Run regression tests including historical migration	2026-09-26T13:10:26.6534466Z test_legacy_world_patch_cannot_publish_without_expanding_consumers (test_history_world_scope.HistoryWorldScopeTests) ... ok
test (windows-latest, 3.10)	Run regression tests including historical migration	2026-09-26T13:10:27.4540307Z test_missing_plan_and_legacy_world_patch_recover_without_restarting (test_history_world_scope.HistoryWorldScopeTests) ... ok
test (windows-latest, 3.10)	Run regression tests including historical migration	2026-09-26T13:10:28.1401165Z test_normalized_unchanged_record_does_not_expand (test_history_world_scope.HistoryWorldScopeTests) ... ok
test (windows-latest, 3.10)	Run regression tests including historical migration	2026-09-26T13:10:28.8490950Z test_pending_chapter_evidence_and_same_batch_new_entity_remain_stageable (test_history_world_scope.HistoryWorldScopeTests) ... ok
test (windows-latest, 3.10)	Run regression tests including historical migration	2026-09-26T13:10:29.4806781Z test_refresh_preserves_world_scope_and_rejects_changed_record_fence (test_history_world_scope.HistoryWorldScopeTests) ... ok
test (windows-latest, 3.10)	Run regression tests including historical migration	2026-09-26T13:10:30.0411753Z test_restoring_world_record_does_not_shrink_expanded_scope (test_history_world_scope.HistoryWorldScopeTests) ... ok
test (windows-latest, 3.10)	Run regression tests including historical migration	2026-09-26T13:10:30.8579450Z test_retired_fact_consumer_does_not_expand_scope (test_history_world_scope.HistoryWorldScopeTests) ... ok
test (windows-latest, 3.10)	Run regression tests including historical migration	2026-09-26T13:10:31.4797115Z test_source_body_reaches_planned_knowledge_consumer (test_history_world_scope.HistoryWorldScopeTests) ... ok
test (windows-latest, 3.10)	Run regression tests including historical migration	2026-09-26T13:10:32.1045664Z test_source_body_reaches_planned_rule_consumer (test_history_world_scope.HistoryWorldScopeTests) ... ok
test (windows-latest, 3.10)	Run regression tests including historical migration	2026-09-26T13:10:32.8170386Z test_failed_swap_restores_previous_installation (test_install.InstallTests) ... ok
test (windows-latest, 3.10)	Run regression tests including historical migration	2026-09-26T13:10:33.3582681Z test_local_modifications_are_preserved (test_install.InstallTests) ... ok
test (windows-latest, 3.10)	Run regression tests including historical migration	2026-09-26T13:10:33.9192424Z test_malicious_manifest_path_is_rejected (test_install.InstallTests) ... ok
test (windows-latest, 3.10)	Run regression tests including historical migration	2026-09-26T13:10:34.5308487Z test_only_adds_suite_and_repeat_is_noop (test_install.InstallTests) ... ok
test (windows-latest, 3.10)	Run regression tests including historical migration	2026-09-26T13:10:34.5857324Z test_unmanaged_existing_skill_not_overwritten (test_install.InstallTests) ... ok
test (windows-latest, 3.10)	Run regression tests including historical migration	2026-09-26T13:10:35.3354212Z test_update_preserves_backup (test_install.InstallTests) ... ok
test (windows-latest, 3.10)	Run regression tests including historical migration	2026-09-26T13:10:36.0403465Z test_concurrent_installer_is_rejected_and_first_completes (test_install_races.InstallationRaceTests) ... ok
test (windows-latest, 3.10)	Run regression tests including historical migration	2026-09-26T13:10:36.6612465Z test_edit_to_moved_backup_is_verified_and_restored (test_install_races.InstallationRaceTests) ... ok
test (windows-latest, 3.10)	Run regression tests including historical migration	2026-09-26T13:10:37.3380109Z test_new_target_before_publication_is_preserved_with_old_backup (test_install_races.InstallationRaceTests) ... ok
test (windows-latest, 3.10)	Run regression tests including historical migration	2026-09-26T13:10:38.0784448Z test_process_exit_releases_lock_without_deleting_lock_file (test_install_races.InstallationRaceTests) ... ok
test (windows-latest, 3.10)	Run regression tests including historical migration	2026-09-26T13:10:38.6610298Z test_source_new_file_after_copy_is_detected_before_publication (test_install_races.InstallationRaceTests) ... ok
test (windows-latest, 3.10)	Run regression tests including historical migration	2026-09-26T13:10:39.3856943Z test_source_save_during_copy_is_rejected_without_bad_manifest (test_install_races.InstallationRaceTests) ... ok
test (windows-latest, 3.10)	Run regression tests including historical migration	2026-09-26T13:10:40.0661327Z test_stage_edit_inside_publication_is_detected_and_both_versions_survive (test_install_races.InstallationRaceTests) ... ok
test (windows-latest, 3.10)	Run regression tests including historical migration	2026-09-26T13:10:40.7071230Z test_staged_bytes_changed_after_initial_validation_restore_original (test_install_races.InstallationRaceTests) ... ok
test (windows-latest, 3.10)	Run regression tests including historical migration	2026-09-26T13:10:41.3362543Z test_target_edit_at_backup_move_is_verified_and_restored (test_install_races.InstallationRaceTests) ... ok
test (windows-latest, 3.10)	Run regression tests including historical migration	2026-09-26T13:10:42.0023005Z test_target_recreated_during_recovery_is_not_replaced (test_install_races.InstallationRaceTests) ... ok
test (windows-latest, 3.10)	Run regression tests including historical migration	2026-09-26T13:10:42.6077014Z test_target_save_during_staging_remains_active (test_install_races.InstallationRaceTests) ... ok
test (windows-latest, 3.10)	Run regression tests including historical migration	2026-09-26T13:10:43.2659175Z test_windows_publication_refuses_an_empty_target_created_inside_rename (test_install_races.InstallationRaceTests) ... ok
test (windows-latest, 3.10)	Run regression tests including historical migration	2026-09-26T13:10:43.7961275Z test_core_path_redirects_to_complete_suite (test_install_suite.SuiteInstallTests) ... ok
test (windows-latest, 3.10)	Run regression tests including historical migration	2026-09-26T13:10:44.4006330Z test_install_all_dependencies_preserves_book_and_other_skills (test_install_suite.SuiteInstallTests) ... ok
test (windows-latest, 3.10)	Run regression tests including historical migration	2026-09-26T13:10:44.4394467Z test_install_and_archive_share_current_manifest (test_install_suite.SuiteInstallTests) ... ok
test (windows-latest, 3.10)	Run regression tests including historical migration	2026-09-26T13:10:44.5023385Z test_missing_dependency_or_reference_stops_before_install (test_install_suite.SuiteInstallTests) ... ok
test (windows-latest, 3.10)	Run regression tests including historical migration	2026-09-26T13:10:45.0871607Z test_modified_or_unmanaged_member_prevents_all_changes (test_install_suite.SuiteInstallTests) ... ok
test (windows-latest, 3.10)	Run regression tests including historical migration	2026-09-26T13:10:45.1289900Z test_old_version_and_single_skill_source_are_rejected (test_install_suite.SuiteInstallTests) ... ok
test (windows-latest, 3.10)	Run regression tests including historical migration	2026-09-26T13:10:45.4534501Z test_partial_first_install_keeps_other_content (test_install_suite.SuiteInstallTests) ... ok
test (windows-latest, 3.10)	Run regression tests including historical migration	2026-09-26T13:10:46.3994169Z test_partial_publication_rolls_back_whole_suite (test_install_suite.SuiteInstallTests) ... ok
test (windows-latest, 3.10)	Run regression tests including historical migration	2026-09-26T13:10:46.9183079Z test_planning_reference_and_publication_runtime_are_installed (test_install_suite.SuiteInstallTests) ... ok
test (windows-latest, 3.10)	Run regression tests including historical migration	2026-09-26T13:10:46.9599251Z test_private_draft_cannot_be_installed (test_install_suite.SuiteInstallTests) ... ok
test (windows-latest, 3.10)	Run regression tests including historical migration	2026-09-26T13:10:47.8749399Z test_published_edit_is_preserved_with_prior_backup (test_install_suite.SuiteInstallTests) ... ok
test (windows-latest, 3.10)	Run regression tests including historical migration	2026-09-26T13:10:48.3923172Z test_published_v060_installs_legacy_layout_without_workbench (test_install_suite.SuiteInstallTests) ... ok
test (windows-latest, 3.10)	Run regression tests including historical migration	2026-09-26T13:10:48.5285361Z test_source_save_during_staging_prevents_publication (test_install_suite.SuiteInstallTests) ... ok
test (windows-latest, 3.10)	Run regression tests including historical migration	2026-09-26T13:10:48.5768800Z test_unknown_suite_version_is_rejected_before_writing_targets (test_install_suite.SuiteInstallTests) ... ok
test (windows-latest, 3.10)	Run regression tests including historical migration	2026-09-26T13:10:49.7266417Z test_update_keeps_exact_backup_and_all_eight_skills (test_install_suite.SuiteInstallTests) ... ok
test (windows-latest, 3.10)	Run regression tests including historical migration	2026-09-26T13:10:49.9301272Z test_case_alias_rename_is_rejected_before_review (test_layout_preflight.LayoutPreflightTests) ... ok
test (windows-latest, 3.10)	Run regression tests including historical migration	2026-09-26T13:10:50.0032393Z test_hard_link_destination_is_rejected_before_review (test_layout_preflight.LayoutPreflightTests) ... ok
test (windows-latest, 3.10)	Run regression tests including historical migration	2026-09-26T13:10:50.2453090Z test_lint_and_prepare_reject_conflicting_directory_for_established_volume (test_layout_preflight.LayoutPreflightTests) ... ok
test (windows-latest, 3.10)	Run regression tests including historical migration	2026-09-26T13:10:50.3149747Z test_lint_and_prepare_reject_missing_chapter_title_before_review_scaffold (test_layout_preflight.LayoutPreflightTests) ... ok
test (windows-latest, 3.10)	Run regression tests including historical migration	2026-09-26T13:10:50.3920754Z test_lint_and_prepare_reject_missing_volume_before_review_scaffold (test_layout_preflight.LayoutPreflightTests) ... ok
test (windows-latest, 3.10)	Run regression tests including historical migration	2026-09-26T13:10:50.4775135Z test_occupied_destination_is_rejected_before_review (test_layout_preflight.LayoutPreflightTests) ... ok
test (windows-latest, 3.10)	Run regression tests including historical migration	2026-09-26T13:10:50.7927582Z test_reconcile_preparation_accepts_further_revised_current_export (test_layout_preflight.LayoutPreflightTests) ... ok
test (windows-latest, 3.10)	Run regression tests including historical migration	2026-09-26T13:10:51.1817529Z test_reconcile_preparation_accepts_further_revised_retired_name (test_layout_preflight.LayoutPreflightTests) ... ok
test (windows-latest, 3.10)	Run regression tests including historical migration	2026-09-26T13:10:51.2550540Z test_symbolic_link_destination_is_rejected_before_review (test_layout_preflight.LayoutPreflightTests) ... ok
test (windows-latest, 3.10)	Run regression tests including historical migration	2026-09-26T13:10:51.4746940Z test_world_volume_path_preview_is_pure_and_matches_later_commit (test_layout_preflight.LayoutPreflightTests) ... ok
test (windows-latest, 3.10)	Run regression tests including historical migration	2026-09-26T13:10:52.2503836Z test_export_clears_legacy_self_retirement_without_moving_current_body (test_layout_recovery_edges.LayoutRecoveryEdgeTests) ... ok
test (windows-latest, 3.10)	Run regression tests including historical migration	2026-09-26T13:10:52.9988902Z test_reusing_retired_name_accepts_reviewed_old_path_hash_for_revised_body (test_layout_recovery_edges.LayoutRecoveryEdgeTests) ... ok
test (windows-latest, 3.10)	Run regression tests including historical migration	2026-09-26T13:10:53.7895862Z test_reusing_retired_name_keeps_current_export_present_after_reconcile (test_layout_recovery_edges.LayoutRecoveryEdgeTests) ... ok
test (windows-latest, 3.10)	Run regression tests including historical migration	2026-09-26T13:10:54.1001661Z test_200kb_imported_chapter_comparison_requires_a_larger_explicit_budget (test_long_history.LongHistoryTests) ... ok
test (windows-latest, 3.10)	Run regression tests including historical migration	2026-09-26T13:12:27.6399421Z test_4000_chapter_inspection_pages_all_scopes_without_hashing_omitted_exports (test_long_history.LongHistoryTests) ... ok
test (windows-latest, 3.10)	Run regression tests including historical migration	2026-09-26T13:12:28.2066899Z test_actual_world_patch_is_checked_even_without_time_or_entities_in_plan (test_long_history.LongHistoryTests) ... ok
test (windows-latest, 3.10)	Run regression tests including historical migration	2026-09-26T13:12:28.6786853Z test_advice_and_legacy_minor_survive_historical_publication (test_long_history.LongHistoryTests) ... ok
test (windows-latest, 3.10)	Run regression tests including historical migration	2026-09-26T13:12:29.1264718Z test_bound_outside_edit_does_not_accept_later_save_or_other_drift (test_long_history.LongHistoryTests) ... ok
test (windows-latest, 3.10)	Run regression tests including historical migration	2026-09-26T13:12:29.4103400Z test_cache_requires_complete_evidence_and_misses_after_dependency_change (test_long_history.LongHistoryTests) ... ok
test (windows-latest, 3.10)	Run regression tests including historical migration	2026-09-26T13:12:29.7561149Z test_changed_evidence_and_plan_prevent_refresh_of_old_reviews (test_long_history.LongHistoryTests) ... ok
test (windows-latest, 3.10)	Run regression tests including historical migration	2026-09-26T13:12:29.9888691Z test_changed_summary_cannot_reuse_body_only_review (test_long_history.LongHistoryTests) ... ok
test (windows-latest, 3.10)	Run regression tests including historical migration	2026-09-26T13:12:30.3462871Z test_cli_state_review_template_supplies_exact_preimage_but_requires_explicit_decision (test_long_history.LongHistoryTests) ... ok
test (windows-latest, 3.10)	Run regression tests including historical migration	2026-09-26T13:12:30.8123658Z test_commit_dependency_declaration_is_preserved_without_extra_history_command (test_long_history.LongHistoryTests) ... ok
test (windows-latest, 3.10)	Run regression tests including historical migration	2026-09-26T13:12:31.0202257Z test_commit_dependency_validation_rejects_missing_fields_self_and_stale_sha (test_long_history.LongHistoryTests) ... ok
test (windows-latest, 3.10)	Run regression tests including historical migration	2026-09-26T13:12:31.2834701Z test_draft_stays_candidate_and_unreviewed_publish_cannot_change_canonical (test_long_history.LongHistoryTests) ... ok
test (windows-latest, 3.10)	Run regression tests including historical migration	2026-09-26T13:12:31.5750955Z test_external_edit_blocks_publication_and_preserves_user_bytes (test_long_history.LongHistoryTests) ... ok
test (windows-latest, 3.10)	Run regression tests including historical migration	2026-09-26T13:12:36.7374784Z test_far_dependency_transitive_closure_excludes_reviewed_side_story (test_long_history.LongHistoryTests) ... ok
test (windows-latest, 3.10)	Run regression tests including historical migration	2026-09-26T13:12:37.0732197Z test_historical_state_rejects_unknown_events_instead_of_guessing (test_long_history.LongHistoryTests) ... ok
test (windows-latest, 3.10)	Run regression tests including historical migration	2026-09-26T13:12:37.4973326Z test_historical_state_replays_notes_and_published_card_changes_after_snapshot (test_long_history.LongHistoryTests) ... ok
test (windows-latest, 3.10)	Run regression tests including historical migration	2026-09-26T13:12:37.9965032Z test_historical_state_replays_replacement_rollback_and_history_final_state (test_long_history.LongHistoryTests) ... ok
test (windows-latest, 3.10)	Run regression tests including historical migration	2026-09-26T13:12:38.4892976Z test_history_cannot_bypass_known_world_rule_conflicts (test_long_history.LongHistoryTests) ... ok
test (windows-latest, 3.10)	Run regression tests including historical migration	2026-09-26T13:12:39.1444078Z test_history_dependencies_use_branch_candidates_and_current_records (test_long_history.LongHistoryTests) ... ok
test (windows-latest, 3.10)	Run regression tests including historical migration	2026-09-26T13:12:39.5102159Z test_imported_baseline_can_only_publish_after_plan_and_full_reviews (test_long_history.LongHistoryTests) ... ok
test (windows-latest, 3.10)	Run regression tests including historical migration	2026-09-26T13:12:40.0918809Z test_incomplete_dependencies_require_semantic_scope_including_later_chapters (test_long_history.LongHistoryTests) ... ok
test (windows-latest, 3.10)	Run regression tests including historical migration	2026-09-26T13:12:40.4066705Z test_inspection_budget_failure_rolls_back_start_update_and_refresh (test_long_history.LongHistoryTests) ... ok
test (windows-latest, 3.10)	Run regression tests including historical migration	2026-09-26T13:12:40.6630529Z test_inspection_provides_exact_candidate_review_scaffold_without_passing_it (test_long_history.LongHistoryTests) ... ok
test (windows-latest, 3.10)	Run regression tests including historical migration	2026-09-26T13:12:40.9337115Z test_large_cache_can_be_saved_but_read_requires_an_explicit_sufficient_budget (test_long_history.LongHistoryTests) ... ok
test (windows-latest, 3.10)	Run regression tests including historical migration	2026-09-26T13:12:41.4367961Z test_later_world_baseline_blocks_replace_until_history_rebinds_evidence (test_long_history.LongHistoryTests) ... ok
test (windows-latest, 3.10)	Run regression tests including historical migration	2026-09-26T13:12:41.9286280Z test_legacy_seed_does_not_guess_required_card_history_from_current_state (test_long_history.LongHistoryTests) ... ok
test (windows-latest, 3.10)	Run regression tests including historical migration	2026-09-26T13:12:42.3653351Z test_major_and_blocker_still_block_history_and_unknown_severity_is_rejected (test_long_history.LongHistoryTests) ... ok
test (windows-latest, 3.10)	Run regression tests including historical migration	2026-09-26T13:12:42.8085042Z test_new_dependent_chapter_cannot_hide_behind_refresh (test_long_history.LongHistoryTests) ... ok
test (windows-latest, 3.10)	Run regression tests including historical migration	2026-09-26T13:12:43.2430947Z test_outside_edit_can_be_explicitly_bound_and_export_retry_keeps_hash (test_long_history.LongHistoryTests) ... ok
test (windows-latest, 3.10)	Run regression tests including historical migration	2026-09-26T13:12:43.6146334Z test_publication_queue_failure_rolls_back_all_candidate_state (test_long_history.LongHistoryTests) ... ok
test (windows-latest, 3.10)	Run regression tests including historical migration	2026-09-26T13:12:44.0262844Z test_published_retry_recovers_export_without_repeating_state_or_events (test_long_history.LongHistoryTests) ... ok
test (windows-latest, 3.10)	Run regression tests including historical migration	2026-09-26T13:12:44.2323824Z test_replace_dependency_validation_uses_recorded_preimage_not_postchapter_card (test_long_history.LongHistoryTests) ... ok
test (windows-latest, 3.10)	Run regression tests including historical migration	2026-09-26T13:12:44.5961259Z test_saved_candidate_can_be_read_in_bounded_pieces_without_publishing (test_long_history.LongHistoryTests) ... ok
test (windows-latest, 3.10)	Run regression tests including historical migration	2026-09-26T13:12:45.0916805Z test_second_branch_cannot_publish_after_first_changes_same_history (test_long_history.LongHistoryTests) ... ok
test (windows-latest, 3.10)	Run regression tests including historical migration	2026-09-26T13:12:45.3335480Z test_single_chapter_inspection_has_budget_and_never_truncates_review_evidence (test_long_history.LongHistoryTests) ... ok
test (windows-latest, 3.10)	Run regression tests including historical migration	2026-09-26T13:12:45.6817994Z test_snapshot_uses_body_and_card_pointers_and_nearest_predecessor (test_long_history.LongHistoryTests) ... ok
test (windows-latest, 3.10)	Run regression tests including historical migration	2026-09-26T13:12:46.1425604Z test_state_requires_explicit_keep_or_update_and_is_atomic_with_text (test_long_history.LongHistoryTests) ... ok
test (windows-latest, 3.10)	Run regression tests including historical migration	2026-09-26T13:12:46.8023230Z test_typed_cognition_reference_expands_history_scope_before_retirement (test_long_history.LongHistoryTests) ... ok
test (windows-latest, 3.10)	Run regression tests including historical migration	2026-09-26T13:12:47.2476166Z test_unrelated_revision_needs_explicit_refresh_and_keeps_review (test_long_history.LongHistoryTests) ... ok
test (windows-latest, 3.10)	Run regression tests including historical migration	2026-09-26T13:12:47.8699900Z test_world_evidence_creates_far_dependency_without_duplicate_chapter_edge (test_long_history.LongHistoryTests) ... ok
test (windows-latest, 3.10)	Run regression tests including historical migration	2026-09-26T13:12:48.3826127Z test_world_evidence_requires_atomic_rebind_and_keeps_old_state_on_failure (test_long_history.LongHistoryTests) ... ok
test (windows-latest, 3.10)	Run regression tests including historical migration	2026-09-26T13:12:49.0861816Z test_world_record_can_be_retired_with_evidence_and_remains_retired_on_next_revision (test_long_history.LongHistoryTests) ... ok
test (windows-latest, 3.10)	Run regression tests including historical migration	2026-09-26T13:12:49.4817294Z test_abandoned_author_plan_does_not_double_count_observed_action (test_long_integration_review.LongIntegrationReviewTests) ... ok
test (windows-latest, 3.10)	Run regression tests including historical migration	2026-09-26T13:12:49.7517506Z test_future_same_chapter_rule_does_not_legalize_earlier_use (test_long_integration_review.LongIntegrationReviewTests) ... ok
test (windows-latest, 3.10)	Run regression tests including historical migration	2026-09-26T13:12:49.9656736Z test_new_chapter_opening_and_payment_are_applied_once (test_long_integration_review.LongIntegrationReviewTests) ... ok
test (windows-latest, 3.10)	Run regression tests including historical migration	2026-09-26T13:12:50.2432246Z test_observed_cooldown_is_rejected_even_without_prior_planned_use (test_long_integration_review.LongIntegrationReviewTests) ... ok
test (windows-latest, 3.10)	Run regression tests including historical migration	2026-09-26T13:12:50.5332233Z test_observed_overdraft_is_rejected_even_without_prior_planned_transfer (test_long_integration_review.LongIntegrationReviewTests) ... ok
test (windows-latest, 3.10)	Run regression tests including historical migration	2026-09-26T13:12:50.5341336Z test_bigram_presence_is_not_an_exact_match (test_long_search.SearchTests) ... ok
test (windows-latest, 3.10)	Run regression tests including historical migration	2026-09-26T13:12:50.5351890Z test_candidate_cutoff_never_claims_no_match_and_kind_filter_uses_index (test_long_search.SearchTests) ... ok
test (windows-latest, 3.10)	Run regression tests including historical migration	2026-09-26T13:12:50.5363291Z test_failed_update_restores_old_postings_source_and_metadata (test_long_search.SearchTests) ... ok
test (windows-latest, 3.10)	Run regression tests including historical migration	2026-09-26T13:12:50.5409315Z test_identical_hash_keeps_distinct_sources_and_reads_object_once (test_long_search.SearchTests) ... ok
test (windows-latest, 3.10)	Run regression tests including historical migration	2026-09-26T13:12:50.5416468Z test_injected_helpers_and_caller_transaction_rollback (test_long_search.SearchTests) ... ok
test (windows-latest, 3.10)	Run regression tests including historical migration	2026-09-26T13:12:50.5428591Z test_literal_punctuation_english_spaces_and_unicode_offsets (test_long_search.SearchTests) ... ok
test (windows-latest, 3.10)	Run regression tests including historical migration	2026-09-26T13:12:50.5437998Z test_removing_one_shared_source_preserves_other_identity_and_object (test_long_search.SearchTests) ... ok
test (windows-latest, 3.10)	Run regression tests including historical migration	2026-09-26T13:12:50.5447180Z test_result_and_character_limits_are_explicit_and_results_stable (test_long_search.SearchTests) ... ok
test (windows-latest, 3.10)	Run regression tests including historical migration	2026-09-26T13:12:53.3975242Z test_twenty_thousand_unrelated_cards_do_not_scan_source_texts (test_long_search.SearchTests) ... ok
test (windows-latest, 3.10)	Run regression tests including historical migration	2026-09-26T13:12:53.3986034Z test_two_character_and_long_names_and_single_character_title (test_long_search.SearchTests) ... ok
test (windows-latest, 3.10)	Run regression tests including historical migration	2026-09-26T13:12:53.3998488Z test_update_remove_and_metadata_only_updates_preserve_identity (test_long_search.SearchTests) ... ok
test (windows-latest, 3.10)	Run regression tests including historical migration	2026-09-26T13:12:53.5813543Z test_analyzed_source_daily_reads_do_not_load_whole_text_into_python (test_long_storage.LongStorageTests) ... ok
test (windows-latest, 3.10)	Run regression tests including historical migration	2026-09-26T13:12:53.8909883Z test_archived_prose_remains_readable_by_version_under_a_byte_budget (test_long_storage.LongStorageTests) ... ok
test (windows-latest, 3.10)	Run regression tests including historical migration	2026-09-26T13:12:54.0941390Z test_body_dedup_and_incremental_cards_and_no_write_transaction_during_io (test_long_storage.LongStorageTests) ... ok
test (windows-latest, 3.10)	Run regression tests including historical migration	2026-09-26T13:12:54.3088636Z test_dependency_candidates_can_be_reviewed_in_the_same_chapter_commit (test_long_storage.LongStorageTests) ... ok
test (windows-latest, 3.10)	Run regression tests including historical migration	2026-09-26T13:12:54.6240676Z test_explicit_migration_preserves_export_identity_and_rollback_backup (test_long_storage.LongStorageTests) ... ok
test (windows-latest, 3.10)	Run regression tests including historical migration	2026-09-26T13:12:54.9129354Z test_failed_migration_rolls_back_all_ddl (test_long_storage.LongStorageTests) ... ok
test (windows-latest, 3.10)	Run regression tests including historical migration	2026-09-26T13:12:55.2384098Z test_local_mode_does_not_claim_archival_integrity (test_long_storage.LongStorageTests) ... ok
test (windows-latest, 3.10)	Run regression tests including historical migration	2026-09-26T13:12:55.4074223Z test_scoped_hard_constraints_dont_accumulate_across_volumes (test_long_storage.LongStorageTests) ... ok
test (windows-latest, 3.10)	Run regression tests including historical migration	2026-09-26T13:12:55.6356443Z test_world_delta_is_atomic_and_latest_rewrite_requires_history (test_long_storage.LongStorageTests) ... ok
test (windows-latest, 3.10)	Run regression tests including historical migration	2026-09-26T13:12:55.6383370Z test_allowed_decimal_quantities_remain_exact_above_default_precision (test_long_world.LongWorldTests) ... ok
test (windows-latest, 3.10)	Run regression tests including historical migration	2026-09-26T13:12:55.6413483Z test_author_plan_is_separate_and_can_promote_without_double_event (test_long_world.LongWorldTests) ... ok
test (windows-latest, 3.10)	Run regression tests including historical migration	2026-09-26T13:12:55.6444273Z test_belief_does_not_overwrite_world_truth (test_long_world.LongWorldTests) ... ok
test (windows-latest, 3.10)	Run regression tests including historical migration	2026-09-26T13:12:55.6462679Z test_chapter_and_world_changes_share_one_transaction (test_long_world.LongWorldTests) ... ok
test (windows-latest, 3.10)	Run regression tests including historical migration	2026-09-26T13:12:55.6493599Z test_character_can_break_a_promise_with_explicit_consequences (test_long_world.LongWorldTests) ... ok
test (windows-latest, 3.10)	Run regression tests including historical migration	2026-09-26T13:12:55.6511185Z test_chinese_names_and_scoped_aliases_never_guess (test_long_world.LongWorldTests) ... ok
test (windows-latest, 3.10)	Run regression tests including historical migration	2026-09-26T13:12:55.6556496Z test_complete_template_is_valid_planned_data_only (test_long_world.LongWorldTests) ... ok
test (windows-latest, 3.10)	Run regression tests including historical migration	2026-09-26T13:12:55.6582162Z test_each_story_line_resumes_its_own_checkpoint (test_long_world.LongWorldTests) ... ok
test (windows-latest, 3.10)	Run regression tests including historical migration	2026-09-26T13:12:55.6599472Z test_evidence_failure_rolls_back_whole_batch_and_revision (test_long_world.LongWorldTests) ... ok
test (windows-latest, 3.10)	Run regression tests including historical migration	2026-09-26T13:12:55.6636055Z test_exact_resource_flow_and_unknown_quantities (test_long_world.LongWorldTests) ... ok
test (windows-latest, 3.10)	Run regression tests including historical migration	2026-09-26T13:12:55.6670215Z test_flashback_knowledge_excludes_future_acquisition (test_long_world.LongWorldTests) ... ok
test (windows-latest, 3.10)	Run regression tests including historical migration	2026-09-26T13:12:55.6700438Z test_future_observed_use_does_not_break_earlier_planned_scene (test_long_world.LongWorldTests) ... ok
test (windows-latest, 3.10)	Run regression tests including historical migration	2026-09-26T13:12:55.6729645Z test_hard_promise_due_even_without_related_entity_and_payoff_has_evidence (test_long_world.LongWorldTests) ... ok
test (windows-latest, 3.10)	Run regression tests including historical migration	2026-09-26T13:12:55.7051195Z test_historical_versions_are_filtered_before_text_materialization (test_long_world.LongWorldTests) ... ok
test (windows-latest, 3.10)	Run regression tests including historical migration	2026-09-26T13:12:55.7081669Z test_history_can_rebind_or_retire_without_leaving_stale_live_state (test_long_world.LongWorldTests) ... ok
test (windows-latest, 3.10)	Run regression tests including historical migration	2026-09-26T13:12:55.7102972Z test_history_invalidation_is_transactional_and_non_destructive (test_long_world.LongWorldTests) ... ok
test (windows-latest, 3.10)	Run regression tests including historical migration	2026-09-26T13:12:55.7138887Z test_history_rebinds_seed_before_payoff_without_false_reopening (test_long_world.LongWorldTests) ... ok
test (windows-latest, 3.10)	Run regression tests including historical migration	2026-09-26T13:12:55.7171570Z test_later_published_flashback_does_not_inherit_future_payoff (test_long_world.LongWorldTests) ... ok
test (windows-latest, 3.10)	Run regression tests including historical migration	2026-09-26T13:12:55.7197209Z test_latest_text_edit_stales_bound_facts_and_dependency (test_long_world.LongWorldTests) ... ok
test (windows-latest, 3.10)	Run regression tests including historical migration	2026-09-26T13:12:55.7220992Z test_normal_reinforcement_after_fulfillment_still_requires_reopening (test_long_world.LongWorldTests) ... ok
test (windows-latest, 3.10)	Run regression tests including historical migration	2026-09-26T13:12:55.7249317Z test_payoff_reached_through_seed_without_repeating_entity_tags (test_long_world.LongWorldTests) ... ok
test (windows-latest, 3.10)	Run regression tests including historical migration	2026-09-26T13:12:55.7273686Z test_planned_income_cannot_be_reported_as_actual_balance (test_long_world.LongWorldTests) ... ok
test (windows-latest, 3.10)	Run regression tests including historical migration	2026-09-26T13:12:55.7301536Z test_repeated_arc_pattern_is_advice_with_comparable_evidence (test_long_world.LongWorldTests) ... ok
test (windows-latest, 3.10)	Run regression tests including historical migration	2026-09-26T13:12:55.7324309Z test_retired_fact_requires_live_knowledge_dependency_to_be_repaired (test_long_world.LongWorldTests) ... ok
test (windows-latest, 3.10)	Run regression tests including historical migration	2026-09-26T13:12:55.7352410Z test_rolling_arc_replanning_does_not_change_published_facts (test_long_world.LongWorldTests) ... ok
test (windows-latest, 3.10)	Run regression tests including historical migration	2026-09-26T13:12:55.7393596Z test_rules_are_versioned_and_cooldown_is_per_actor_and_clock (test_long_world.LongWorldTests) ... ok
test (windows-latest, 3.10)	Run regression tests including historical migration	2026-09-26T13:12:55.7410809Z test_schema_and_boolean_input_validation (test_long_world.LongWorldTests) ... ok
test (windows-latest, 3.10)	Run regression tests including historical migration	2026-09-26T13:12:55.7437040Z test_selected_hard_state_is_never_silently_truncated (test_long_world.LongWorldTests) ... ok
test (windows-latest, 3.10)	Run regression tests including historical migration	2026-09-26T13:12:55.7465625Z test_simulated_chapter_300_recalls_seed_and_separates_soft_schedule (test_long_world.LongWorldTests) ... ok
test (windows-latest, 3.10)	Run regression tests including historical migration	2026-09-26T13:12:55.7493014Z test_stale_checkpoint_and_balance_cannot_bypass_evidence_check (test_long_world.LongWorldTests) ... ok
test (windows-latest, 3.10)	Run regression tests including historical migration	2026-09-26T13:12:55.7515887Z test_unknown_opening_time_never_claims_exact_scene_balance (test_long_world.LongWorldTests) ... ok
test (windows-latest, 3.10)	Run regression tests including historical migration	2026-09-26T13:12:55.8968791Z test_explicit_release_clears_constraint_without_erasing_other_fields (test_notes_updates.NotesUpdateTests) ... ok
test (windows-latest, 3.10)	Run regression tests including historical migration	2026-09-26T13:12:56.0088272Z test_invalid_new_card_rolls_back_entire_update (test_notes_updates.NotesUpdateTests) ... ok
test (windows-latest, 3.10)	Run regression tests including historical migration	2026-09-26T13:12:56.1485886Z test_stale_update_cannot_restore_an_old_constraint (test_notes_updates.NotesUpdateTests) ... ok
test (windows-latest, 3.10)	Run regression tests including historical migration	2026-09-26T13:12:56.2837171Z test_text_update_keeps_hard_constraint_in_context_and_retry_is_noop (test_notes_updates.NotesUpdateTests) ... ok
test (windows-latest, 3.10)	Run regression tests including historical migration	2026-09-26T13:12:56.3663599Z test_atomic_replace_failure_preserves_previous_archive (test_package.PackagePublicationTests) ... ok
test (windows-latest, 3.10)	Run regression tests including historical migration	2026-09-26T13:12:56.4341205Z test_crc_validation_failure_preserves_previous_archive (test_package.PackagePublicationTests) ... ok
test (windows-latest, 3.10)	Run regression tests including historical migration	2026-09-26T13:12:56.4977932Z test_partial_write_then_disk_full_preserves_previous_archive (test_package.PackagePublicationTests) ... ok
test (windows-latest, 3.10)	Run regression tests including historical migration	2026-09-26T13:12:56.5666883Z test_sibling_project_material_is_never_packaged (test_package.PackagePublicationTests) ... ok
test (windows-latest, 3.10)	Run regression tests including historical migration	2026-09-26T13:12:56.6437681Z test_success_uses_same_directory_stage_and_reproduces_hash (test_package.PackagePublicationTests) ... ok
test (windows-latest, 3.10)	Run regression tests including historical migration	2026-09-26T13:12:56.7203851Z test_unknown_payload_file_or_missing_dependency_preserves_previous_archive (test_package.PackagePublicationTests) ... ok
test (windows-latest, 3.10)	Run regression tests including historical migration	2026-09-26T13:12:56.7893842Z test_valid_crc_but_wrong_member_content_is_rejected (test_package.PackagePublicationTests) ... ok
test (windows-latest, 3.10)	Run regression tests including historical migration	2026-09-26T13:12:56.8437449Z test_default_archive_name_tracks_the_actual_packaged_runtime (test_package.PackageVersionTests) ... ok
test (windows-latest, 3.10)	Run regression tests including historical migration	2026-09-26T13:12:57.1553217Z test_manifest_is_bound_to_version_and_unknown_families_are_rejected (test_package.PackageVersionTests) ... ok
test (windows-latest, 3.10)	Run regression tests including historical migration	2026-09-26T13:12:57.2008024Z test_mismatched_filename_cannot_replace_an_existing_archive (test_package.PackageVersionTests) ... ok
test (windows-latest, 3.10)	Run regression tests including historical migration	2026-09-26T13:12:57.2450806Z test_missing_reviewed_file_cannot_replace_existing_archive (test_package.PackageVersionTests) ... ok
test (windows-latest, 3.10)	Run regression tests including historical migration	2026-09-26T13:12:57.2453765Z test_reads_literal_version_without_executing_runtime (test_package.PackageVersionTests) ... ok
test (windows-latest, 3.10)	Run regression tests including historical migration	2026-09-26T13:12:57.3148073Z test_build_publishes_only_after_verification (test_package_npm.NpmPackageTests) ... ok
test (windows-latest, 3.10)	Run regression tests including historical migration	2026-09-26T13:12:57.3213747Z test_checksum_binds_exact_filename_and_archive_bytes (test_package_npm.NpmPackageTests) ... ok
test (windows-latest, 3.10)	Run regression tests including historical migration	2026-09-26T13:12:57.3412017Z test_equivalent_remote_gzip_returns_actual_integrity_without_requiring_local_container_hash (test_package_npm.NpmPackageTests) ... ok
test (windows-latest, 3.10)	Run regression tests including historical migration	2026-09-26T13:12:57.3870735Z test_expected_build_manifest_binds_identity_payload_and_wrapper (test_package_npm.NpmPackageTests) ... ok
test (windows-latest, 3.10)	Run regression tests including historical migration	2026-09-26T13:12:57.4318897Z test_failed_pack_preserves_existing_tarball (test_package_npm.NpmPackageTests) ... ok
test (windows-latest, 3.10)	Run regression tests including historical migration	2026-09-26T13:12:57.4925089Z test_failed_replace_preserves_existing_tarball (test_package_npm.NpmPackageTests) ... ok
test (windows-latest, 3.10)	Run regression tests including historical migration	2026-09-26T13:12:57.5524571Z test_failed_tar_validation_preserves_existing_tarball (test_package_npm.NpmPackageTests) ... ok
test (windows-latest, 3.10)	Run regression tests including historical migration	2026-09-26T13:12:57.5589675Z test_npm_12_keyed_receipt_is_checked_against_its_package_name (test_package_npm.NpmPackageTests) ... ok
test (windows-latest, 3.10)	Run regression tests including historical migration	2026-09-26T13:12:57.5641686Z test_npm_pack_disables_scripts_and_uses_structured_arguments (test_package_npm.NpmPackageTests) ... ok
test (windows-latest, 3.10)	Run regression tests including historical migration	2026-09-26T13:12:57.5701019Z test_read_release_preserves_crlf_without_executing_payload (test_package_npm.NpmPackageTests) ... ok
test (windows-latest, 3.10)	Run regression tests including historical migration	2026-09-26T13:12:57.5856944Z test_tarball_cannot_inject_install_hook_into_wrapper (test_package_npm.NpmPackageTests) ... ok
test (windows-latest, 3.10)	Run regression tests including historical migration	2026-09-26T13:12:57.6065556Z test_tarball_rejects_changed_bytes_and_newline_normalization (test_package_npm.NpmPackageTests) ... ok
test (windows-latest, 3.10)	Run regression tests including historical migration	2026-09-26T13:12:57.6489065Z test_tarball_rejects_missing_extra_duplicate_and_links (test_package_npm.NpmPackageTests) ... ok
test (windows-latest, 3.10)	Run regression tests including historical migration	2026-09-26T13:12:57.6625079Z test_tarball_verification_returns_payload_and_wrapper_evidence (test_package_npm.NpmPackageTests) ... ok
test (windows-latest, 3.10)	Run regression tests including historical migration	2026-09-26T13:12:57.6755006Z test_version_must_be_single_literal_and_match_archive_name (test_package_npm.NpmPackageTests) ... ok
test (windows-latest, 3.10)	Run regression tests including historical migration	2026-09-26T13:12:57.6909354Z test_zip_rejects_extra_missing_duplicate_and_linked_members (test_package_npm.NpmPackageTests) ... ok
test (windows-latest, 3.10)	Run regression tests including historical migration	2026-09-26T13:12:57.6911607Z test_current_package_identity_and_wrapper (test_package_npm.NpmSuiteTests) ... ok
test (windows-latest, 3.10)	Run regression tests including historical migration	2026-09-26T13:12:57.6915078Z test_only_current_release_family_has_reviewed_layout (test_package_npm.NpmSuiteTests) ... ok
test (windows-latest, 3.10)	Run regression tests including historical migration	2026-09-26T13:12:57.6934923Z test_zip_and_npm_share_one_manifest (test_package_npm.NpmSuiteTests) ... ok
test (windows-latest, 3.10)	Run regression tests including historical migration	2026-09-26T13:12:57.9826121Z test_history_inspection_keeps_snapshot_during_a_completed_concurrent_rename (test_path_snapshot.PathSnapshotTests) ... ok
test (windows-latest, 3.10)	Run regression tests including historical migration	2026-09-26T13:12:58.5670562Z test_published_history_retry_exposes_current_paths_in_bounded_inspection_pages (test_path_snapshot.PathSnapshotTests) ... ok
test (windows-latest, 3.10)	Run regression tests including historical migration	2026-09-26T13:12:58.8682659Z test_recall_keeps_original_path_when_another_writer_renames_after_snapshot (test_path_snapshot.PathSnapshotTests) ... ok
test (windows-latest, 3.10)	Run regression tests including historical migration	2026-09-26T13:12:59.1181459Z test_editor_save_during_restore_is_preserved_with_backup (test_portable_export.PortableWindowsExportTests) ... ok
test (windows-latest, 3.10)	Run regression tests including historical migration	2026-09-26T13:12:59.4253213Z test_failed_publication_restores_a_copy_and_retains_backup_for_retry (test_portable_export.PortableWindowsExportTests) ... ok
test (windows-latest, 3.10)	Run regression tests including historical migration	2026-09-26T13:12:59.6012141Z test_first_export_succeeds_without_hard_links (test_portable_export.PortableWindowsExportTests) ... ok
test (windows-latest, 3.10)	Run regression tests including historical migration	2026-09-26T13:12:59.8717106Z test_recreated_target_wins_over_publication_and_restore (test_portable_export.PortableWindowsExportTests) ... ok
test (windows-latest, 3.10)	Run regression tests including historical migration	2026-09-26T13:13:00.2353359Z test_revision_preserves_old_backup_without_hard_links (test_portable_export.PortableWindowsExportTests) ... ok
test (windows-latest, 3.10)	Run regression tests including historical migration	2026-09-26T13:13:00.2361015Z test_posix_keeps_no_replace_link_publication (test_portable_export.PublicationSelectionTests) ... ok
test (windows-latest, 3.10)	Run regression tests including historical migration	2026-09-26T13:13:00.5377045Z test_backup_is_unique_complete_and_bound_to_book_identity (test_publish.PublishTests) ... ok
test (windows-latest, 3.10)	Run regression tests including historical migration	2026-09-26T13:13:00.8528883Z test_cancel_is_idempotent_and_reprepare_keeps_old_plan_cancelled (test_publish.PublishTests) ... ok
test (windows-latest, 3.10)	Run regression tests including historical migration	2026-09-26T13:13:01.2060163Z test_cancelled_check_does_not_recheck_or_change_its_saved_observation (test_publish.PublishTests) ... ok
test (windows-latest, 3.10)	Run regression tests including historical migration	2026-09-26T13:13:01.5820951Z test_changed_text_invalidates_plan_without_replacing_its_frozen_body (test_publish.PublishTests) ... ok
test (windows-latest, 3.10)	Run regression tests including historical migration	2026-09-26T13:13:01.7981137Z test_chinese_crlf_and_non_bmp_survive_title_body_conversion (test_publish.PublishTests) ... ok
test (windows-latest, 3.10)	Run regression tests including historical migration	2026-09-26T13:13:02.4580916Z test_cli_prepare_inspect_list_and_template_preserve_unicode (test_publish.PublishTests) ... ok
test (windows-latest, 3.10)	Run regression tests including historical migration	2026-09-26T13:13:02.6894028Z test_concurrent_identical_preparations_produce_one_immutable_plan (test_publish.PublishTests) ... ok
test (windows-latest, 3.10)	Run regression tests including historical migration	2026-09-26T13:13:02.9186101Z test_corrupted_review_cannot_reuse_a_valid_body_hash (test_publish.PublishTests) ... ok
test (windows-latest, 3.10)	Run regression tests including historical migration	2026-09-26T13:13:02.9675558Z test_empty_list_does_not_create_ledger_or_modify_writing_history (test_publish.PublishTests) ... ok
test (windows-latest, 3.10)	Run regression tests including historical migration	2026-09-26T13:13:03.2224094Z test_external_edit_and_missing_export_block_prepare_and_check (test_publish.PublishTests) ... ok
test (windows-latest, 3.10)	Run regression tests including historical migration	2026-09-26T13:13:03.4433506Z test_failed_initialization_and_insert_leave_no_half_created_ledger (test_publish.PublishTests) ... ok
test (windows-latest, 3.10)	Run regression tests including historical migration	2026-09-26T13:13:03.6887228Z test_failed_new_plan_insert_preserves_existing_ledger_then_retries (test_publish.PublishTests) ... ok
test (windows-latest, 3.10)	Run regression tests including historical migration	2026-09-26T13:13:04.3953051Z test_first_insert_process_crash_retries_in_new_process_without_duplicate_plan (test_publish.PublishTests) ... ok
test (windows-latest, 3.10)	Run regression tests including historical migration	2026-09-26T13:13:05.0924991Z test_first_schema_process_crash_retries_in_new_process_without_half_ledger (test_publish.PublishTests) ... ok
test (windows-latest, 3.10)	Run regression tests including historical migration	2026-09-26T13:13:05.4158138Z test_hashes_inside_prose_and_unrecognized_opening_are_preserved (test_publish.PublishTests) ... ok
test (windows-latest, 3.10)	Run regression tests including historical migration	2026-09-26T13:13:05.8833829Z test_hot_journal_requires_writable_check_and_recovers_without_story_mutation (test_publish.PublishTests) ... ok
test (windows-latest, 3.10)	Run regression tests including historical migration	2026-09-26T13:13:06.2257931Z test_imported_baseline_requires_real_history_review_then_becomes_eligible (test_publish.PublishTests) ... ok
test (windows-latest, 3.10)	Run regression tests including historical migration	2026-09-26T13:13:06.4929701Z test_invalid_platform_mode_chapter_ranges_and_unknown_fields_are_rejected (test_publish.PublishTests) ... ok
test (windows-latest, 3.10)	Run regression tests including historical migration	2026-09-26T13:13:07.0448346Z test_ledger_rejects_missing_or_weakened_freeze_constraints (test_publish.PublishTests) ... ok
test (windows-latest, 3.10)	Run regression tests including historical migration	2026-09-26T13:13:07.7181254Z test_legacy_h1_unicode_whitespace_with_and_without_formal_title (test_publish.PublishTests) ... ok
test (windows-latest, 3.10)	Run regression tests including historical migration	2026-09-26T13:13:07.8697987Z test_legacy_markdown_title_conflicting_with_formal_plan_is_blocked (test_publish.PublishTests) ... ok
test (windows-latest, 3.10)	Run regression tests including historical migration	2026-09-26T13:13:08.0678728Z test_legacy_markdown_title_matching_formal_plan_is_separated (test_publish.PublishTests) ... ok
test (windows-latest, 3.10)	Run regression tests including historical migration	2026-09-26T13:13:08.2441972Z test_legacy_markdown_title_without_plan_title_remains_publishable (test_publish.PublishTests) ... ok
test (windows-latest, 3.10)	Run regression tests including historical migration	2026-09-26T13:13:08.4252218Z test_linked_sidecar_and_backup_directory_never_write_outside_book (test_publish.PublishTests) ... ok
test (windows-latest, 3.10)	Run regression tests including historical migration	2026-09-26T13:13:08.6434505Z test_manifest_damage_is_rejected_by_list_inspect_and_backup (test_publish.PublishTests) ... ok
test (windows-latest, 3.10)	Run regression tests including historical migration	2026-09-26T13:13:08.8314583Z test_missing_chapter_and_analysis_book_cannot_prepare (test_publish.PublishTests) ... ok
test (windows-latest, 3.10)	Run regression tests including historical migration	2026-09-26T13:13:09.3107592Z test_new_head_and_changed_account_or_target_do_not_reuse_previous_plan (test_publish.PublishTests) ... ok
test (windows-latest, 3.10)	Run regression tests including historical migration	2026-09-26T13:13:09.5893334Z test_pagination_accounts_for_every_plan_without_silent_budget_truncation (test_publish.PublishTests) ... ok
test (windows-latest, 3.10)	Run regression tests including historical migration	2026-09-26T13:13:09.7755342Z test_plain_first_body_line_is_never_mistaken_for_a_heading (test_publish.PublishTests) ... ok
test (windows-latest, 3.10)	Run regression tests including historical migration	2026-09-26T13:13:10.0138975Z test_prepare_freezes_exact_source_and_is_idempotent_without_story_events (test_publish.PublishTests) ... ok
test (windows-latest, 3.10)	Run regression tests including historical migration	2026-09-26T13:13:11.4659315Z test_qimao_and_fanqie_bindings_get_distinct_plans_in_numeric_chapter_order (test_publish.PublishTests) ... ok
test (windows-latest, 3.10)	Run regression tests including historical migration	2026-09-26T13:13:11.8443077Z test_recover_rejects_a_ledger_copied_from_another_book (test_publish.PublishTests) ... ok
test (windows-latest, 3.10)	Run regression tests including historical migration	2026-09-26T13:13:12.1939887Z test_recover_rejects_damaged_manifest_instead_of_claiming_repair (test_publish.PublishTests) ... ok
test (windows-latest, 3.10)	Run regression tests including historical migration	2026-09-26T13:13:12.4100919Z test_recover_without_an_existing_ledger_never_initializes_publishing (test_publish.PublishTests) ... ok
test (windows-latest, 3.10)	Run regression tests including historical migration	2026-09-26T13:13:13.0272757Z test_recover_without_id_restores_hot_journal_and_preserves_every_plan (test_publish.PublishTests) ... ok
test (windows-latest, 3.10)	Run regression tests including historical migration	2026-09-26T13:13:13.3644750Z test_repaired_export_allows_a_new_plan_without_reactivating_stale_one (test_publish.PublishTests) ... ok
test (windows-latest, 3.10)	Run regression tests including historical migration	2026-09-26T13:13:13.6008137Z test_reused_plan_records_the_new_source_check_time (test_publish.PublishTests) ... ok
test (windows-latest, 3.10)	Run regression tests including historical migration	2026-09-26T13:13:13.8859017Z test_reviewed_import_without_a_title_is_not_given_a_fabricated_title (test_publish.PublishTests) ... ok
test (windows-latest, 3.10)	Run regression tests including historical migration	2026-09-26T13:13:14.1114863Z test_same_body_new_history_head_also_invalidates_plan (test_publish.PublishTests) ... ok
test (windows-latest, 3.10)	Run regression tests including historical migration	2026-09-26T13:13:14.4300998Z test_saved_prepared_state_does_not_claim_a_fresh_check_after_revision (test_publish.PublishTests) ... ok
test (windows-latest, 3.10)	Run regression tests including historical migration	2026-09-26T13:13:15.1570349Z test_stale_batch_recheck_reports_new_changes_to_other_chapters (test_publish.PublishTests) ... ok
test (windows-latest, 3.10)	Run regression tests including historical migration	2026-09-26T13:13:15.3203123Z test_stale_revision_and_ambiguous_title_cannot_create_a_plan (test_publish.PublishTests) ... ok
test (windows-latest, 3.10)	Run regression tests including historical migration	2026-09-26T13:13:15.5269910Z test_symlink_and_hardlink_ledgers_are_rejected_without_touching_target (test_publish.PublishTests) ... ok
test (windows-latest, 3.10)	Run regression tests including historical migration	2026-09-26T13:13:15.8892060Z test_unicode_indentation_in_an_ordinary_first_paragraph_is_preserved (test_publish.PublishTests) ... ok
test (windows-latest, 3.10)	Run regression tests including historical migration	2026-09-26T13:13:16.2056422Z test_unrelated_notes_do_not_change_selected_head_eligibility (test_publish.PublishTests) ... ok
test (windows-latest, 3.10)	Run regression tests including historical migration	2026-09-26T13:13:16.7643577Z test_budget_is_hard_and_cli_reports_only_local_evidence (test_publish_compare.PublishCompareTests) ... ok
test (windows-latest, 3.10)	Run regression tests including historical migration	2026-09-26T13:13:16.9960045Z test_cancelled_plan_remains_unusable_and_comparison_is_read_only (test_publish_compare.PublishCompareTests) ... ok
test (windows-latest, 3.10)	Run regression tests including historical migration	2026-09-26T13:13:17.2065355Z test_complete_copy_matches_only_after_documented_newline_conversion (test_publish_compare.PublishCompareTests) ... ok
test (windows-latest, 3.10)	Run regression tests including historical migration	2026-09-26T13:13:17.4108201Z test_lone_cr_is_the_only_other_accepted_text_change (test_publish_compare.PublishCompareTests) ... ok
test (windows-latest, 3.10)	Run regression tests including historical migration	2026-09-26T13:13:17.6024918Z test_missing_author_note_is_explicitly_unchecked_not_a_complete_match (test_publish_compare.PublishCompareTests) ... ok
test (windows-latest, 3.10)	Run regression tests including historical migration	2026-09-26T13:13:17.9305839Z test_old_copy_remains_a_frozen_match_but_is_unusable_after_formal_revision (test_publish_compare.PublishCompareTests) ... ok
test (windows-latest, 3.10)	Run regression tests including historical migration	2026-09-26T13:13:18.1149940Z test_rejects_unknown_missing_nontext_and_oversized_fields (test_publish_compare.PublishCompareTests) ... ok
test (windows-latest, 3.10)	Run regression tests including historical migration	2026-09-26T13:13:18.2902044Z test_spaces_and_punctuation_are_not_normalized_away (test_publish_compare.PublishCompareTests) ... ok
test (windows-latest, 3.10)	Run regression tests including historical migration	2026-09-26T13:13:18.4856663Z test_budget_or_invalid_input_never_writes_half_a_record (test_publish_compare_records.PublishComparisonRecordTests) ... ok
test (windows-latest, 3.10)	Run regression tests including historical migration	2026-09-26T13:13:18.7747173Z test_corrupt_or_cross_plan_record_is_not_silently_listed_or_backed_up (test_publish_compare_records.PublishComparisonRecordTests) ... ok
test (windows-latest, 3.10)	Run regression tests including historical migration	2026-09-26T13:13:19.2659042Z test_history_paginates_and_backup_recover_include_comparison_records (test_publish_compare_records.PublishComparisonRecordTests) ... ok
test (windows-latest, 3.10)	Run regression tests including historical migration	2026-09-26T13:13:19.5253062Z test_missing_field_and_mismatch_are_retained_without_fabricating_success (test_publish_compare_records.PublishComparisonRecordTests) ... ok
test (windows-latest, 3.10)	Run regression tests including historical migration	2026-09-26T13:13:19.9544511Z test_old_record_remains_historical_after_revision_and_cancellation (test_publish_compare_records.PublishComparisonRecordTests) ... ok
test (windows-latest, 3.10)	Run regression tests including historical migration	2026-09-26T13:13:20.2039967Z test_record_is_explicit_hash_only_and_history_does_not_recheck_current_source (test_publish_compare_records.PublishComparisonRecordTests) ... ok
test (windows-latest, 3.10)	Run regression tests including historical migration	2026-09-26T13:13:20.9186146Z test_schema_one_without_records_and_cli_record_history_inspect (test_publish_compare_records.PublishComparisonRecordTests) ... ok
test (windows-latest, 3.10)	Run regression tests including historical migration	2026-09-26T13:13:21.2632139Z test_cancelled_plan_does_not_run_a_source_check_or_create_material (test_publish_export.PublishExportTests) ... ok
test (windows-latest, 3.10)	Run regression tests including historical migration	2026-09-26T13:13:21.7878008Z test_cli_returns_real_package_path_and_keeps_unicode_content (test_publish_export.PublishExportTests) ... ok
test (windows-latest, 3.10)	Run regression tests including historical migration	2026-09-26T13:13:22.2001590Z test_concurrent_destination_conflict_preserves_existing_file (test_publish_export.PublishExportTests) ... ok
test (windows-latest, 3.10)	Run regression tests including historical migration	2026-09-26T13:13:22.5592219Z test_external_edit_and_missing_chapter_export_block_material (test_publish_export.PublishExportTests) ... ok
test (windows-latest, 3.10)	Run regression tests including historical migration	2026-09-26T13:13:22.9113517Z test_linked_output_directory_cannot_write_outside_the_book (test_publish_export.PublishExportTests) ... ok
test (windows-latest, 3.10)	Run regression tests including historical migration	2026-09-26T13:13:23.3184662Z test_multichapter_zip_has_exact_frozen_utf8_fields_and_check_receipt (test_publish_export.PublishExportTests) ... ok
test (windows-latest, 3.10)	Run regression tests including historical migration	2026-09-26T13:13:23.7482522Z test_repeated_export_creates_new_path_and_never_changes_previous_package (test_publish_export.PublishExportTests) ... ok
test (windows-latest, 3.10)	Run regression tests including historical migration	2026-09-26T13:13:24.1639293Z test_stale_plan_is_rechecked_but_not_revived_by_export (test_publish_export.PublishExportTests) ... ok
test (windows-latest, 3.10)	Run regression tests including historical migration	2026-09-26T13:13:24.6399938Z test_unchecked_formal_revision_blocks_export_and_persists_stale (test_publish_export.PublishExportTests) ... ok
test (windows-latest, 3.10)	Run regression tests including historical migration	2026-09-26T13:13:25.0662833Z test_valid_zip_with_wrong_body_is_rejected_and_own_stage_is_removed (test_publish_export.PublishExportTests) ... ok
test (windows-latest, 3.10)	Run regression tests including historical migration	2026-09-26T13:13:25.5517845Z test_another_complete_package_from_same_book_cannot_pass_the_expected_plan_id (test_publish_export_verify.PublishExportVerifyTests) ... ok
test (windows-latest, 3.10)	Run regression tests including historical migration	2026-09-26T13:13:25.9346180Z test_changed_formal_body_fails_live_check_without_changing_saved_plan_status (test_publish_export_verify.PublishExportVerifyTests) ... ok
test (windows-latest, 3.10)	Run regression tests including historical migration	2026-09-26T13:13:26.5397144Z test_cli_requires_both_original_plan_id_and_archive_sha (test_publish_export_verify.PublishExportVerifyTests) ... ok
test (windows-latest, 3.10)	Run regression tests including historical migration	2026-09-26T13:13:26.9618005Z test_cli_verifies_a_saved_zip_and_reports_current_source_scope (test_publish_export_verify.PublishExportVerifyTests) ... ok
test (windows-latest, 3.10)	Run regression tests including historical migration	2026-09-26T13:13:27.2287548Z test_corrupt_manifest_deflate_stream_returns_a_structured_error (test_publish_export_verify.PublishExportVerifyTests) ... ok
test (windows-latest, 3.10)	Run regression tests including historical migration	2026-09-26T13:13:27.5218714Z test_crc_valid_guide_and_directory_rewrites_are_rejected (test_publish_export_verify.PublishExportVerifyTests) ... ok
test (windows-latest, 3.10)	Run regression tests including historical migration	2026-09-26T13:13:27.8153746Z test_crc_valid_title_and_body_rewrites_are_rejected (test_publish_export_verify.PublishExportVerifyTests) ... ok
test (windows-latest, 3.10)	Run regression tests including historical migration	2026-09-26T13:13:28.0951009Z test_duplicate_member_and_path_traversal_are_rejected (test_publish_export_verify.PublishExportVerifyTests) ... ok
test (windows-latest, 3.10)	Run regression tests including historical migration	2026-09-26T13:13:28.3382686Z test_export_rejects_material_above_member_limit_without_leaving_a_partial_package (test_publish_export_verify.PublishExportVerifyTests) ... ok
test (windows-latest, 3.10)	Run regression tests including historical migration	2026-09-26T13:13:28.8004313Z test_external_edit_of_formal_export_marks_saved_package_unusable_without_repair (test_publish_export_verify.PublishExportVerifyTests) ... ok
test (windows-latest, 3.10)	Run regression tests including historical migration	2026-09-26T13:13:29.2640259Z test_manifest_and_receipt_cannot_claim_another_book_or_plan (test_publish_export_verify.PublishExportVerifyTests) ... ok
test (windows-latest, 3.10)	Run regression tests including historical migration	2026-09-26T13:13:29.5131675Z test_path_and_handle_ctime_disagreement_does_not_reject_an_unchanged_archive (test_publish_export_verify.PublishExportVerifyTests) ... ok
test (windows-latest, 3.10)	Run regression tests including historical migration	2026-09-26T13:13:29.7982722Z test_required_external_digest_accepts_exact_package_and_rejects_a_mismatch (test_publish_export_verify.PublishExportVerifyTests) ... ok
test (windows-latest, 3.10)	Run regression tests including historical migration	2026-09-26T13:13:30.1076917Z test_saved_package_stays_verifiable_after_cancel_without_reviving_plan (test_publish_export_verify.PublishExportVerifyTests) ... ok
test (windows-latest, 3.10)	Run regression tests including historical migration	2026-09-26T13:13:30.5202712Z test_saved_package_stays_verifiable_after_stale_check_without_reviving_plan (test_publish_export_verify.PublishExportVerifyTests) ... ok
test (windows-latest, 3.10)	Run regression tests including historical migration	2026-09-26T13:13:30.8061795Z test_valid_export_verifies_saved_artifact_and_current_source_without_writing_ledgers (test_publish_export_verify.PublishExportVerifyTests) ... ok
test (windows-latest, 3.10)	Run regression tests including historical migration	2026-09-26T13:13:31.0678900Z test_zip_replaced_with_identical_bytes_after_snapshot_fails_closed (test_publish_export_verify.PublishExportVerifyTests) ... ok
test (windows-latest, 3.10)	Run regression tests including historical migration	2026-09-26T13:13:31.3348153Z test_zip_rewritten_after_snapshot_fails_closed_for_receipt_and_explicit_hash (test_publish_export_verify.PublishExportVerifyTests) ... ok
test (windows-latest, 3.10)	Run regression tests including historical migration	2026-09-26T13:13:31.3349817Z test_external_sqlite_cached_descriptor_requires_close_then_retry (test_publish_paths.PublishingConnectionPathTests) ... skipped 'POSIX SQLite descriptor cache'
test (windows-latest, 3.10)	Run regression tests including historical migration	2026-09-26T13:13:31.3350995Z test_fd_number_reuse_for_actual_database_is_accepted (test_publish_paths.PublishingConnectionPathTests) ... skipped 'POSIX descriptor verification'
test (windows-latest, 3.10)	Run regression tests including historical migration	2026-09-26T13:13:31.6278231Z test_module_queries_from_multiple_book_connections_are_serialized (test_publish_paths.PublishingConnectionPathTests) ... ok
test (windows-latest, 3.10)	Run regression tests including historical migration	2026-09-26T13:13:31.6280374Z test_restored_symlink_cannot_redirect_backup_destination (test_publish_paths.PublishingConnectionPathTests) ... skipped 'POSIX descriptor verification'
test (windows-latest, 3.10)	Run regression tests including historical migration	2026-09-26T13:13:31.6282380Z test_restored_symlink_cannot_redirect_initial_creation (test_publish_paths.PublishingConnectionPathTests) ... skipped 'POSIX descriptor verification'
test (windows-latest, 3.10)	Run regression tests including historical migration	2026-09-26T13:13:31.6284295Z test_restored_symlink_cannot_redirect_read_check_cancel_or_backup (test_publish_paths.PublishingConnectionPathTests) ... skipped 'POSIX descriptor verification'
test (windows-latest, 3.10)	Run regression tests including historical migration	2026-09-26T13:13:31.6286308Z test_unrelated_new_descriptor_does_not_reject_valid_connection (test_publish_paths.PublishingConnectionPathTests) ... skipped 'POSIX descriptor verification'
test (windows-latest, 3.10)	Run regression tests including historical migration	2026-09-26T13:13:31.9069195Z test_windows_database_pin_blocks_replacement_for_connection_lifetime (test_publish_paths.PublishingConnectionPathTests) ... ok
test (windows-latest, 3.10)	Run regression tests including historical migration	2026-09-26T13:13:32.2282760Z test_a_real_receipt_from_another_book_is_rejected (test_publish_receipts.PublishReceiptTests) ... ok
test (windows-latest, 3.10)	Run regression tests including historical migration	2026-09-26T13:13:32.9510113Z test_cli_lists_and_verifies_a_receipt_and_rejects_mixed_verification_modes (test_publish_receipts.PublishReceiptTests) ... ok
test (windows-latest, 3.10)	Run regression tests including historical migration	2026-09-26T13:13:33.2035203Z test_export_saves_a_distinct_bound_receipt_next_to_its_zip (test_publish_receipts.PublishReceiptTests) ... ok
test (windows-latest, 3.10)	Run regression tests including historical migration	2026-09-26T13:13:33.4849318Z test_linked_receipt_and_zip_cannot_redirect_verification (test_publish_receipts.PublishReceiptTests) ... ok
test (windows-latest, 3.10)	Run regression tests including historical migration	2026-09-26T13:13:33.9548213Z test_list_filters_exact_plan_and_does_not_treat_another_export_as_a_replacement (test_publish_receipts.PublishReceiptTests) ... ok
test (windows-latest, 3.10)	Run regression tests including historical migration	2026-09-26T13:13:34.2800137Z test_list_recovers_both_exports_without_selecting_a_latest_one (test_publish_receipts.PublishReceiptTests) ... ok
test (windows-latest, 3.10)	Run regression tests including historical migration	2026-09-26T13:13:34.5399569Z test_listing_reports_a_changed_zip_size_without_claiming_its_hash_was_checked (test_publish_receipts.PublishReceiptTests) ... ok
test (windows-latest, 3.10)	Run regression tests including historical migration	2026-09-26T13:13:34.8339568Z test_lost_terminal_output_can_be_recovered_and_verified_without_retyping_a_hash (test_publish_receipts.PublishReceiptTests) ... ok
test (windows-latest, 3.10)	Run regression tests including historical migration	2026-09-26T13:13:35.6483493Z test_missing_or_altered_receipt_and_modified_zip_are_rejected (test_publish_receipts.PublishReceiptTests) ... ok
test (windows-latest, 3.10)	Run regression tests including historical migration	2026-09-26T13:13:35.9261370Z test_missing_zip_is_visible_in_list_and_rejected_by_verification (test_publish_receipts.PublishReceiptTests) ... ok
test (windows-latest, 3.10)	Run regression tests including historical migration	2026-09-26T13:13:36.2460871Z test_one_corrupt_receipt_does_not_hide_a_separate_valid_export (test_publish_receipts.PublishReceiptTests) ... ok
test (windows-latest, 3.10)	Run regression tests including historical migration	2026-09-26T13:13:36.5119800Z test_receipt_changed_after_read_cannot_return_a_usable_package (test_publish_receipts.PublishReceiptTests) ... ok
test (windows-latest, 3.10)	Run regression tests including historical migration	2026-09-26T13:13:36.9298163Z test_receipt_does_not_claim_that_a_changed_or_cancelled_plan_is_usable (test_publish_receipts.PublishReceiptTests) ... ok
test (windows-latest, 3.10)	Run regression tests including historical migration	2026-09-26T13:13:37.1626639Z test_receipt_publication_conflict_preserves_existing_target_and_fails_closed (test_publish_receipts.PublishReceiptTests) ... ok
test (windows-latest, 3.10)	Run regression tests including historical migration	2026-09-26T13:13:37.4050687Z test_same_bytes_replacement_after_read_cannot_reuse_receipt_identity (test_publish_receipts.PublishReceiptTests) ... ok
test (windows-latest, 3.10)	Run regression tests including historical migration	2026-09-26T13:13:37.6397824Z test_zip_rewritten_during_receipt_publication_cannot_report_a_successful_export (test_publish_receipts.PublishReceiptTests) ... ok
test (windows-latest, 3.10)	Run regression tests including historical migration	2026-09-26T13:13:37.8406319Z test_boolean_schema_version_is_not_an_integer_version (test_publish_validation.PublishValidationTests) ... ok
test (windows-latest, 3.10)	Run regression tests including historical migration	2026-09-26T13:13:38.0244803Z test_chapter_range_must_be_nonempty_ordered_and_consecutive (test_publish_validation.PublishValidationTests) ... ok
test (windows-latest, 3.10)	Run regression tests including historical migration	2026-09-26T13:13:38.3247397Z test_early_global_unique_schema_is_precisely_rejected_without_migration (test_publish_validation.PublishValidationTests) ... ok
test (windows-latest, 3.10)	Run regression tests including historical migration	2026-09-26T13:13:38.5842769Z test_empty_and_incomplete_chapters_fail_with_story_error_before_use (test_publish_validation.PublishValidationTests) ... ok
test (windows-latest, 3.10)	Run regression tests including historical migration	2026-09-26T13:13:38.9286724Z test_equivalent_partial_index_schema_remains_readable_and_reusable (test_publish_validation.PublishValidationTests) ... ok
test (windows-latest, 3.10)	Run regression tests including historical migration	2026-09-26T13:13:39.2751700Z test_historical_frozen_proofs_remain_readable_after_live_revision (test_publish_validation.PublishValidationTests) ... ok
test (windows-latest, 3.10)	Run regression tests including historical migration	2026-09-26T13:13:39.5652119Z test_named_global_unique_index_also_reports_schema_mismatch (test_publish_validation.PublishValidationTests) ... ok
test (windows-latest, 3.10)	Run regression tests including historical migration	2026-09-26T13:13:39.7485810Z test_required_chapter_proofs_cannot_be_omitted_or_mistyped (test_publish_validation.PublishValidationTests) ... ok
test (windows-latest, 3.10)	Run regression tests including historical migration	2026-09-26T13:13:39.9441116Z test_required_manifest_fields_and_types_are_checked_beyond_outer_digest (test_publish_validation.PublishValidationTests) ... ok
test (windows-latest, 3.10)	Run regression tests including historical migration	2026-09-26T13:13:40.1277203Z test_status_timestamps_and_reason_shapes_do_not_raise_raw_errors (test_publish_validation.PublishValidationTests) ... ok
test (windows-latest, 3.10)	Run regression tests including historical migration	2026-09-26T13:13:40.3109175Z test_unchanged_body_conversion_checks_original_body_proof (test_publish_validation.PublishValidationTests) ... ok
test (windows-latest, 3.10)	Run regression tests including historical migration	2026-09-26T13:13:40.4812273Z test_upload_content_must_match_its_own_digest (test_publish_validation.PublishValidationTests) ... ok
test (windows-latest, 3.10)	Run regression tests including historical migration	2026-09-26T13:13:40.8153738Z test_valid_schema_one_supports_crlf_non_bmp_and_optional_metadata (test_publish_validation.PublishValidationTests) ... ok
test (windows-latest, 3.10)	Run regression tests including historical migration	2026-09-26T13:13:41.0475776Z test_wrong_book_manifest_is_rejected_by_every_existing_ledger_reader (test_publish_validation.PublishValidationTests) ... ok
test (windows-latest, 3.10)	Run regression tests including historical migration	2026-09-26T13:13:44.3361494Z test_cli_summary_prepare_pages_and_one_complete_chapter_use_default_budgets (test_publish_views.PublishViewTests) ... ok
test (windows-latest, 3.10)	Run regression tests including historical migration	2026-09-26T13:13:44.9395540Z test_invalid_views_and_chapters_outside_the_frozen_selection_are_rejected (test_publish_views.PublishViewTests) ... ok
test (windows-latest, 3.10)	Run regression tests including historical migration	2026-09-26T13:13:47.5763625Z test_low_budgets_reject_every_view_without_returning_truncated_prose (test_publish_views.PublishViewTests) ... ok
test (windows-latest, 3.10)	Run regression tests including historical migration	2026-09-26T13:13:48.3590243Z test_stale_and_cancelled_views_keep_old_bodies_without_claiming_a_fresh_source_check (test_publish_views.PublishViewTests) ... ok
test (windows-latest, 3.10)	Run regression tests including historical migration	2026-09-26T13:13:50.8992298Z test_summary_prepare_and_legacy_full_prepare_share_one_complete_snapshot (test_publish_views.PublishViewTests) ... ok
test (windows-latest, 3.10)	Run regression tests including historical migration	2026-09-26T13:13:53.4592148Z test_twelve_normal_size_chapters_page_once_each_and_single_chapter_fits_default_budget (test_publish_views.PublishViewTests) ... ok
test (windows-latest, 3.10)	Run regression tests including historical migration	2026-09-26T13:13:53.9194724Z test_adopt_returns_baseline_receipt_when_locked_after_commit (test_receipt_lock.ReceiptLockTests) ... ok
test (windows-latest, 3.10)	Run regression tests including historical migration	2026-09-26T13:13:54.3646691Z test_commit_returns_durable_receipt_when_locked_immediately_after_commit (test_receipt_lock.ReceiptLockTests) ... ok
test (windows-latest, 3.10)	Run regression tests including historical migration	2026-09-26T13:13:54.5747135Z test_other_write_receipts_do_not_read_sql_after_commit (test_receipt_lock.ReceiptLockTests) ... ok
test (windows-latest, 3.10)	Run regression tests including historical migration	2026-09-26T13:13:55.1960523Z test_reconcile_keeps_hash_and_cards_when_locked_after_commit (test_receipt_lock.ReceiptLockTests) ... ok
test (windows-latest, 3.10)	Run regression tests including historical migration	2026-09-26T13:13:55.7515747Z test_sql_failure_rolls_back_without_returning_a_durable_receipt (test_receipt_lock.ReceiptLockTests) ... ok
test (windows-latest, 3.10)	Run regression tests including historical migration	2026-09-26T13:13:55.9787705Z test_editor_save_after_packet_rejects_stale_external_hash (test_reconcile.ReconcileTests) ... ok
test (windows-latest, 3.10)	Run regression tests including historical migration	2026-09-26T13:13:56.3894136Z test_later_card_edit_routes_revision_and_external_edit_to_history (test_reconcile.ReconcileTests) ... ok
test (windows-latest, 3.10)	Run regression tests including historical migration	2026-09-26T13:13:56.6418743Z test_missing_or_wrong_external_hash_cannot_authorize_overwrite (test_reconcile.ReconcileTests) ... ok
test (windows-latest, 3.10)	Run regression tests including historical migration	2026-09-26T13:13:56.9662294Z test_other_chapter_drift_blocks_reconcile_packet_and_submission (test_reconcile.ReconcileTests) ... ok
test (windows-latest, 3.10)	Run regression tests including historical migration	2026-09-26T13:13:57.3317855Z test_pending_export_blocks_reconcile_packet_and_submission (test_reconcile.ReconcileTests) ... ok
test (windows-latest, 3.10)	Run regression tests including historical migration	2026-09-26T13:13:57.6603729Z test_reconcile_cannot_replace_imported_latest_chapter (test_reconcile.ReconcileTests) ... ok
test (windows-latest, 3.10)	Run regression tests including historical migration	2026-09-26T13:13:57.9990412Z test_reconcile_cannot_replace_older_chapter (test_reconcile.ReconcileTests) ... ok
test (windows-latest, 3.10)	Run regression tests including historical migration	2026-09-26T13:13:58.3434384Z test_reconcile_packet_commit_card_rollback_and_idempotent_retry (test_reconcile.ReconcileTests) ... ok
test (windows-latest, 3.10)	Run regression tests including historical migration	2026-09-26T13:13:58.6015427Z test_reconcile_rejects_state_revision_changed_after_packet (test_reconcile.ReconcileTests) ... ok
test (windows-latest, 3.10)	Run regression tests including historical migration	2026-09-26T13:13:58.8117750Z test_reconcile_still_enforces_lint_and_exact_draft_review (test_reconcile.ReconcileTests) ... ok
test (windows-latest, 3.10)	Run regression tests including historical migration	2026-09-26T13:13:59.0996293Z test_atomic_replace_failure_keeps_committed_revision_recoverable (test_recovery_regressions.RecoveryRegressionTests) ... ok
test (windows-latest, 3.10)	Run regression tests including historical migration	2026-09-26T13:13:59.3923207Z test_edit_after_export_preflight_is_preserved_and_reported (test_recovery_regressions.RecoveryRegressionTests) ... ok
test (windows-latest, 3.10)	Run regression tests including historical migration	2026-09-26T13:13:59.6251255Z test_edit_at_displacement_is_restored_and_backed_up (test_recovery_regressions.RecoveryRegressionTests) ... ok
test (windows-latest, 3.10)	Run regression tests including historical migration	2026-09-26T13:13:59.9266506Z test_edit_of_previous_chapter_during_later_export_is_reported (test_recovery_regressions.RecoveryRegressionTests) ... ok
test (windows-latest, 3.10)	Run regression tests including historical migration	2026-09-26T13:14:00.1842527Z test_editor_recreates_path_during_publication_is_not_overwritten (test_recovery_regressions.RecoveryRegressionTests) ... ok
test (windows-latest, 3.10)	Run regression tests including historical migration	2026-09-26T13:14:00.2654213Z test_existing_backup_is_never_overwritten_or_displaces_target (test_recovery_regressions.RecoveryRegressionTests) ... ok
test (windows-latest, 3.10)	Run regression tests including historical migration	2026-09-26T13:14:00.5349378Z test_publication_failure_restores_previous_file_and_allows_retry (test_recovery_regressions.RecoveryRegressionTests) ... ok
test (windows-latest, 3.10)	Run regression tests including historical migration	2026-09-26T13:14:00.7781529Z test_sqlite_lock_after_commit_returns_durable_receipt_and_recovers (test_recovery_regressions.RecoveryRegressionTests) ... ok
test (windows-latest, 3.10)	Run regression tests including historical migration	2026-09-26T13:14:00.8136269Z test_defaults_follow_runtime_version_and_keep_previous_report (test_release_probes.ProbeOutputTests) ... ok
test (windows-latest, 3.10)	Run regression tests including historical migration	2026-09-26T13:14:00.8342780Z test_explicit_output_does_not_create_default_directory (test_release_probes.ProbeOutputTests) ... ok
test (windows-latest, 3.10)	Run regression tests including historical migration	2026-09-26T13:14:00.8692375Z test_failed_default_run_preserves_current_success (test_release_probes.ProbeOutputTests) ... ok
test (windows-latest, 3.10)	Run regression tests including historical migration	2026-09-26T13:14:00.8706943Z test_changed_schema1_runtime_is_rejected_before_execution (test_release_probes.ReleaseProbeTests) ... ok
test (windows-latest, 3.10)	Run regression tests including historical migration	2026-09-26T13:14:02.9556144Z test_current_suite_upgrade_probe_preserves_book_and_backup (test_release_probes.ReleaseProbeTests) ... ok
test (windows-latest, 3.10)	Run regression tests including historical migration	2026-09-26T13:14:04.1943178Z test_generated_schema1_books_cover_native_baseline_and_analysis_rollback (test_release_probes.ReleaseProbeTests) ... ok
test (windows-latest, 3.10)	Run regression tests including historical migration	2026-09-26T13:14:04.2105108Z test_missing_retained_database_is_not_reported_as_success (test_release_probes.ReleaseProbeTests) ... ok
test (windows-latest, 3.10)	Run regression tests including historical migration	2026-09-26T13:14:04.2107032Z test_atomic_displacement_source_parent_swap_preserves_outside_inode (test_retirement_path_race.RetirementPathRaceTests) ... skipped 'POSIX permits swapping an open parent directory'
test (windows-latest, 3.10)	Run regression tests including historical migration	2026-09-26T13:14:04.2109168Z test_empty_outside_parent_cannot_hide_a_retired_chapter_after_preflight (test_retirement_path_race.RetirementPathRaceTests) ... skipped 'Requires a directory symlink'
test (windows-latest, 3.10)	Run regression tests including historical migration	2026-09-26T13:14:04.2111345Z test_first_publication_parent_swap_cannot_create_outside_chapter (test_retirement_path_race.RetirementPathRaceTests) ... skipped 'POSIX permits swapping an open parent directory'
test (windows-latest, 3.10)	Run regression tests including historical migration	2026-09-26T13:14:04.2113637Z test_retirement_backup_parent_swap_cannot_write_into_outside_directory (test_retirement_path_race.RetirementPathRaceTests) ... skipped 'POSIX permits swapping an open parent directory'
test (windows-latest, 3.10)	Run regression tests including historical migration	2026-09-26T13:14:04.2115909Z test_retirement_source_parent_swap_cannot_displace_identical_outside_file (test_retirement_path_race.RetirementPathRaceTests) ... skipped 'POSIX permits swapping an open parent directory'
test (windows-latest, 3.10)	Run regression tests including historical migration	2026-09-26T13:14:04.2489382Z test_unsupported_directory_binding_keeps_original_untouched (test_retirement_path_race.RetirementPathRaceTests) ... skipped 'POSIX capability fallback'
test (windows-latest, 3.10)	Run regression tests including historical migration	2026-09-26T13:14:04.3004246Z test_windows_parent_pin_blocks_rename_but_allows_child_publication (test_retirement_path_race.RetirementPathRaceTests) ... ok
test (windows-latest, 3.10)	Run regression tests including historical migration	2026-09-26T13:14:04.7426247Z test_acknowledgement_failure_recovers_without_false_external_conflict (test_short_assembly.ShortAssemblyTests) ... ok
test (windows-latest, 3.10)	Run regression tests including historical migration	2026-09-26T13:14:07.1750356Z test_all_heading_line_separators_preserve_the_entire_body (test_short_assembly.ShortAssemblyTests) ... ok
test (windows-latest, 3.10)	Run regression tests including historical migration	2026-09-26T13:14:07.7641108Z test_final_cli_creates_complete_plain_text_by_book_title (test_short_assembly.ShortAssemblyTests) ... ok
test (windows-latest, 3.10)	Run regression tests including historical migration	2026-09-26T13:14:08.1614299Z test_incomplete_or_unresolved_chapters_do_not_create_file (test_short_assembly.ShortAssemblyTests) ... ok
test (windows-latest, 3.10)	Run regression tests including historical migration	2026-09-26T13:14:08.5638755Z test_legacy_metadata_only_copy_is_registered_or_preserved_safely (test_short_assembly.ShortAssemblyTests) ... ok
test (windows-latest, 3.10)	Run regression tests including historical migration	2026-09-26T13:14:08.6327520Z test_long_book_is_rejected (test_short_assembly.ShortAssemblyTests) ... ok
test (windows-latest, 3.10)	Run regression tests including historical migration	2026-09-26T13:14:08.9671364Z test_metadata_failure_cannot_leave_an_unregistered_output (test_short_assembly.ShortAssemblyTests) ... ok
test (windows-latest, 3.10)	Run regression tests including historical migration	2026-09-26T13:14:09.2537526Z test_missing_copy_is_reported_and_export_restores_it (test_short_assembly.ShortAssemblyTests) ... ok
test (windows-latest, 3.10)	Run regression tests including historical migration	2026-09-26T13:14:09.5854671Z test_previous_title_line_format_is_stale_and_reassembled_with_backup (test_short_assembly.ShortAssemblyTests) ... ok
test (windows-latest, 3.10)	Run regression tests including historical migration	2026-09-26T13:14:09.8396270Z test_publication_failure_keeps_durable_recovery_content (test_short_assembly.ShortAssemblyTests) ... ok
test (windows-latest, 3.10)	Run regression tests including historical migration	2026-09-26T13:14:10.4061269Z test_revision_reassembles_with_backup_but_preserves_external_edit (test_short_assembly.ShortAssemblyTests) ... ok
test (windows-latest, 3.10)	Run regression tests including historical migration	2026-09-26T13:14:10.6827543Z test_safe_export_preserves_external_edit_to_legacy_copy (test_short_assembly.ShortAssemblyTests) ... ok
test (windows-latest, 3.10)	Run regression tests including historical migration	2026-09-26T13:14:10.9342177Z test_safe_export_repairs_chapters_without_overwriting_edited_copy (test_short_assembly.ShortAssemblyTests) ... ok
test (windows-latest, 3.10)	Run regression tests including historical migration	2026-09-26T13:14:11.2682423Z test_safe_export_upgrades_legacy_copy_with_backup (test_short_assembly.ShortAssemblyTests) ... ok
test (windows-latest, 3.10)	Run regression tests including historical migration	2026-09-26T13:14:11.6871782Z test_stale_copy_is_read_only_visible_and_recovers_after_reopening (test_short_assembly.ShortAssemblyTests) ... ok
test (windows-latest, 3.10)	Run regression tests including historical migration	2026-09-26T13:14:12.1598268Z test_unrelated_plan_changes_and_added_chapters_do_not_block_writing (test_short_assembly.ShortAssemblyTests) ... ok
test (windows-latest, 3.10)	Run regression tests including historical migration	2026-09-26T13:14:12.8897610Z test_earlier_chapter_history_publish_updates_text_and_renamed_heading (test_short_assembly_history.ShortAssemblyHistoryTests) ... ok
test (windows-latest, 3.10)	Run regression tests including historical migration	2026-09-26T13:14:13.5153646Z test_latest_chapter_reconcile_refreshes_combined_copy_after_review (test_short_assembly_history.ShortAssemblyHistoryTests) ... ok
test (windows-latest, 3.10)	Run regression tests including historical migration	2026-09-26T13:14:13.9611154Z test_existing_registered_path_is_authoritative_for_revision_and_recovery (test_short_assembly_names.ShortAssemblyNameTests) ... ok
test (windows-latest, 3.10)	Run regression tests including historical migration	2026-09-26T13:14:14.0754704Z test_long_names_with_the_same_prefix_have_distinct_stable_suffixes (test_short_assembly_names.ShortAssemblyNameTests) ... ok
test (windows-latest, 3.10)	Run regression tests including historical migration	2026-09-26T13:14:19.9195051Z test_portable_name_is_visible_and_full_title_remains_in_metadata (test_short_assembly_names.ShortAssemblyNameTests) ... ok
test (windows-latest, 3.10)	Run regression tests including historical migration	2026-09-26T13:14:20.0804436Z test_sanitized_name_collision_preserves_the_preexisting_file (test_short_assembly_names.ShortAssemblyNameTests) ... ok
test (windows-latest, 3.10)	Run regression tests including historical migration	2026-09-26T13:14:20.3412736Z test_unmapped_old_book_is_recoverable_without_metadata_reinitialization (test_short_assembly_names.ShortAssemblyNameTests) ... ok
test (windows-latest, 3.10)	Run regression tests including historical migration	2026-09-26T13:14:20.5419800Z test_context_keeps_global_hard_rule_without_extra_plan_fields (test_skill_audit_fixes.SkillAuditBookTests) ... ok
test (windows-latest, 3.10)	Run regression tests including historical migration	2026-09-26T13:14:20.7625091Z test_local_status_does_not_mix_old_health_with_new_publication (test_skill_audit_fixes.SkillAuditBookTests) ... ok
test (windows-latest, 3.10)	Run regression tests including historical migration	2026-09-26T13:14:20.9620953Z test_prepare_checks_global_rule_without_extra_plan_fields (test_skill_audit_fixes.SkillAuditBookTests) ... ok
test (windows-latest, 3.10)	Run regression tests including historical migration	2026-09-26T13:14:21.2018208Z test_strict_status_does_not_mix_old_health_with_new_publication (test_skill_audit_fixes.SkillAuditBookTests) ... ok
test (windows-latest, 3.10)	Run regression tests including historical migration	2026-09-26T13:14:21.2915144Z test_unpublished_global_rule_stays_planned_and_is_checked (test_skill_audit_fixes.SkillAuditBookTests) ... ok
test (windows-latest, 3.10)	Run regression tests including historical migration	2026-09-26T13:14:21.5063630Z test_world_check_identifies_its_read_version_and_honors_budget (test_skill_audit_fixes.SkillAuditBookTests) ... ok
test (windows-latest, 3.10)	Run regression tests including historical migration	2026-09-26T13:14:21.7880394Z test_world_check_keeps_plan_and_evidence_in_one_snapshot (test_skill_audit_fixes.SkillAuditBookTests) ... ok
test (windows-latest, 3.10)	Run regression tests including historical migration	2026-09-26T13:14:21.7884577Z test_hashes_without_valid_closing_syntax_remain_content (test_skill_audit_fixes.TitleClosingMarkerTests) ... ok
test (windows-latest, 3.10)	Run regression tests including historical migration	2026-09-26T13:14:21.7887207Z test_optional_closing_markers_do_not_count_as_title_text (test_skill_audit_fixes.TitleClosingMarkerTests) ... ok
test (windows-latest, 3.10)	Run regression tests including historical migration	2026-09-26T13:14:21.7889325Z test_title_count_option_controls_length_gate_without_marker_characters (test_skill_audit_fixes.TitleClosingMarkerTests) ... ok
test (windows-latest, 3.10)	Run regression tests including historical migration	2026-09-26T13:14:21.9910604Z test_adopt_preserves_source_and_does_not_fabricate_history (test_story.StoryTests) ... ok
test (windows-latest, 3.10)	Run regression tests including historical migration	2026-09-26T13:14:22.1205082Z test_analysis_budget_fails_without_skipping_pending_chunk (test_story.StoryTests) ... ok
test (windows-latest, 3.10)	Run regression tests including historical migration	2026-09-26T13:14:22.4355711Z test_atomic_export_failure_after_replace_can_retry (test_story.StoryTests) ... ok
test (windows-latest, 3.10)	Run regression tests including historical migration	2026-09-26T13:14:22.5641176Z test_blockers_and_length_fail_before_state_mutation (test_story.StoryTests) ... ok
test (windows-latest, 3.10)	Run regression tests including historical migration	2026-09-26T13:14:22.8982352Z test_cannot_skip_chapter_or_replace_earlier_history (test_story.StoryTests) ... ok
test (windows-latest, 3.10)	Run regression tests including historical migration	2026-09-26T13:14:23.0094890Z test_card_change_and_chapter_commit_are_atomic (test_story.StoryTests) ... ok
test (windows-latest, 3.10)	Run regression tests including historical migration	2026-09-26T13:14:23.1678928Z test_chunking_preserves_every_character_and_bonus_titles (test_story.StoryTests) ... ok
test (windows-latest, 3.10)	Run regression tests including historical migration	2026-09-26T13:14:23.5708033Z test_cli_unicode_input_and_template_array (test_story.StoryTests) ... ok
test (windows-latest, 3.10)	Run regression tests including historical migration	2026-09-26T13:14:23.7856430Z test_commit_retry_is_idempotent_and_exported (test_story.StoryTests) ... ok
test (windows-latest, 3.10)	Run regression tests including historical migration	2026-09-26T13:14:24.1400052Z test_completed_partial_source_is_not_reported_as_whole_book (test_story.StoryTests) ... ok
test (windows-latest, 3.10)	Run regression tests including historical migration	2026-09-26T13:14:24.2420837Z test_context_fails_instead_of_truncating_required_constraints (test_story.StoryTests) ... ok
test (windows-latest, 3.10)	Run regression tests including historical migration	2026-09-26T13:14:24.3978168Z test_context_pins_critical_explicit_and_due_cards (test_story.StoryTests) ... ok
test (windows-latest, 3.10)	Run regression tests including historical migration	2026-09-26T13:14:24.6339886Z test_crlf_draft_hash_matches_lint_and_export_bytes (test_story.StoryTests) ... ok
test (windows-latest, 3.10)	Run regression tests including historical migration	2026-09-26T13:14:24.8220441Z test_cross_book_delta_rejected (test_story.StoryTests) ... ok
test (windows-latest, 3.10)	Run regression tests including historical migration	2026-09-26T13:14:25.0259361Z test_export_failure_preserves_commit_and_can_recover (test_story.StoryTests) ... ok
test (windows-latest, 3.10)	Run regression tests including historical migration	2026-09-26T13:14:25.3571018Z test_ingest_and_record_resume_idempotently (test_story.StoryTests) ... ok
test (windows-latest, 3.10)	Run regression tests including historical migration	2026-09-26T13:14:25.4585367Z test_input_placeholders_and_invalid_range (test_story.StoryTests) ... ok
test (windows-latest, 3.10)	Run regression tests including historical migration	2026-09-26T13:14:25.5567655Z test_missing_book_read_does_not_create_files (test_story.StoryTests) ... ok
test (windows-latest, 3.10)	Run regression tests including historical migration	2026-09-26T13:14:25.7047526Z test_missing_required_card_is_not_silently_skipped (test_story.StoryTests) ... ok
test (windows-latest, 3.10)	Run regression tests including historical migration	2026-09-26T13:14:25.8998616Z test_new_session_can_discover_source_id_and_resume_without_chat_history (test_story.StoryTests) ... ok
test (windows-latest, 3.10)	Run regression tests including historical migration	2026-09-26T13:14:25.9969842Z test_no_heading_and_long_single_line_are_lossless (test_story.StoryTests) ... ok
test (windows-latest, 3.10)	Run regression tests including historical migration	2026-09-26T13:14:26.2091981Z test_optional_context_stays_bounded_and_deterministic (test_story.StoryTests) ... ok
test (windows-latest, 3.10)	Run regression tests including historical migration	2026-09-26T13:14:26.4140617Z test_outside_edits_after_commit_are_visible_and_block_continuation (test_story.StoryTests) ... ok
test (windows-latest, 3.10)	Run regression tests including historical migration	2026-09-26T13:14:26.5093759Z test_outside_edits_are_never_overwritten (test_story.StoryTests) ... ok
test (windows-latest, 3.10)	Run regression tests including historical migration	2026-09-26T13:14:26.7846523Z test_parallel_identical_submissions_only_commit_once (test_story.StoryTests) ... ok
test (windows-latest, 3.10)	Run regression tests including historical migration	2026-09-26T13:14:26.9197303Z test_path_escape_and_linked_managed_directory (test_story.StoryTests) ... ok
test (windows-latest, 3.10)	Run regression tests including historical migration	2026-09-26T13:14:27.1073986Z test_recall_output_is_bounded (test_story.StoryTests) ... ok
test (windows-latest, 3.10)	Run regression tests including historical migration	2026-09-26T13:14:27.2031625Z test_reinitialization_never_overwrites (test_story.StoryTests) ... ok
test (windows-latest, 3.10)	Run regression tests including historical migration	2026-09-26T13:14:27.4489340Z test_replace_detects_intervening_card_edit (test_story.StoryTests) ... ok
test (windows-latest, 3.10)	Run regression tests including historical migration	2026-09-26T13:14:27.8394611Z test_replace_last_restores_removed_changes_and_keeps_history (test_story.StoryTests) ... ok
test (windows-latest, 3.10)	Run regression tests including historical migration	2026-09-26T13:14:27.9766642Z test_source_read_uses_exact_offsets_and_budget (test_story.StoryTests) ... ok
test (windows-latest, 3.10)	Run regression tests including historical migration	2026-09-26T13:14:28.0806048Z test_stale_review_and_fabricated_evidence_rejected (test_story.StoryTests) ... ok
test (windows-latest, 3.10)	Run regression tests including historical migration	2026-09-26T13:14:28.2070756Z test_stale_state_requires_rechecking (test_story.StoryTests) ... ok
test (windows-latest, 3.10)	Run regression tests including historical migration	2026-09-26T13:14:28.3016595Z test_unicode_length_contract (test_story.StoryTests) ... ok
test (windows-latest, 3.10)	Run regression tests including historical migration	2026-09-26T13:14:28.4427538Z test_wrong_analysis_hash_quote_and_incomplete_report (test_story.StoryTests) ... ok
test (windows-latest, 3.10)	Run regression tests including historical migration	2026-09-26T13:14:28.4465221Z test_current_download_rejects_wrong_scope_or_repository_before_fetching_tarball (test_sync_packages.PackageSyncTests) ... ok
test (windows-latest, 3.10)	Run regression tests including historical migration	2026-09-26T13:14:28.4529759Z test_existing_different_payload_is_never_overwritten (test_sync_packages.PackageSyncTests) ... ok
test (windows-latest, 3.10)	Run regression tests including historical migration	2026-09-26T13:14:28.4590001Z test_existing_matching_version_is_verified_without_republishing (test_sync_packages.PackageSyncTests) ... ok
test (windows-latest, 3.10)	Run regression tests including historical migration	2026-09-26T13:14:28.4665778Z test_failed_authentication_never_treats_package_as_absent (test_sync_packages.PackageSyncTests) ... ok
test (windows-latest, 3.10)	Run regression tests including historical migration	2026-09-26T13:14:28.4743332Z test_foreign_repository_stops_before_network_or_publication (test_sync_packages.PackageSyncTests) ... ok
test (windows-latest, 3.10)	Run regression tests including historical migration	2026-09-26T13:14:28.4775628Z test_invalid_tag_stops_before_network_or_build (test_sync_packages.PackageSyncTests) ... ok
test (windows-latest, 3.10)	Run regression tests including historical migration	2026-09-26T13:14:28.4844072Z test_prepare_only_never_reads_or_writes_registry (test_sync_packages.PackageSyncTests) ... ok
test (windows-latest, 3.10)	Run regression tests including historical migration	2026-09-26T13:14:28.4889906Z test_prior_release_family_is_rejected_before_network (test_sync_packages.PackageSyncTests) ... ok
test (windows-latest, 3.10)	Run regression tests including historical migration	2026-09-26T13:14:28.4975828Z test_publish_timeout_also_reads_back_without_a_second_publish (test_sync_packages.PackageSyncTests) ... ok
test (windows-latest, 3.10)	Run regression tests including historical migration	2026-09-26T13:14:28.5013412Z test_redirect_removes_registry_credential_from_signed_asset_host (test_sync_packages.PackageSyncTests) ... ok
test (windows-latest, 3.10)	Run regression tests including historical migration	2026-09-26T13:14:28.5045641Z test_registry_query_uses_current_scope_and_host_bound_credential (test_sync_packages.PackageSyncTests) ... ok
test (windows-latest, 3.10)	Run regression tests including historical migration	2026-09-26T13:14:28.6735740Z test_runtime_smoke_installs_all_suite_dependencies_before_execution (test_sync_packages.PackageSyncTests) ... ok
test (windows-latest, 3.10)	Run regression tests including historical migration	2026-09-26T13:14:28.8259367Z test_runtime_smoke_preserves_published_v060_38_file_contract (test_sync_packages.PackageSyncTests) ... ok
test (windows-latest, 3.10)	Run regression tests including historical migration	2026-09-26T13:14:28.9582331Z test_runtime_smoke_rejects_broken_sibling_link_before_execution (test_sync_packages.PackageSyncTests) ... ok
test (windows-latest, 3.10)	Run regression tests including historical migration	2026-09-26T13:14:29.0459406Z test_runtime_smoke_rejects_partial_suite_before_execution (test_sync_packages.PackageSyncTests) ... ok
test (windows-latest, 3.10)	Run regression tests including historical migration	2026-09-26T13:14:29.0523293Z test_uncertain_publish_reads_back_without_a_second_publish (test_sync_packages.PackageSyncTests) ... ok
test (windows-latest, 3.10)	Run regression tests including historical migration	2026-09-26T13:14:29.0580986Z test_wrong_built_identity_stops_before_registry_access (test_sync_packages.PackageSyncTests) ... ok
test (windows-latest, 3.10)	Run regression tests including historical migration	2026-09-26T13:14:29.0618010Z test_changed_candidate_inputs_are_rejected (test_verify.BenchmarkContractTests) ... ok
test (windows-latest, 3.10)	Run regression tests including historical migration	2026-09-26T13:14:29.0721407Z test_changed_configuration_metadata_is_rejected (test_verify.BenchmarkContractTests) ... ok
test (windows-latest, 3.10)	Run regression tests including historical migration	2026-09-26T13:14:29.0776973Z test_changed_upstream_inputs_cannot_validate_an_old_report (test_verify.BenchmarkContractTests) ... ok
test (windows-latest, 3.10)	Run regression tests including historical migration	2026-09-26T13:14:29.0838833Z test_duplicate_input_paths_and_reordered_profiles_are_rejected (test_verify.BenchmarkContractTests) ... ok
test (windows-latest, 3.10)	Run regression tests including historical migration	2026-09-26T13:14:29.0904244Z test_inconsistent_totals_and_reduction_cannot_be_reported_as_passed (test_verify.BenchmarkContractTests) ... ok
test (windows-latest, 3.10)	Run regression tests including historical migration	2026-09-26T13:14:29.0943172Z test_matching_lists_metadata_hashes_and_arithmetic_pass (test_verify.BenchmarkContractTests) ... ok
test (windows-latest, 3.10)	Run regression tests including historical migration	2026-09-26T13:14:29.0946617Z test_all_skipped_tests_cannot_be_reported_as_passed (test_verify.VerificationEvidenceTests) ... ok
test (windows-latest, 3.10)	Run regression tests including historical migration	2026-09-26T13:14:29.1004516Z test_archive_accepts_regular_and_unspecified_member_types (test_verify.VerificationEvidenceTests) ... ok
test (windows-latest, 3.10)	Run regression tests including historical migration	2026-09-26T13:14:29.1093905Z test_archive_rejects_special_members_even_when_names_and_bytes_match (test_verify.VerificationEvidenceTests) ... ok
test (windows-latest, 3.10)	Run regression tests including historical migration	2026-09-26T13:14:29.1121257Z test_archive_validation_covers_specialized_skill_bytes (test_verify.VerificationEvidenceTests) ... ok
test (windows-latest, 3.10)	Run regression tests including historical migration	2026-09-26T13:14:29.1132758Z test_counts_come_from_real_callbacks_including_failed_subtests (test_verify.VerificationEvidenceTests) ... ok
test (windows-latest, 3.10)	Run regression tests including historical migration	2026-09-26T13:14:29.1163864Z test_default_archive_matches_canonical_version_even_if_other_versions_exist (test_verify.VerificationEvidenceTests) ... ok
test (windows-latest, 3.10)	Run regression tests including historical migration	2026-09-26T13:14:29.1165397Z test_empty_suite_cannot_be_reported_as_passed (test_verify.VerificationEvidenceTests) ... ok
test (windows-latest, 3.10)	Run regression tests including historical migration	2026-09-26T13:14:29.1209913Z test_failure_report_preserves_existing_success_evidence (test_verify.VerificationEvidenceTests) ... ok
test (windows-latest, 3.10)	Run regression tests including historical migration	2026-09-26T13:14:29.1234016Z test_linked_parent_cannot_redirect_report_outside_requested_directory (test_verify.VerificationEvidenceTests) ... ok
test (windows-latest, 3.10)	Run regression tests including historical migration	2026-09-26T13:14:29.1280740Z test_links_are_checked_in_specialized_skills (test_verify.VerificationEvidenceTests) ... ok
test (windows-latest, 3.10)	Run regression tests including historical migration	2026-09-26T13:14:29.1297285Z test_reparse_point_output_is_rejected_before_writing (test_verify.VerificationEvidenceTests) ... ok
test (windows-latest, 3.10)	Run regression tests including historical migration	2026-09-26T13:14:29.1434553Z test_default_output_uses_runtime_version_without_overwriting_other_releases (test_verify.VersionedEvidenceTests) ... ok
test (windows-latest, 3.10)	Run regression tests including historical migration	2026-09-26T13:14:29.1510738Z test_explicit_output_is_honored_without_creating_default_directory (test_verify.VersionedEvidenceTests) ... ok
test (windows-latest, 3.10)	Run regression tests including historical migration	2026-09-26T13:14:29.1585619Z test_missing_current_probes_do_not_fall_back_to_a_previous_release (test_verify.VersionedEvidenceTests) ... ok
test (windows-latest, 3.10)	Run regression tests including historical migration	2026-09-26T13:14:29.1705480Z test_probes_follow_runtime_version_and_keep_exact_hash_binding (test_verify.VersionedEvidenceTests) ... ok
test (windows-latest, 3.10)	Run regression tests including historical migration	2026-09-26T13:14:29.4553597Z test_external_case_only_folder_rename_cannot_register_a_second_volume_spelling (test_volume_consistency.VolumeConsistencyTests) ... ok
test (windows-latest, 3.10)	Run regression tests including historical migration	2026-09-26T13:14:29.6635226Z test_latest_revision_cannot_rebind_existing_volume_identity (test_volume_consistency.VolumeConsistencyTests) ... ok
test (windows-latest, 3.10)	Run regression tests including historical migration	2026-09-26T13:14:30.2623797Z test_legacy_historical_plan_cannot_reset_current_volume_binding (test_volume_consistency.VolumeConsistencyTests) ... ok
test (windows-latest, 3.10)	Run regression tests including historical migration	2026-09-26T13:14:30.5330837Z test_new_chapter_cannot_adopt_a_hard_link_to_another_chapter (test_volume_consistency.VolumeConsistencyTests) ... ok
test (windows-latest, 3.10)	Run regression tests including historical migration	2026-09-26T13:14:30.7261977Z test_new_chapter_rejects_case_alias_of_registered_volume_directory (test_volume_consistency.VolumeConsistencyTests) ... ok
test (windows-latest, 3.10)	Run regression tests including historical migration	2026-09-26T13:14:30.9080202Z test_new_chapter_rejects_unicode_alias_of_registered_volume_directory (test_volume_consistency.VolumeConsistencyTests) ... skipped 'Filesystem keeps these directory names distinct'
test (windows-latest, 3.10)	Run regression tests including historical migration	2026-09-26T13:14:31.2580444Z test_same_volume_id_cannot_split_new_chapters_across_directories (test_volume_consistency.VolumeConsistencyTests) ... ok
test (windows-latest, 3.10)	Run regression tests including historical migration	2026-09-26T13:14:31.2945510Z test_atomic_first_publication_and_revision_preserve_unicode_bytes (test_windows_directory_pins.WindowsDirectoryPinTests) ... ok
test (windows-latest, 3.10)	Run regression tests including historical migration	2026-09-26T13:14:31.3196182Z test_changed_target_is_restored_and_retained_in_backup (test_windows_directory_pins.WindowsDirectoryPinTests) ... ok
test (windows-latest, 3.10)	Run regression tests including historical migration	2026-09-26T13:14:31.5301855Z test_empty_pinned_directory_rejects_junction_conversion_until_released (test_windows_directory_pins.WindowsDirectoryPinTests) ... ok
test (windows-latest, 3.10)	Run regression tests including historical migration	2026-09-26T13:14:31.7076131Z test_external_process_cannot_swap_pinned_leaf_or_ancestor (test_windows_directory_pins.WindowsDirectoryPinTests) ... ok
test (windows-latest, 3.10)	Run regression tests including historical migration	2026-09-26T13:14:31.7640188Z test_external_recreated_target_wins_over_backup_restore (test_windows_directory_pins.WindowsDirectoryPinTests) ... ok
test (windows-latest, 3.10)	Run regression tests including historical migration	2026-09-26T13:14:31.8151690Z test_external_target_wins_over_first_publication (test_windows_directory_pins.WindowsDirectoryPinTests) ... ok
test (windows-latest, 3.10)	Run regression tests including historical migration	2026-09-26T13:14:31.8334389Z test_nested_directory_guards_leave_no_files_on_normal_or_exception_exit (test_windows_directory_pins.WindowsDirectoryPinTests) ... ok
test (windows-latest, 3.10)	Run regression tests including historical migration	2026-09-26T13:14:31.8511654Z test_pinned_directories_allow_cross_directory_backup_and_copy_restore (test_windows_directory_pins.WindowsDirectoryPinTests) ... ok
test (windows-latest, 3.10)	Run regression tests including historical migration	2026-09-26T13:14:31.8849317Z test_root_report_update_and_nested_backup_restore_share_ancestors (test_windows_directory_pins.WindowsDirectoryPinTests) ... ok
test (windows-latest, 3.10)	Run regression tests including historical migration	2026-09-26T13:14:33.2478924Z test_abrupt_exit_preserves_complete_record_at_each_write_boundary (test_workbench.WorkbenchTests) ... test_atomic_failure_preserves_previous_complete_page (test_workbench.WorkbenchTests) ... ok
test (windows-latest, 3.10)	Run regression tests including historical migration	2026-09-26T13:14:33.8225857Z test_autorecovery_continues_after_transient_body_write_failure (test_workbench.WorkbenchTests) ... ok
test (windows-latest, 3.10)	Run regression tests including historical migration	2026-09-26T13:14:35.5121286Z test_autorecovery_protects_changed_or_missing_metadata_and_legacy_receipts (test_workbench.WorkbenchTests) ... ok
test (windows-latest, 3.10)	Run regression tests including historical migration	2026-09-26T13:14:35.8983301Z test_budget_and_page_limits_are_enforced (test_workbench.WorkbenchTests) ... ok
test (windows-latest, 3.10)	Run regression tests including historical migration	2026-09-26T13:14:36.5364632Z test_candidate_complete_file_limit_matches_reopen_limit (test_workbench.WorkbenchTests) ... ok
test (windows-latest, 3.10)	Run regression tests including historical migration	2026-09-26T13:14:37.5271585Z test_candidate_conflicts_are_preserved_and_recovery_survives_reload (test_workbench.WorkbenchTests) ... ok
test (windows-latest, 3.10)	Run regression tests including historical migration	2026-09-26T13:14:39.2839860Z test_candidate_provenance_change_addition_and_removal_conflict (test_workbench.WorkbenchTests) ... ok
test (windows-latest, 3.10)	Run regression tests including historical migration	2026-09-26T13:14:40.1584177Z test_candidate_roundtrip_preserves_formal_and_lineage (test_workbench.WorkbenchTests) ... ok
test (windows-latest, 3.10)	Run regression tests including historical migration	2026-09-26T13:14:40.1585510Z test_catalog_skips_link_and_reports_warning (test_workbench.WorkbenchTests) ... skipped 'Symbolic links require Windows privileges'
test (windows-latest, 3.10)	Run regression tests including historical migration	2026-09-26T13:14:40.6728256Z test_cli_snapshot_without_publishing_record_is_read_only (test_workbench.WorkbenchTests) ... ok
test (windows-latest, 3.10)	Run regression tests including historical migration	2026-09-26T13:14:41.0973822Z test_composite_identity_tracks_publishing_and_displayed_file_facts (test_workbench.WorkbenchTests) ... ok
test (windows-latest, 3.10)	Run regression tests including historical migration	2026-09-26T13:14:41.5964185Z test_composite_identity_tracks_publishing_export_files (test_workbench.WorkbenchTests) ... ok
test (windows-latest, 3.10)	Run regression tests including historical migration	2026-09-26T13:14:42.0112306Z test_core_change_during_final_publishing_capture_is_retried (test_workbench.WorkbenchTests) ... ok
test (windows-latest, 3.10)	Run regression tests including historical migration	2026-09-26T13:14:43.7264326Z test_corrupt_metadata_is_readonly_and_not_unregistered (test_workbench.WorkbenchTests) ... ok
test (windows-latest, 3.10)	Run regression tests including historical migration	2026-09-26T13:14:44.1227230Z test_cursor_rejects_an_off_page_chapter_change_without_revision_bump (test_workbench.WorkbenchTests) ... ok
test (windows-latest, 3.10)	Run regression tests including historical migration	2026-09-26T13:14:44.7201424Z test_default_cli_exports_three_column_reader (test_workbench.WorkbenchTests) ... ok
test (windows-latest, 3.10)	Run regression tests including historical migration	2026-09-26T13:14:45.1383546Z test_due_card_total_does_not_underreport_the_bounded_list (test_workbench.WorkbenchTests) ... ok
test (windows-latest, 3.10)	Run regression tests including historical migration	2026-09-26T13:14:45.5074092Z test_editor_cannot_read_unlisted_private_files_or_traversal (test_workbench.WorkbenchTests) ... ok
test (windows-latest, 3.10)	Run regression tests including historical migration	2026-09-26T13:14:46.9173419Z test_editor_http_saves_candidate_and_rejects_stale_or_foreign_requests (test_workbench.WorkbenchTests) ... ok
test (windows-latest, 3.10)	Run regression tests including historical migration	2026-09-26T13:14:47.5486229Z test_editor_search_pages_and_new_state_are_fresh (test_workbench.WorkbenchTests) ... ok
test (windows-latest, 3.10)	Run regression tests including historical migration	2026-09-26T13:14:49.6717085Z test_editor_switching_and_recovery_request_order (test_workbench.WorkbenchTests) ... ok
test (windows-latest, 3.10)	Run regression tests including historical migration	2026-09-26T13:14:50.2699768Z test_export_rejects_a_git_tracked_derived_page (test_workbench.WorkbenchTests) ... ok
test (windows-latest, 3.10)	Run regression tests including historical migration	2026-09-26T13:14:51.0478238Z test_git_book_requires_ignore_rule_before_export (test_workbench.WorkbenchTests) ... ok
test (windows-latest, 3.10)	Run regression tests including historical migration	2026-09-26T13:14:51.6463768Z test_git_probe_only_rules_do_not_masquerade_as_output_ignores (test_workbench.WorkbenchTests) ... ok
test (windows-latest, 3.10)	Run regression tests including historical migration	2026-09-26T13:14:52.2288350Z test_git_rule_for_only_index_is_insufficient_for_backups (test_workbench.WorkbenchTests) ... ok
test (windows-latest, 3.10)	Run regression tests including historical migration	2026-09-26T13:14:52.7273318Z test_git_verification_failure_in_a_repository_fails_closed (test_workbench.WorkbenchTests) ... ok
test (windows-latest, 3.10)	Run regression tests including historical migration	2026-09-26T13:14:53.2865553Z test_html_is_escaped_self_contained_and_omits_complete_prose (test_workbench.WorkbenchTests) ... ok
test (windows-latest, 3.10)	Run regression tests including historical migration	2026-09-26T13:14:53.6571232Z test_interface_identifier_is_independent_of_session_token (test_workbench.WorkbenchTests) ... ok
test (windows-latest, 3.10)	Run regression tests including historical migration	2026-09-26T13:14:54.0736543Z test_internal_scans_have_hard_limits (test_workbench.WorkbenchTests) ... ok
test (windows-latest, 3.10)	Run regression tests including historical migration	2026-09-26T13:14:54.6259905Z test_interrupted_recovery_keeps_old_backup_and_does_not_overwrite_external_edit (test_workbench.WorkbenchTests) ... FAIL
test (windows-latest, 3.10)	Run regression tests including historical migration	2026-09-26T13:14:54.9838510Z test_invalid_editor_chapter_never_reaches_sqlite (test_workbench.WorkbenchTests) ... ok
test (windows-latest, 3.10)	Run regression tests including historical migration	2026-09-26T13:14:55.3287665Z test_invalid_metadata_is_rejected_instead_of_rendered (test_workbench.WorkbenchTests) ... ok
test (windows-latest, 3.10)	Run regression tests including historical migration	2026-09-26T13:14:55.7611666Z test_invalid_publishing_receipt_changes_the_composite_identity (test_workbench.WorkbenchTests) ... ok
test (windows-latest, 3.10)	Run regression tests including historical migration	2026-09-26T13:14:56.6341976Z test_legacy_save_endpoint_also_writes_provenance (test_workbench.WorkbenchTests) ... ok
test (windows-latest, 3.10)	Run regression tests including historical migration	2026-09-26T13:14:57.2093366Z test_malformed_schema_json_and_missing_table_are_state_corrupt (test_workbench.WorkbenchTests) ... ok
test (windows-latest, 3.10)	Run regression tests including historical migration	2026-09-26T13:14:57.7030921Z test_metadata_failure_removes_partial_candidate_from_catalog (test_workbench.WorkbenchTests) ... ok
test (windows-latest, 3.10)	Run regression tests including historical migration	2026-09-26T13:14:58.1613350Z test_missing_or_wrong_size_publish_zip_is_required_attention (test_workbench.WorkbenchTests) ... ok
test (windows-latest, 3.10)	Run regression tests including historical migration	2026-09-26T13:14:59.3885847Z test_missing_recovery_is_recreated (test_workbench.WorkbenchTests) ... ok
test (windows-latest, 3.10)	Run regression tests including historical migration	2026-09-26T13:14:59.7575319Z test_noncanonical_publishing_manifest_is_rejected (test_workbench.WorkbenchTests) ... ok
test (windows-latest, 3.10)	Run regression tests including historical migration	2026-09-26T13:15:00.5715842Z test_old_candidates_new_chapter_materials_and_images_are_discoverable (test_workbench.WorkbenchTests) ... ok
test (windows-latest, 3.10)	Run regression tests including historical migration	2026-09-26T13:15:02.1009771Z test_old_generated_filename_and_bom_hide_only_known_heading (test_workbench.WorkbenchTests) ... ok
test (windows-latest, 3.10)	Run regression tests including historical migration	2026-09-26T13:15:02.6642079Z test_open_browser_receipt_does_not_overstate_failure (test_workbench.WorkbenchTests) ... ok
test (windows-latest, 3.10)	Run regression tests including historical migration	2026-09-26T13:15:03.1824740Z test_output_rejects_escape_and_linked_parent (test_workbench.WorkbenchTests) ... ok
test (windows-latest, 3.10)	Run regression tests including historical migration	2026-09-26T13:15:03.5069447Z test_oversized_integer_metadata_is_rejected_without_a_traceback (test_workbench.WorkbenchTests) ... ok
test (windows-latest, 3.10)	Run regression tests including historical migration	2026-09-26T13:15:03.9725316Z test_partial_save_reports_paths_when_rollback_cannot_finish (test_workbench.WorkbenchTests) ... ok
test (windows-latest, 3.10)	Run regression tests including historical migration	2026-09-26T13:15:04.3837630Z test_pending_edits_remain_accessible_outside_catalog (test_workbench.WorkbenchTests) ... ok
test (windows-latest, 3.10)	Run regression tests including historical migration	2026-09-26T13:15:04.8442860Z test_pending_record_corruption_and_second_writer_are_not_silent (test_workbench.WorkbenchTests) ... FAIL
test (windows-latest, 3.10)	Run regression tests including historical migration	2026-09-26T13:15:05.1550514Z test_publishing_manifest_limit_is_checked_before_manifest_validation (test_workbench.WorkbenchTests) ... ok
test (windows-latest, 3.10)	Run regression tests including historical migration	2026-09-26T13:15:05.1551598Z test_read_only_book_detects_state_path_replacement (test_workbench.WorkbenchTests) ... skipped 'Windows holds the open database path against replacement'
test (windows-latest, 3.10)	Run regression tests including historical migration	2026-09-26T13:15:05.5332049Z test_reader_empty_and_partial_directory_are_explicit (test_workbench.WorkbenchTests) ... ok
test (windows-latest, 3.10)	Run regression tests including historical migration	2026-09-26T13:15:05.8439305Z test_reader_hides_only_matching_opening_heading (test_workbench.WorkbenchTests) ... ok
test (windows-latest, 3.10)	Run regression tests including historical migration	2026-09-26T13:15:06.2284828Z test_reader_overview_preserves_delivery_and_coverage (test_workbench.WorkbenchTests) ... ok
test (windows-latest, 3.10)	Run regression tests including historical migration	2026-09-26T13:15:06.6862380Z test_reading_export_embeds_verified_text_and_navigation (test_workbench.WorkbenchTests) ... ok
test (windows-latest, 3.10)	Run regression tests including historical migration	2026-09-26T13:15:07.0692542Z test_reading_export_rejects_external_changes (test_workbench.WorkbenchTests) ... ok
test (windows-latest, 3.10)	Run regression tests including historical migration	2026-09-26T13:15:07.5869116Z test_recovery_forks_after_external_edit (test_workbench.WorkbenchTests) ... ok
test (windows-latest, 3.10)	Run regression tests including historical migration	2026-09-26T13:15:09.4982388Z test_recovery_keeps_lineage_and_heading_on_resave (test_workbench.WorkbenchTests) ... ok
test (windows-latest, 3.10)	Run regression tests including historical migration	2026-09-26T13:15:10.0063224Z test_recovery_metadata_failure_restores_previous_body_and_metadata (test_workbench.WorkbenchTests) ... ok
test (windows-latest, 3.10)	Run regression tests including historical migration	2026-09-26T13:15:10.5623707Z test_recovery_metadata_race_cannot_overwrite_external_record (test_workbench.WorkbenchTests) ... ok
test (windows-latest, 3.10)	Run regression tests including historical migration	2026-09-26T13:15:10.9786359Z test_reload_failure_and_concurrent_input_preserve_editor (test_workbench.WorkbenchTests) ... ok
test (windows-latest, 3.10)	Run regression tests including historical migration	2026-09-26T13:15:11.6101046Z test_service_lease_released_when_process_is_terminated (test_workbench.WorkbenchTests) ... ok
test (windows-latest, 3.10)	Run regression tests including historical migration	2026-09-26T13:15:12.5403717Z test_service_rejects_forged_identity_and_releases_lease_after_start_failure (test_workbench.WorkbenchTests) ... ok
test (windows-latest, 3.10)	Run regression tests including historical migration	2026-09-26T13:15:13.0913585Z test_service_single_instance_status_stop_and_restart (test_workbench.WorkbenchTests) ... ok
test (windows-latest, 3.10)	Run regression tests including historical migration	2026-09-26T13:15:13.6013096Z test_snapshot_and_export_do_not_change_authoritative_state (test_workbench.WorkbenchTests) ... ok
test (windows-latest, 3.10)	Run regression tests including historical migration	2026-09-26T13:15:14.3018054Z test_snapshot_contract_is_bounded_paged_and_composite (test_workbench.WorkbenchTests) ... ok
test (windows-latest, 3.10)	Run regression tests including historical migration	2026-09-26T13:15:14.6774597Z test_sparse_future_plan_does_not_claim_the_next_chapter_is_ready (test_workbench.WorkbenchTests) ... ok
test (windows-latest, 3.10)	Run regression tests including historical migration	2026-09-26T13:15:15.2770986Z test_successful_refresh_preserves_previous_complete_page (test_workbench.WorkbenchTests) ... ok
test (windows-latest, 3.10)	Run regression tests including historical migration	2026-09-26T13:15:15.7707725Z test_three_column_reader_script_is_hash_bound (test_workbench.WorkbenchTests) ... ok
test (windows-latest, 3.10)	Run regression tests including historical migration	2026-09-26T13:15:16.1305275Z test_unreadable_directory_does_not_hide_formal_chapters (test_workbench.WorkbenchTests) ... ok
test (windows-latest, 3.10)	Run regression tests including historical migration	2026-09-26T13:15:16.6183143Z test_unregistered_files_are_reported_honestly_and_never_guessed (test_workbench.WorkbenchTests) ... ok
test (windows-latest, 3.10)	Run regression tests including historical migration	2026-09-26T13:15:16.9605039Z test_unregistered_legacy_chapter_path_keeps_original_fallback (test_workbench.WorkbenchTests) ... ok
test (windows-latest, 3.10)	Run regression tests including historical migration	2026-09-26T13:15:17.5034152Z test_workbench_links_use_existing_registered_volume_paths (test_workbench.WorkbenchTests) ... ok
test (windows-latest, 3.10)	Run regression tests including historical migration	2026-09-26T13:15:18.3956010Z test_catalog_refresh_preserves_collapsed_groups_scroll_and_plan_only_open (test_workbench_flow.WorkbenchFlowTests) ... ok
test (windows-latest, 3.10)	Run regression tests including historical migration	2026-09-26T13:15:18.7664483Z test_context_uses_actual_receipt_and_prior_summary (test_workbench_flow.WorkbenchFlowTests) ... ok
test (windows-latest, 3.10)	Run regression tests including historical migration	2026-09-26T13:15:19.2203319Z test_diff_preserves_all_text_and_only_marks_changes (test_workbench_flow.WorkbenchFlowTests) ... ok
test (windows-latest, 3.10)	Run regression tests including historical migration	2026-09-26T13:15:19.5900465Z test_directory_query_keeps_related_materials_independent (test_workbench_flow.WorkbenchFlowTests) ... ok
test (windows-latest, 3.10)	Run regression tests including historical migration	2026-09-26T13:15:20.0202977Z test_empty_fulltext_search_clears_status_and_paging (test_workbench_flow.WorkbenchFlowTests) ... ok
test (windows-latest, 3.10)	Run regression tests including historical migration	2026-09-26T13:15:20.4680899Z test_equal_draft_is_not_claimed_as_adopted (test_workbench_flow.WorkbenchFlowTests) ... FAIL
test (windows-latest, 3.10)	Run regression tests including historical migration	2026-09-26T13:15:20.9492097Z test_fulltext_finds_contents_and_excludes_changed_formal (test_workbench_flow.WorkbenchFlowTests) ... ok
test (windows-latest, 3.10)	Run regression tests including historical migration	2026-09-26T13:15:21.4317661Z test_groups_include_future_plans_without_claiming_prose_or_adoption (test_workbench_flow.WorkbenchFlowTests) ... ok
test (windows-latest, 3.10)	Run regression tests including historical migration	2026-09-26T13:15:21.8941646Z test_history_banner_does_not_rewrite_old_report (test_workbench_flow.WorkbenchFlowTests) ... ok
test (windows-latest, 3.10)	Run regression tests including historical migration	2026-09-26T13:15:22.3459285Z test_legacy_material_origin_is_recognized_and_invalid_type_rejected (test_workbench_flow.WorkbenchFlowTests) ... ok
test (windows-latest, 3.10)	Run regression tests including historical migration	2026-09-26T13:15:22.7101133Z test_library_only_opens_registered_roots_and_reuses_service (test_workbench_flow.WorkbenchFlowTests) ... ok
test (windows-latest, 3.10)	Run regression tests including historical migration	2026-09-26T13:15:23.1527652Z test_markdown_builds_text_nodes_not_executable_html (test_workbench_flow.WorkbenchFlowTests) ... ok
test (windows-latest, 3.10)	Run regression tests including historical migration	2026-09-26T13:15:23.9403531Z test_material_recovery_and_pending_preserve_type_even_without_source (test_workbench_flow.WorkbenchFlowTests) ... ok
test (windows-latest, 3.10)	Run regression tests including historical migration	2026-09-26T13:15:24.4276171Z test_metrics_use_plan_count_method_title_and_selection (test_workbench_flow.WorkbenchFlowTests) ... ok
test (windows-latest, 3.10)	Run regression tests including historical migration	2026-09-26T13:15:25.3779670Z test_outline_candidate_and_descendants_keep_material_type_and_heading (test_workbench_flow.WorkbenchFlowTests) ... ok
test (windows-latest, 3.10)	Run regression tests including historical migration	2026-09-26T13:15:25.8334205Z test_review_task_is_read_only_and_identifies_saved_source (test_workbench_flow.WorkbenchFlowTests) ... ok
test (windows-latest, 3.10)	Run regression tests including historical migration	2026-09-26T13:15:25.8464480Z test_ambiguous_batch_net_balance_is_known_at_next_tick (test_world_audit_fixes.WorldAuditFixes) ... ok
test (windows-latest, 3.10)	Run regression tests including historical migration	2026-09-26T13:15:25.8501360Z test_ambiguous_fact_does_not_confirm_rule_prerequisite (test_world_audit_fixes.WorldAuditFixes) ... ok
test (windows-latest, 3.10)	Run regression tests including historical migration	2026-09-26T13:15:25.8528967Z test_current_chapter_transfer_check_keeps_undated_balance_unknown (test_world_audit_fixes.WorldAuditFixes) ... ok
test (windows-latest, 3.10)	Run regression tests including historical migration	2026-09-26T13:15:25.8612995Z test_distinct_story_ticks_keep_latest_state_despite_publication_order (test_world_audit_fixes.WorldAuditFixes) ... ok
test (windows-latest, 3.10)	Run regression tests including historical migration	2026-09-26T13:15:25.8642869Z test_expired_fact_interval_no_longer_creates_a_tie (test_world_audit_fixes.WorldAuditFixes) ... ok
test (windows-latest, 3.10)	Run regression tests including historical migration	2026-09-26T13:15:25.8875357Z test_known_tick_order_controls_when_income_can_cover_spending (test_world_audit_fixes.WorldAuditFixes) ... ok
test (windows-latest, 3.10)	Run regression tests including historical migration	2026-09-26T13:15:25.8935622Z test_known_time_transfer_keeps_exact_balance_and_overdraft_check (test_world_audit_fixes.WorldAuditFixes) ... ok
test (windows-latest, 3.10)	Run regression tests including historical migration	2026-09-26T13:15:25.8991321Z test_observed_same_tick_income_does_not_prove_it_preceded_new_spending (test_world_audit_fixes.WorldAuditFixes) ... ok
test (windows-latest, 3.10)	Run regression tests including historical migration	2026-09-26T13:15:25.9050319Z test_opening_after_dated_unknown_flow_sets_only_its_own_baseline (test_world_audit_fixes.WorldAuditFixes) ... ok
test (windows-latest, 3.10)	Run regression tests including historical migration	2026-09-26T13:15:25.9080917Z test_planned_cognition_ties_do_not_override_observed_knowledge (test_world_audit_fixes.WorldAuditFixes) ... ok
test (windows-latest, 3.10)	Run regression tests including historical migration	2026-09-26T13:15:25.9108727Z test_planned_undated_transfer_does_not_change_observed_balance (test_world_audit_fixes.WorldAuditFixes) ... ok
test (windows-latest, 3.10)	Run regression tests including historical migration	2026-09-26T13:15:25.9352264Z test_same_tick_circular_transfers_need_initial_funds_or_order_evidence (test_world_audit_fixes.WorldAuditFixes) ... ok
test (windows-latest, 3.10)	Run regression tests including historical migration	2026-09-26T13:15:25.9584944Z test_same_tick_income_and_spending_need_order_evidence (test_world_audit_fixes.WorldAuditFixes) ... ok
test (windows-latest, 3.10)	Run regression tests including historical migration	2026-09-26T13:15:25.9701436Z test_same_tick_sufficient_baseline_needs_no_order_warning (test_world_audit_fixes.WorldAuditFixes) ... ok
test (windows-latest, 3.10)	Run regression tests including historical migration	2026-09-26T13:15:25.9934150Z test_same_tick_unavoidable_shortfall_still_blocks (test_world_audit_fixes.WorldAuditFixes) ... ok
test (windows-latest, 3.10)	Run regression tests including historical migration	2026-09-26T13:15:26.0163057Z test_tied_facts_preserve_candidates_without_id_or_publication_order (test_world_audit_fixes.WorldAuditFixes) ... ok
test (windows-latest, 3.10)	Run regression tests including historical migration	2026-09-26T13:15:26.0404152Z test_tied_knowledge_preserves_candidates_without_id_or_publication_order (test_world_audit_fixes.WorldAuditFixes) ... ok
test (windows-latest, 3.10)	Run regression tests including historical migration	2026-09-26T13:15:26.0620514Z test_tied_lines_preserve_candidates_without_id_or_publication_order (test_world_audit_fixes.WorldAuditFixes) ... ok
test (windows-latest, 3.10)	Run regression tests including historical migration	2026-09-26T13:15:26.0686634Z test_unknown_flows_do_not_cross_holder_or_resource_boundaries (test_world_audit_fixes.WorldAuditFixes) ... ok
test (windows-latest, 3.10)	Run regression tests including historical migration	2026-09-26T13:15:26.1180245Z test_unknown_same_tick_expense_cannot_hide_minimum_shortfall (test_world_audit_fixes.WorldAuditFixes) ... ok
test (windows-latest, 3.10)	Run regression tests including historical migration	2026-09-26T13:15:26.1629614Z test_unknown_same_tick_income_keeps_shortfall_unverified (test_world_audit_fixes.WorldAuditFixes) ... ok
test (windows-latest, 3.10)	Run regression tests including historical migration	2026-09-26T13:15:26.1867075Z test_unknown_time_transfer_cannot_be_reset_by_opening (test_world_audit_fixes.WorldAuditFixes) ... ok
test (windows-latest, 3.10)	Run regression tests including historical migration	2026-09-26T13:15:26.3961028Z test_dependencies_use_recalled_owner_evidence_without_mutating_book (test_world_fact_recall.FactDependencyIntegrationTests) ... ok
test (windows-latest, 3.10)	Run regression tests including historical migration	2026-09-26T13:15:26.3993980Z test_handover_updates_previous_holder_context_and_preserves_flashback (test_world_fact_recall.FactRecallTests) ... ok
test (windows-latest, 3.10)	Run regression tests including historical migration	2026-09-26T13:15:26.4021895Z test_new_owner_evidence_must_be_current_even_without_old_owner_tag (test_world_fact_recall.FactRecallTests) ... ok
test (windows-latest, 3.10)	Run regression tests including historical migration	2026-09-26T13:15:26.4048806Z test_proposed_handover_does_not_change_observed_ownership (test_world_fact_recall.FactRecallTests) ... ok
test (windows-latest, 3.10)	Run regression tests including historical migration	2026-09-26T13:15:26.4077275Z test_related_slot_does_not_pull_in_other_items_predicates_or_clocks (test_world_fact_recall.FactRecallTests) ... ok
test (windows-latest, 3.10)	Run regression tests including historical migration	2026-09-26T13:15:26.4103983Z test_retired_association_does_not_recall_an_unrelated_owner (test_world_fact_recall.FactRecallTests) ... ok
test (windows-latest, 3.10)	Run regression tests including historical migration	2026-09-26T13:15:26.4131223Z test_tied_handover_keeps_both_candidates (test_world_fact_recall.FactRecallTests) ... ok
test (windows-latest, 3.10)	Run regression tests including historical migration	2026-09-26T13:15:26.4157833Z test_unknown_handover_keeps_both_candidates (test_world_fact_recall.FactRecallTests) ... ok
test (windows-latest, 3.10)	Run regression tests including historical migration	2026-09-26T13:15:26.4193551Z test_flashback_and_publication_horizon_keep_prior_knowledge (test_world_knowledge_recall.KnowledgeRecallTests) ... ok
test (windows-latest, 3.10)	Run regression tests including historical migration	2026-09-26T13:15:26.4232400Z test_item_and_actor_queries_agree_after_memory_loss (test_world_knowledge_recall.KnowledgeRecallTests) ... ok
test (windows-latest, 3.10)	Run regression tests including historical migration	2026-09-26T13:15:26.4264235Z test_new_knowledge_evidence_is_checked_through_item_query (test_world_knowledge_recall.KnowledgeRecallTests) ... ok
test (windows-latest, 3.10)	Run regression tests including historical migration	2026-09-26T13:15:26.4295739Z test_proposed_memory_loss_stays_separate_from_observed_knowledge (test_world_knowledge_recall.KnowledgeRecallTests) ... ok
test (windows-latest, 3.10)	Run regression tests including historical migration	2026-09-26T13:15:26.4328005Z test_retired_association_does_not_recall_unrelated_knowledge (test_world_knowledge_recall.KnowledgeRecallTests) ... ok
test (windows-latest, 3.10)	Run regression tests including historical migration	2026-09-26T13:15:26.4358864Z test_same_time_remains_unordered_through_item_query (test_world_knowledge_recall.KnowledgeRecallTests) ... ok
test (windows-latest, 3.10)	Run regression tests including historical migration	2026-09-26T13:15:26.4390279Z test_unknown_time_remains_unordered_through_item_query (test_world_knowledge_recall.KnowledgeRecallTests) ... ok
test (windows-latest, 3.10)	Run regression tests including historical migration	2026-09-26T13:15:26.4423088Z test_unrelated_actors_propositions_and_clocks_do_not_join_selected_slot (test_world_knowledge_recall.KnowledgeRecallTests) ... ok
test (windows-latest, 3.10)	Run regression tests including historical migration	2026-09-26T13:15:26.8504138Z test_another_actors_upgrade_does_not_allow_committed_cooldown_violation (test_world_rules_regressions.WorldRulesCommitRegressions) ... ok
test (windows-latest, 3.10)	Run regression tests including historical migration	2026-09-26T13:15:27.1066060Z test_zero_opening_is_committed_and_overdraft_rolls_back_next_chapter (test_world_rules_regressions.WorldRulesCommitRegressions) ... ok
test (windows-latest, 3.10)	Run regression tests including historical migration	2026-09-26T13:15:27.1117192Z test_actor_specific_rule_update_keeps_other_actors_old_cooldown (test_world_rules_regressions.WorldRulesRegressions) ... ok
test (windows-latest, 3.10)	Run regression tests including historical migration	2026-09-26T13:15:27.1146083Z test_distinct_items_keep_their_concurrent_holders (test_world_rules_regressions.WorldRulesRegressions) ... ok
test (windows-latest, 3.10)	Run regression tests including historical migration	2026-09-26T13:15:27.1174635Z test_evidenced_zero_opening_blocks_positive_spending (test_world_rules_regressions.WorldRulesRegressions) ... ok
test (windows-latest, 3.10)	Run regression tests including historical migration	2026-09-26T13:15:27.1207864Z test_history_cannot_create_a_new_same_tick_hook_ambiguity (test_world_rules_regressions.WorldRulesRegressions) ... ok
test (windows-latest, 3.10)	Run regression tests including historical migration	2026-09-26T13:15:27.1270372Z test_legacy_hook_rebind_preserves_ambiguity_and_idempotence (test_world_rules_regressions.WorldRulesRegressions) ... ok
test (windows-latest, 3.10)	Run regression tests including historical migration	2026-09-26T13:15:27.1321985Z test_legacy_same_tick_hooks_report_ambiguity_after_vacuum (test_world_rules_regressions.WorldRulesRegressions) ... ok
test (windows-latest, 3.10)	Run regression tests including historical migration	2026-09-26T13:15:27.1343707Z test_new_same_tick_hook_events_are_rejected_atomically (test_world_rules_regressions.WorldRulesRegressions) ... ok
test (windows-latest, 3.10)	Run regression tests including historical migration	2026-09-26T13:15:27.1458374Z test_resolved_hook_timing_clears_legacy_ambiguity (test_world_rules_regressions.WorldRulesRegressions) ... ok
test (windows-latest, 3.10)	Run regression tests including historical migration	2026-09-26T13:15:27.1460348Z test_rule_line_restriction_does_not_apply_to_other_lines (test_world_rules_regressions.WorldRulesRegressions) ... ok
test (windows-latest, 3.10)	Run regression tests including historical migration	2026-09-26T13:15:27.1462580Z test_undated_author_plan_does_not_erase_observed_cognition (test_world_rules_regressions.WorldRulesRegressions) ... ok
test (windows-latest, 3.10)	Run regression tests including historical migration	2026-09-26T13:15:27.1485848Z test_undated_cognition_is_retained_without_claiming_latest_state (test_world_rules_regressions.WorldRulesRegressions) ... ok
test (windows-latest, 3.10)	Run regression tests including historical migration	2026-09-26T13:15:27.1513223Z test_undated_line_checkpoint_is_a_candidate_not_current_scene (test_world_rules_regressions.WorldRulesRegressions) ... ok
test (windows-latest, 3.10)	Run regression tests including historical migration	2026-09-26T13:15:27.1546269Z test_undated_rule_change_is_not_silently_older_than_dated_rule (test_world_rules_regressions.WorldRulesRegressions) ... ok
test (windows-latest, 3.10)	Run regression tests including historical migration	2026-09-26T13:15:27.1575964Z test_unknown_record_evidence_must_still_be_current (test_world_rules_regressions.WorldRulesRegressions) ... ok
test (windows-latest, 3.10)	Run regression tests including historical migration	2026-09-26T13:15:27.1620028Z test_unknown_use_survives_known_prior_time_and_requests_review (test_world_rules_regressions.WorldRulesRegressions) ... ok
test (windows-latest, 3.10)	Run regression tests including historical migration	2026-09-26T13:15:27.1637158Z test_zero_ordinary_transfer_still_rejected_atomically (test_world_rules_regressions.WorldRulesRegressions) ... ok
test (windows-latest, 3.10)	Run regression tests including historical migration	2026-09-26T13:15:27.1637775Z 
test (windows-latest, 3.10)	Run regression tests including historical migration	2026-09-26T13:15:27.1638087Z ======================================================================
test (windows-latest, 3.10)	Run regression tests including historical migration	2026-09-26T13:15:27.1638906Z FAIL: test_abrupt_exit_preserves_complete_record_at_each_write_boundary (test_workbench.WorkbenchTests) (phase='before-body')
test (windows-latest, 3.10)	Run regression tests including historical migration	2026-09-26T13:15:27.1640390Z ----------------------------------------------------------------------
test (windows-latest, 3.10)	Run regression tests including historical migration	2026-09-26T13:15:27.1641105Z Traceback (most recent call last):
test (windows-latest, 3.10)	Run regression tests including historical migration	2026-09-26T13:15:27.1650188Z   File "D:\a\story-skill\story-skill\tests\test_workbench.py", line 718, in test_abrupt_exit_preserves_complete_record_at_each_write_boundary
test (windows-latest, 3.10)	Run regression tests including historical migration	2026-09-26T13:15:27.1651293Z     self._crash_save({**source, 'text': text}, phase)
test (windows-latest, 3.10)	Run regression tests including historical migration	2026-09-26T13:15:27.1652043Z   File "D:\a\story-skill\story-skill\tests\test_workbench.py", line 709, in _crash_save
test (windows-latest, 3.10)	Run regression tests including historical migration	2026-09-26T13:15:27.1653379Z     self.assertEqual(result.returncode, 73, result.stderr)
test (windows-latest, 3.10)	Run regression tests including historical migration	2026-09-26T13:15:27.1653946Z AssertionError: 1 != 73 : Traceback (most recent call last):
test (windows-latest, 3.10)	Run regression tests including historical migration	2026-09-26T13:15:27.1654482Z   File "<string>", line 22, in <module>
test (windows-latest, 3.10)	Run regression tests including historical migration	2026-09-26T13:15:27.1655169Z   File "C:\hostedtoolcache\windows\Python\3.10.11\x64\lib\pathlib.py", line 1135, in read_text
test (windows-latest, 3.10)	Run regression tests including historical migration	2026-09-26T13:15:27.1655820Z     return f.read()
test (windows-latest, 3.10)	Run regression tests including historical migration	2026-09-26T13:15:27.1656425Z   File "C:\hostedtoolcache\windows\Python\3.10.11\x64\lib\encodings\cp1252.py", line 23, in decode
test (windows-latest, 3.10)	Run regression tests including historical migration	2026-09-26T13:15:27.1657244Z     return codecs.charmap_decode(input,self.errors,decoding_table)[0]
test (windows-latest, 3.10)	Run regression tests including historical migration	2026-09-26T13:15:27.1658465Z UnicodeDecodeError: 'charmap' codec can't decode byte 0x8d in position 56: character maps to <undefined>
test (windows-latest, 3.10)	Run regression tests including historical migration	2026-09-26T13:15:27.1659066Z 
test (windows-latest, 3.10)	Run regression tests including historical migration	2026-09-26T13:15:27.1659076Z 
test (windows-latest, 3.10)	Run regression tests including historical migration	2026-09-26T13:15:27.1659218Z ======================================================================
test (windows-latest, 3.10)	Run regression tests including historical migration	2026-09-26T13:15:27.1660092Z FAIL: test_abrupt_exit_preserves_complete_record_at_each_write_boundary (test_workbench.WorkbenchTests) (phase='before-meta')
test (windows-latest, 3.10)	Run regression tests including historical migration	2026-09-26T13:15:27.1661022Z ----------------------------------------------------------------------
test (windows-latest, 3.10)	Run regression tests including historical migration	2026-09-26T13:15:27.1661501Z Traceback (most recent call last):
test (windows-latest, 3.10)	Run regression tests including historical migration	2026-09-26T13:15:27.1662451Z   File "D:\a\story-skill\story-skill\tests\test_workbench.py", line 718, in test_abrupt_exit_preserves_complete_record_at_each_write_boundary
test (windows-latest, 3.10)	Run regression tests including historical migration	2026-09-26T13:15:27.1663405Z     self._crash_save({**source, 'text': text}, phase)
test (windows-latest, 3.10)	Run regression tests including historical migration	2026-09-26T13:15:27.1664063Z   File "D:\a\story-skill\story-skill\tests\test_workbench.py", line 709, in _crash_save
test (windows-latest, 3.10)	Run regression tests including historical migration	2026-09-26T13:15:27.1664985Z     self.assertEqual(result.returncode, 73, result.stderr)
test (windows-latest, 3.10)	Run regression tests including historical migration	2026-09-26T13:15:27.1665535Z AssertionError: 1 != 73 : Traceback (most recent call last):
test (windows-latest, 3.10)	Run regression tests including historical migration	2026-09-26T13:15:27.1666082Z   File "<string>", line 22, in <module>
test (windows-latest, 3.10)	Run regression tests including historical migration	2026-09-26T13:15:27.1666860Z   File "C:\hostedtoolcache\windows\Python\3.10.11\x64\lib\pathlib.py", line 1135, in read_text
test (windows-latest, 3.10)	Run regression tests including historical migration	2026-09-26T13:15:27.1667491Z     return f.read()
test (windows-latest, 3.10)	Run regression tests including historical migration	2026-09-26T13:15:27.1668055Z   File "C:\hostedtoolcache\windows\Python\3.10.11\x64\lib\encodings\cp1252.py", line 23, in decode
test (windows-latest, 3.10)	Run regression tests including historical migration	2026-09-26T13:15:27.1668839Z     return codecs.charmap_decode(input,self.errors,decoding_table)[0]
test (windows-latest, 3.10)	Run regression tests including historical migration	2026-09-26T13:15:27.1669694Z UnicodeDecodeError: 'charmap' codec can't decode byte 0x8d in position 56: character maps to <undefined>
test (windows-latest, 3.10)	Run regression tests including historical migration	2026-09-26T13:15:27.1670291Z 
test (windows-latest, 3.10)	Run regression tests including historical migration	2026-09-26T13:15:27.1670298Z 
test (windows-latest, 3.10)	Run regression tests including historical migration	2026-09-26T13:15:27.1670449Z ======================================================================
test (windows-latest, 3.10)	Run regression tests including historical migration	2026-09-26T13:15:27.1671312Z FAIL: test_abrupt_exit_preserves_complete_record_at_each_write_boundary (test_workbench.WorkbenchTests) (phase='after-meta')
test (windows-latest, 3.10)	Run regression tests including historical migration	2026-09-26T13:15:27.1672223Z ----------------------------------------------------------------------
test (windows-latest, 3.10)	Run regression tests including historical migration	2026-09-26T13:15:27.1672699Z Traceback (most recent call last):
test (windows-latest, 3.10)	Run regression tests including historical migration	2026-09-26T13:15:27.1673628Z   File "D:\a\story-skill\story-skill\tests\test_workbench.py", line 718, in test_abrupt_exit_preserves_complete_record_at_each_write_boundary
test (windows-latest, 3.10)	Run regression tests including historical migration	2026-09-26T13:15:27.1674672Z     self._crash_save({**source, 'text': text}, phase)
test (windows-latest, 3.10)	Run regression tests including historical migration	2026-09-26T13:15:27.1675324Z   File "D:\a\story-skill\story-skill\tests\test_workbench.py", line 709, in _crash_save
test (windows-latest, 3.10)	Run regression tests including historical migration	2026-09-26T13:15:27.1676001Z     self.assertEqual(result.returncode, 73, result.stderr)
test (windows-latest, 3.10)	Run regression tests including historical migration	2026-09-26T13:15:27.1676546Z AssertionError: 1 != 73 : Traceback (most recent call last):
test (windows-latest, 3.10)	Run regression tests including historical migration	2026-09-26T13:15:27.1677050Z   File "<string>", line 22, in <module>
test (windows-latest, 3.10)	Run regression tests including historical migration	2026-09-26T13:15:27.1677704Z   File "C:\hostedtoolcache\windows\Python\3.10.11\x64\lib\pathlib.py", line 1135, in read_text
test (windows-latest, 3.10)	Run regression tests including historical migration	2026-09-26T13:15:27.1678598Z     return f.read()
test (windows-latest, 3.10)	Run regression tests including historical migration	2026-09-26T13:15:27.1679170Z   File "C:\hostedtoolcache\windows\Python\3.10.11\x64\lib\encodings\cp1252.py", line 23, in decode
test (windows-latest, 3.10)	Run regression tests including historical migration	2026-09-26T13:15:27.1679968Z     return codecs.charmap_decode(input,self.errors,decoding_table)[0]
test (windows-latest, 3.10)	Run regression tests including historical migration	2026-09-26T13:15:27.1680800Z UnicodeDecodeError: 'charmap' codec can't decode byte 0x8d in position 56: character maps to <undefined>
test (windows-latest, 3.10)	Run regression tests including historical migration	2026-09-26T13:15:27.1681577Z 
test (windows-latest, 3.10)	Run regression tests including historical migration	2026-09-26T13:15:27.1681584Z 
test (windows-latest, 3.10)	Run regression tests including historical migration	2026-09-26T13:15:27.1681719Z ======================================================================
test (windows-latest, 3.10)	Run regression tests including historical migration	2026-09-26T13:15:27.1682577Z FAIL: test_interrupted_recovery_keeps_old_backup_and_does_not_overwrite_external_edit (test_workbench.WorkbenchTests)
test (windows-latest, 3.10)	Run regression tests including historical migration	2026-09-26T13:15:27.1683480Z ----------------------------------------------------------------------
test (windows-latest, 3.10)	Run regression tests including historical migration	2026-09-26T13:15:27.1683954Z Traceback (most recent call last):
test (windows-latest, 3.10)	Run regression tests including historical migration	2026-09-26T13:15:27.1684959Z   File "D:\a\story-skill\story-skill\tests\test_workbench.py", line 744, in test_interrupted_recovery_keeps_old_backup_and_does_not_overwrite_external_edit
test (windows-latest, 3.10)	Run regression tests including historical migration	2026-09-26T13:15:27.1687904Z     self._crash_save({**payload, 'text': '中断前最新文字', 'recovery_sha256': first['recovery_sha256'], 'recovery_metadata_sha256': first['recovery_metadata_sha256']},
test (windows-latest, 3.10)	Run regression tests including historical migration	2026-09-26T13:15:27.1689168Z   File "D:\a\story-skill\story-skill\tests\test_workbench.py", line 709, in _crash_save
test (windows-latest, 3.10)	Run regression tests including historical migration	2026-09-26T13:15:27.1689863Z     self.assertEqual(result.returncode, 73, result.stderr)
test (windows-latest, 3.10)	Run regression tests including historical migration	2026-09-26T13:15:27.1690437Z AssertionError: 1 != 73 : Traceback (most recent call last):
test (windows-latest, 3.10)	Run regression tests including historical migration	2026-09-26T13:15:27.1690942Z   File "<string>", line 22, in <module>
test (windows-latest, 3.10)	Run regression tests including historical migration	2026-09-26T13:15:27.1691594Z   File "C:\hostedtoolcache\windows\Python\3.10.11\x64\lib\pathlib.py", line 1135, in read_text
test (windows-latest, 3.10)	Run regression tests including historical migration	2026-09-26T13:15:27.1692240Z     return f.read()
test (windows-latest, 3.10)	Run regression tests including historical migration	2026-09-26T13:15:27.1692824Z   File "C:\hostedtoolcache\windows\Python\3.10.11\x64\lib\encodings\cp1252.py", line 23, in decode
test (windows-latest, 3.10)	Run regression tests including historical migration	2026-09-26T13:15:27.1693636Z     return codecs.charmap_decode(input,self.errors,decoding_table)[0]
test (windows-latest, 3.10)	Run regression tests including historical migration	2026-09-26T13:15:27.1694672Z UnicodeDecodeError: 'charmap' codec can't decode byte 0x8d in position 56: character maps to <undefined>
test (windows-latest, 3.10)	Run regression tests including historical migration	2026-09-26T13:15:27.1695268Z 
test (windows-latest, 3.10)	Run regression tests including historical migration	2026-09-26T13:15:27.1695275Z 
test (windows-latest, 3.10)	Run regression tests including historical migration	2026-09-26T13:15:27.1695415Z ======================================================================
test (windows-latest, 3.10)	Run regression tests including historical migration	2026-09-26T13:15:27.1696205Z FAIL: test_pending_record_corruption_and_second_writer_are_not_silent (test_workbench.WorkbenchTests)
test (windows-latest, 3.10)	Run regression tests including historical migration	2026-09-26T13:15:27.1696993Z ----------------------------------------------------------------------
test (windows-latest, 3.10)	Run regression tests including historical migration	2026-09-26T13:15:27.1697460Z Traceback (most recent call last):
test (windows-latest, 3.10)	Run regression tests including historical migration	2026-09-26T13:15:27.1698690Z   File "D:\a\story-skill\story-skill\tests\test_workbench.py", line 763, in test_pending_record_corruption_and_second_writer_are_not_silent
test (windows-latest, 3.10)	Run regression tests including historical migration	2026-09-26T13:15:27.1699643Z     self._crash_save(payload, 'before-body', recovery=True)
test (windows-latest, 3.10)	Run regression tests including historical migration	2026-09-26T13:15:27.1700329Z   File "D:\a\story-skill\story-skill\tests\test_workbench.py", line 709, in _crash_save
test (windows-latest, 3.10)	Run regression tests including historical migration	2026-09-26T13:15:27.1701021Z     self.assertEqual(result.returncode, 73, result.stderr)
test (windows-latest, 3.10)	Run regression tests including historical migration	2026-09-26T13:15:27.1701574Z AssertionError: 1 != 73 : Traceback (most recent call last):
test (windows-latest, 3.10)	Run regression tests including historical migration	2026-09-26T13:15:27.1702084Z   File "<string>", line 22, in <module>
test (windows-latest, 3.10)	Run regression tests including historical migration	2026-09-26T13:15:27.1702717Z   File "C:\hostedtoolcache\windows\Python\3.10.11\x64\lib\pathlib.py", line 1135, in read_text
test (windows-latest, 3.10)	Run regression tests including historical migration	2026-09-26T13:15:27.1703346Z     return f.read()
test (windows-latest, 3.10)	Run regression tests including historical migration	2026-09-26T13:15:27.1703914Z   File "C:\hostedtoolcache\windows\Python\3.10.11\x64\lib\encodings\cp1252.py", line 23, in decode
test (windows-latest, 3.10)	Run regression tests including historical migration	2026-09-26T13:15:27.1704716Z     return codecs.charmap_decode(input,self.errors,decoding_table)[0]
test (windows-latest, 3.10)	Run regression tests including historical migration	2026-09-26T13:15:27.1705546Z UnicodeDecodeError: 'charmap' codec can't decode byte 0x8d in position 56: character maps to <undefined>
test (windows-latest, 3.10)	Run regression tests including historical migration	2026-09-26T13:15:27.1706141Z 
test (windows-latest, 3.10)	Run regression tests including historical migration	2026-09-26T13:15:27.1706148Z 
test (windows-latest, 3.10)	Run regression tests including historical migration	2026-09-26T13:15:27.1706298Z ======================================================================
test (windows-latest, 3.10)	Run regression tests including historical migration	2026-09-26T13:15:27.1706945Z FAIL: test_equal_draft_is_not_claimed_as_adopted (test_workbench_flow.WorkbenchFlowTests)
test (windows-latest, 3.10)	Run regression tests including historical migration	2026-09-26T13:15:27.1707637Z ----------------------------------------------------------------------
test (windows-latest, 3.10)	Run regression tests including historical migration	2026-09-26T13:15:27.1708086Z Traceback (most recent call last):
test (windows-latest, 3.10)	Run regression tests including historical migration	2026-09-26T13:15:27.1708892Z   File "D:\a\story-skill\story-skill\tests\test_workbench_flow.py", line 57, in test_equal_draft_is_not_claimed_as_adopted
test (windows-latest, 3.10)	Run regression tests including historical migration	2026-09-26T13:15:27.1709911Z     self.assertIn('逐字一致', d['status'])
test (windows-latest, 3.10)	Run regression tests including historical migration	2026-09-26T13:15:27.1710713Z AssertionError: '逐字一致' not found in '未登记版本关系；按文件名建议与此章对照'
test (windows-latest, 3.10)	Run regression tests including historical migration	2026-09-26T13:15:27.1711203Z 
test (windows-latest, 3.10)	Run regression tests including historical migration	2026-09-26T13:15:27.1711395Z ----------------------------------------------------------------------
test (windows-latest, 3.10)	Run regression tests including historical migration	2026-09-26T13:15:27.1711843Z Ran 794 tests in 352.969s
test (windows-latest, 3.10)	Run regression tests including historical migration	2026-09-26T13:15:27.1712044Z 
test (windows-latest, 3.10)	Run regression tests including historical migration	2026-09-26T13:15:27.1712163Z FAILED (failures=6, skipped=15)
test (windows-latest, 3.10)	Run regression tests including historical migration	2026-09-26T13:15:31.2820056Z ##[error]Process completed with exit code 1.
